{"stats":{"minecraft:killed":{"alexsmobs:raccoon":1,"minecraft:spider":7,"alexsmobs:rattlesnake":2,"minecraft:skeleton":6,"alexsmobs:leafcutter_ant":7,"minecraft:husk":9,"alexsmobs:guster":1,"minecraft:iron_golem":1,"minecraft:bat":1,"minecraft:creeper":2,"minecraft:squid":1,"minecraft:sheep":2,"minecraft:zombie":28,"alexsmobs:gazelle":1,"alexsmobs:roadrunner":3,"alexsmobs:rain_frog":1,"minecraft:cow":2},"minecraft:broken":{"minecraft:iron_shovel":2,"minecraft:stone_pickaxe":1,"minecraft:iron_axe":1},"minecraft:picked_up":{"minecraft:crafting_table":5,"alexsmobs:roadrunner_feather":2,"biomesoplenty:jacaranda_sapling":81,"alexsmobs:gazelle_horn":2,"minecraft:string":7,"minecraft:iron_axe":1,"solarcraft:inscription_stone":2,"minecraft:iron_leggings":1,"minecraft:beetroot":9,"solarcraft:ultima_rune_block":2,"minecraft:oak_boat":4,"minecraft:iron_pickaxe":1,"minecraft:light_gray_wool":2,"minecraft:melon_slice":31,"alexsmobs:leafcutter_ant_chamber":2,"minecraft:stick":52,"minecraft:raw_iron":3,"minecraft:acacia_fence":4,"minecraft:torch":27,"minecraft:acacia_log":72,"minecraft:diorite":1,"minecraft:carrot":72,"alexsmobs:leafcutter_ant_pupa":1,"minecraft:yellow_banner":9,"minecraft:arrow":4,"minecraft:cactus":7,"minecraft:rotten_flesh":38,"biomesoplenty:jacaranda_log":169,"biomesoplenty:jacaranda_stairs":13,"minecraft:beetroot_seeds":24,"minecraft:hay_block":77,"minecraft:iron_block":1,"runecraft:rune_b":5,"minecraft:mutton":3,"minecraft:cobblestone":92,"biomesoplenty:lavender":2,"minecraft:feather":4,"minecraft:birch_slab":1,"biomesoplenty:dried_salt":304,"minecraft:leather":1,"alexsmobs:acacia_blossom":3,"minecraft:potato":133,"solarcraft:solar_stone_collumn":4,"minecraft:oak_log":20,"biomesoplenty:jacaranda_planks":44,"scalinghealth:heart_crystal":1,"minecraft:dirt":567,"solarcraft:energy_dust":15,"minecraft:bone":7,"minecraft:apple":1,"minecraft:wheat_seeds":12,"minecraft:iron_ingot":3,"minecraft:stone_pickaxe":1,"solarcraft:empty_crystal":6,"minecraft:acacia_sapling":14,"minecraft:oak_planks":40,"minecraft:book":71,"minecraft:pumpkin":7,"minecraft:spruce_sapling":5,"sophisticatedbackpacks:iron_backpack":1,"minecraft:ink_sac":3,"minecraft:spruce_log":21,"minecraft:cyan_bed":1,"minecraft:spider_eye":3,"minecraft:stone_axe":1,"minecraft:bone_meal":2,"minecraft:bread":17,"alexsmobs:maggot":2,"minecraft:oak_sapling":7,"minecraft:melon_seeds":6,"minecraft:coal":47},"minecraft:mined":{"alexsmobs:leafcutter_anthill":1,"solarcraft:crystal":3,"biomesoplenty:bush":1,"minecraft:acacia_log":7,"minecraft:grass_block":388,"alexsmobs:leafcutter_ant_chamber":1,"biomesoplenty:jacaranda_stairs":13,"biomesoplenty:dried_salt":305,"solarcraft:solar_stone":5,"minecraft:birch_slab":1,"biomesoplenty:dead_grass":1,"biomesoplenty:jacaranda_sapling":15,"minecraft:sandstone":2,"minecraft:hay_block":78,"biomesoplenty:jacaranda_log":16,"minecraft:carrots":19,"minecraft:iron_ore":3,"biomesoplenty:lavender":2,"minecraft:pumpkin":7,"minecraft:bookshelf":24,"minecraft:potatoes":36,"minecraft:vine":1,"minecraft:stone":87,"minecraft:iron_block":1,"biomesoplenty:jacaranda_leaves":3,"minecraft:sandstone_slab":2,"solarcraft:ultima_rune_block":2,"minecraft:glass_pane":1,"minecraft:melon_stem":4,"biomesoplenty:jacaranda_planks":45,"minecraft:yellow_banner":9,"minecraft:crafting_table":4,"minecraft:torch":13,"minecraft:melon":6,"solarcraft:solar_stone_collumn":4,"minecraft:dead_bush":3,"minecraft:rose_bush":1,"minecraft:cobblestone":1,"biomesoplenty:sprout":2,"minecraft:cyan_bed":1,"minecraft:diorite":1,"minecraft:wall_torch":12,"minecraft:cactus":2,"solarcraft:inscription_stone":2,"solarcraft:solar_flower":4,"minecraft:grass":37,"biomesoplenty:clover":1,"minecraft:oak_log":14,"minecraft:coal_ore":47,"minecraft:beetroots":12,"evilcraft:blood_stain":1,"minecraft:acacia_fence":4,"minecraft:dirt":144,"minecraft:sandstone_wall":1},"minecraft:custom":{"minecraft:mob_kills":75,"minecraft:animals_bred":12,"minecraft:interact_with_crafting_table":26,"minecraft:damage_dealt_resisted":422,"minecraft:leave_game":2,"minecraft:time_since_death":140123,"minecraft:climb_one_cm":5883,"minecraft:sprint_one_cm":365491,"minecraft:walk_one_cm":637418,"minecraft:drop":30,"minecraft:damage_dealt_absorbed":80,"minecraft:talked_to_villager":3,"minecraft:play_time":154574,"minecraft:sneak_time":2904,"minecraft:deaths":1,"minecraft:walk_under_water_one_cm":5021,"minecraft:boat_one_cm":104850,"minecraft:jump":3040,"minecraft:walk_on_water_one_cm":5127,"minecraft:total_world_time":154574,"minecraft:interact_with_furnace":3,"minecraft:stove_opened":1,"minecraft:sleep_in_bed":10,"minecraft:time_since_rest":54038,"minecraft:waystone_activated":1,"minecraft:damage_taken":2742,"minecraft:damage_dealt":15055,"minecraft:swim_one_cm":8674,"minecraft:fly_one_cm":586489,"minecraft:crouch_one_cm":9168,"minecraft:open_chest":89,"minecraft:fall_one_cm":88032},"minecraft:dropped":{"minecraft:bread":17,"minecraft:crafting_table":1,"minecraft:feather":2,"minecraft:stick":6,"minecraft:dirt":12,"alexsmobs:roadrunner_feather":1,"alexsmobs:leafcutter_ant_chamber":1,"minecraft:iron_leggings":1,"minecraft:bone":2,"biomesoplenty:dried_salt":3,"minecraft:stone_axe":2,"alexsmobs:gazelle_horn":1,"alexsmobs:animal_dictionary":1,"minecraft:oak_planks":40,"minecraft:iron_boots":1,"minecraft:carrot":7,"patchouli:guide_book":1,"minecraft:oak_sapling":2,"minecraft:acacia_sapling":3,"minecraft:spider_eye":2,"pfm:furniture_book":1,"solarcraft:energy_dust":7,"minecraft:wooden_pickaxe":1,"minecraft:stone_pickaxe":2},"minecraft:killed_by":{"minecraft:player":1},"minecraft:used":{"minecraft:beetroot":9,"minecraft:stone_sword":64,"minecraft:iron_shovel":517,"minecraft:chest":4,"minecraft:iron_sword":222,"minecraft:rotten_flesh":2,"simpletomb:grave_key":1,"minecraft:torch":63,"minecraft:dirt":555,"scalinghealth:heart_crystal":1,"runecraft:rune_b":5,"minecraft:carrot":69,"minecraft:iron_hoe":213,"minecraft:iron_axe":92,"biomesoplenty:jacaranda_log":32,"evilcraft:flesh_humanoid":1,"minecraft:melon_seeds":6,"biomesoplenty:jacaranda_stairs":105,"biomesoplenty:jacaranda_sapling":30,"minecraft:beetroot_seeds":24,"minecraft:acacia_fence":48,"minecraft:potato":82,"minecraft:yellow_banner":9,"biomesoplenty:jacaranda_door":1,"minecraft:water_bucket":2,"minecraft:baked_potato":14,"minecraft:stone_pickaxe":141,"minecraft:wooden_pickaxe":21,"minecraft:crafting_table":5,"biomesoplenty:jacaranda_planks":415,"alexsmobs:leafcutter_ant_pupa":1,"minecraft:apple":1,"minecraft:birch_slab":1,"minecraft:bread":21,"minecraft:cyan_bed":1,"minecraft:iron_pickaxe":305,"biomesoplenty:dried_salt":12,"minecraft:stone_axe":122,"minecraft:acacia_fence_gate":4,"minecraft:cobblestone":73,"minecraft:bucket":2,"minecraft:oak_boat":4,"minecraft:bone_meal":11},"minecraft:crafted":{"minecraft:oak_planks":56,"minecraft:acacia_fence_gate":4,"minecraft:bone_meal":9,"minecraft:iron_hoe":1,"minecraft:stone_pickaxe":2,"minecraft:chest":4,"biomesoplenty:jacaranda_door":3,"minecraft:acacia_fence":144,"biomesoplenty:jacaranda_stairs":90,"minecraft:wheat":612,"biomesoplenty:jacaranda_planks":548,"minecraft:crafting_table":1,"minecraft:wooden_pickaxe":1,"minecraft:baked_potato":13,"minecraft:bucket":1,"minecraft:hay_block":64,"minecraft:stone_axe":2,"minecraft:air":0,"minecraft:oak_boat":1,"minecraft:stick":120,"minecraft:iron_ingot":9,"minecraft:stone_sword":1,"minecraft:iron_shovel":2,"minecraft:acacia_planks":252,"minecraft:torch":36}},"DataVersion":3120}