{"stats":{"minecraft:picked_up":{"minecraft:crafting_table":5,"alexsmobs:roadrunner_feather":1,"biomesoplenty:jacaranda_sapling":5,"alexsmobs:gazelle_horn":2,"minecraft:string":1,"minecraft:iron_axe":1,"solarcraft:inscription_stone":2,"minecraft:iron_leggings":1,"solarcraft:ultima_rune_block":2,"minecraft:oak_boat":4,"minecraft:iron_pickaxe":1,"alexsmobs:leafcutter_ant_chamber":1,"minecraft:raw_iron":3,"minecraft:stick":8,"minecraft:acacia_log":9,"minecraft:torch":17,"minecraft:diorite":1,"minecraft:carrot":71,"alexsmobs:leafcutter_ant_pupa":1,"minecraft:cactus":4,"minecraft:arrow":1,"minecraft:rotten_flesh":15,"biomesoplenty:jacaranda_log":10,"minecraft:hay_block":11,"minecraft:iron_block":1,"runecraft:rune_b":5,"minecraft:cobblestone":92,"biomesoplenty:lavender":2,"minecraft:feather":4,"minecraft:birch_slab":1,"biomesoplenty:dried_salt":1,"minecraft:leather":1,"minecraft:potato":67,"solarcraft:solar_stone_collumn":4,"minecraft:oak_log":14,"scalinghealth:heart_crystal":1,"minecraft:dirt":17,"solarcraft:energy_dust":3,"minecraft:bone":2,"minecraft:apple":1,"minecraft:wheat_seeds":1,"minecraft:stone_pickaxe":1,"minecraft:acacia_sapling":3,"solarcraft:empty_crystal":6,"minecraft:oak_planks":40,"minecraft:book":71,"minecraft:pumpkin":7,"minecraft:ink_sac":3,"minecraft:cyan_bed":1,"minecraft:spider_eye":1,"minecraft:stone_axe":1,"minecraft:bread":17,"minecraft:oak_sapling":2,"minecraft:coal":47},"minecraft:killed_by":{"minecraft:player":1},"minecraft:mined":{"alexsmobs:leafcutter_anthill":1,"solarcraft:crystal":3,"minecraft:grass_block":5,"alexsmobs:leafcutter_ant_chamber":1,"biomesoplenty:dried_salt":1,"solarcraft:solar_stone":5,"minecraft:birch_slab":1,"minecraft:sandstone":2,"minecraft:hay_block":11,"biomesoplenty:jacaranda_log":10,"minecraft:carrots":18,"minecraft:iron_ore":3,"biomesoplenty:lavender":2,"minecraft:pumpkin":7,"minecraft:potatoes":19,"minecraft:bookshelf":24,"minecraft:vine":1,"minecraft:stone":87,"minecraft:iron_block":1,"biomesoplenty:jacaranda_leaves":2,"minecraft:sandstone_slab":2,"solarcraft:ultima_rune_block":2,"minecraft:glass_pane":1,"minecraft:crafting_table":4,"minecraft:torch":6,"solarcraft:solar_stone_collumn":4,"minecraft:rose_bush":1,"minecraft:dead_bush":3,"minecraft:cobblestone":1,"biomesoplenty:sprout":2,"minecraft:cyan_bed":1,"minecraft:diorite":1,"minecraft:wall_torch":11,"minecraft:cactus":2,"solarcraft:inscription_stone":2,"solarcraft:solar_flower":1,"biomesoplenty:clover":1,"minecraft:grass":7,"minecraft:coal_ore":47,"minecraft:oak_log":14,"minecraft:beetroots":2,"minecraft:dirt":12,"minecraft:sandstone_wall":1},"minecraft:custom":{"minecraft:mob_kills":35,"minecraft:interact_with_crafting_table":7,"minecraft:leave_game":2,"minecraft:time_since_death":44063,"minecraft:climb_one_cm":4474,"minecraft:sprint_one_cm":145383,"minecraft:walk_one_cm":172484,"minecraft:drop":24,"minecraft:talked_to_villager":3,"minecraft:play_time":58514,"minecraft:deaths":1,"minecraft:sneak_time":774,"minecraft:walk_under_water_one_cm":5021,"minecraft:boat_one_cm":104850,"minecraft:jump":1057,"minecraft:walk_on_water_one_cm":4378,"minecraft:total_world_time":58514,"minecraft:interact_with_furnace":3,"minecraft:stove_opened":1,"minecraft:sleep_in_bed":2,"minecraft:time_since_rest":6790,"minecraft:waystone_activated":1,"minecraft:damage_taken":1626,"minecraft:damage_dealt":5291,"minecraft:swim_one_cm":8674,"minecraft:fly_one_cm":224367,"minecraft:open_chest":56,"minecraft:crouch_one_cm":1600,"minecraft:fall_one_cm":34771},"minecraft:crafted":{"minecraft:oak_planks":56,"minecraft:stone_pickaxe":2,"biomesoplenty:jacaranda_planks":40,"minecraft:wooden_pickaxe":1,"minecraft:baked_potato":13,"minecraft:stone_axe":1,"minecraft:air":0,"minecraft:oak_boat":1,"minecraft:stick":16,"minecraft:iron_ingot":9,"minecraft:stone_sword":1,"minecraft:torch":36},"minecraft:used":{"minecraft:stone_sword":64,"minecraft:iron_sword":51,"minecraft:rotten_flesh":2,"simpletomb:grave_key":1,"minecraft:torch":21,"minecraft:dirt":5,"scalinghealth:heart_crystal":1,"runecraft:rune_b":5,"minecraft:iron_axe":1,"evilcraft:flesh_humanoid":1,"biomesoplenty:jacaranda_sapling":5,"minecraft:stone_pickaxe":141,"minecraft:baked_potato":12,"minecraft:wooden_pickaxe":21,"minecraft:crafting_table":4,"alexsmobs:leafcutter_ant_pupa":1,"biomesoplenty:jacaranda_planks":40,"minecraft:apple":1,"minecraft:birch_slab":1,"minecraft:bread":2,"minecraft:iron_pickaxe":7,"minecraft:stone_axe":69,"biomesoplenty:dried_salt":1,"minecraft:cobblestone":73,"minecraft:oak_boat":4},"minecraft:broken":{"minecraft:stone_pickaxe":1},"minecraft:killed":{"alexsmobs:raccoon":1,"minecraft:spider":1,"alexsmobs:rattlesnake":2,"minecraft:skeleton":2,"alexsmobs:leafcutter_ant":7,"alexsmobs:guster":1,"minecraft:bat":1,"minecraft:squid":1,"minecraft:zombie":13,"alexsmobs:gazelle":1,"alexsmobs:roadrunner":3,"minecraft:cow":2},"minecraft:dropped":{"minecraft:bread":17,"minecraft:crafting_table":1,"minecraft:feather":2,"minecraft:stick":6,"minecraft:dirt":12,"alexsmobs:roadrunner_feather":1,"minecraft:iron_leggings":1,"minecraft:bone":2,"minecraft:stone_axe":2,"alexsmobs:gazelle_horn":1,"alexsmobs:animal_dictionary":1,"minecraft:oak_planks":40,"minecraft:iron_boots":1,"minecraft:carrot":7,"patchouli:guide_book":1,"minecraft:oak_sapling":2,"minecraft:acacia_sapling":3,"pfm:furniture_book":1,"solarcraft:energy_dust":3,"minecraft:stone_pickaxe":2,"minecraft:wooden_pickaxe":1}},"DataVersion":3120}