{"stats":{"minecraft:killed":{"alexsmobs:raccoon":1,"minecraft:spider":8,"alexsmobs:rattlesnake":2,"minecraft:skeleton":14,"alexsmobs:leafcutter_ant":7,"minecraft:husk":9,"alexsmobs:guster":1,"minecraft:iron_golem":1,"minecraft:bat":1,"minecraft:creeper":3,"minecraft:squid":1,"minecraft:sheep":2,"alexsmobs:cockroach":1,"minecraft:zombie":37,"alexsmobs:gazelle":1,"alexsmobs:roadrunner":3,"alexsmobs:rain_frog":1,"minecraft:cow":2},"minecraft:broken":{"minecraft:iron_shovel":2,"minecraft:stone_pickaxe":1,"minecraft:iron_axe":1,"minecraft:stone_axe":1,"minecraft:iron_sword":1},"minecraft:picked_up":{"minecraft:crafting_table":5,"alexsmobs:roadrunner_feather":2,"biomesoplenty:jacaranda_sapling":87,"alexsmobs:gazelle_horn":2,"minecraft:raw_copper":28,"minecraft:string":8,"minecraft:iron_axe":1,"solarcraft:inscription_stone":2,"minecraft:iron_leggings":1,"minecraft:beetroot":9,"minecraft:cobbled_deepslate":60,"minecraft:beef":3,"solarcraft:ultima_rune_block":2,"minecraft:oak_boat":4,"minecraft:iron_pickaxe":1,"minecraft:light_gray_wool":2,"minecraft:melon_slice":31,"biomesoplenty:hanging_cobweb":1,"alexsmobs:leafcutter_ant_chamber":2,"minecraft:furnace":1,"minecraft:stick":57,"minecraft:raw_iron":76,"minecraft:acacia_fence":11,"minecraft:torch":33,"minecraft:acacia_log":81,"minecraft:diorite":4,"minecraft:carrot":73,"minecraft:redstone":141,"alexsmobs:leafcutter_ant_pupa":1,"minecraft:yellow_banner":9,"minecraft:arrow":13,"minecraft:cactus":7,"minecraft:rotten_flesh":41,"biomesoplenty:jacaranda_log":178,"biomesoplenty:jacaranda_stairs":15,"minecraft:beetroot_seeds":24,"k_turrets:raw_titanium":10,"minecraft:hay_block":77,"minecraft:iron_block":1,"runecraft:rune_b":5,"minecraft:mutton":3,"minecraft:cobblestone":203,"biomesoplenty:lavender":2,"minecraft:feather":4,"minecraft:birch_slab":1,"biomesoplenty:dried_salt":413,"minecraft:andesite":19,"minecraft:leather":3,"alexsmobs:acacia_blossom":5,"minecraft:potato":133,"solarcraft:solar_stone_collumn":4,"minecraft:tuff":3,"minecraft:oak_log":20,"biomesoplenty:jacaranda_planks":44,"scalinghealth:heart_crystal":1,"minecraft:lapis_lazuli":108,"minecraft:dirt":569,"solarcraft:energy_dust":15,"minecraft:bone":17,"minecraft:apple":1,"minecraft:wheat_seeds":12,"alexsmobs:cockroach_wing_fragment":1,"minecraft:raw_gold":4,"minecraft:iron_ingot":3,"minecraft:stone_pickaxe":1,"scalinghealth:power_crystal_shard":1,"solarcraft:empty_crystal":16,"minecraft:acacia_sapling":18,"minecraft:oak_planks":40,"minecraft:book":71,"minecraft:pumpkin":7,"minecraft:sand":10,"minecraft:spruce_sapling":5,"sophisticatedbackpacks:iron_backpack":1,"minecraft:ink_sac":3,"minecraft:spruce_log":21,"minecraft:cyan_bed":1,"minecraft:spider_eye":3,"minecraft:diamond":13,"minecraft:stone_axe":1,"minecraft:granite":28,"minecraft:bone_meal":2,"minecraft:bread":17,"alexsmobs:maggot":2,"minecraft:oak_sapling":7,"minecraft:melon_seeds":6,"minecraft:coal":51},"minecraft:mined":{"minecraft:tuff":3,"minecraft:deepslate_diamond_ore":13,"alexsmobs:leafcutter_anthill":1,"solarcraft:crystal":7,"minecraft:granite":28,"biomesoplenty:bush":1,"minecraft:acacia_log":7,"minecraft:grass_block":389,"alexsmobs:leafcutter_ant_chamber":1,"biomesoplenty:jacaranda_stairs":15,"biomesoplenty:dried_salt":414,"solarcraft:solar_stone":7,"minecraft:birch_slab":1,"biomesoplenty:dead_grass":1,"biomesoplenty:jacaranda_sapling":18,"minecraft:sandstone":2,"minecraft:hay_block":78,"biomesoplenty:jacaranda_log":16,"minecraft:furnace":1,"minecraft:carrots":19,"minecraft:iron_ore":28,"biomesoplenty:lavender":2,"minecraft:andesite":19,"minecraft:pumpkin":7,"minecraft:deepslate_lapis_ore":12,"biomesoplenty:hanging_cobweb":1,"minecraft:deepslate_iron_ore":46,"minecraft:bookshelf":24,"minecraft:potatoes":36,"minecraft:vine":1,"scalinghealth:deepslate_power_crystal_ore":1,"biomesoplenty:webbing":4,"biomesoplenty:spider_egg":1,"minecraft:stone":192,"minecraft:iron_block":1,"minecraft:deepslate_redstone_ore":32,"biomesoplenty:jacaranda_leaves":3,"minecraft:sandstone_slab":2,"solarcraft:ultima_rune_block":2,"minecraft:glass_pane":1,"minecraft:melon_stem":4,"biomesoplenty:jacaranda_planks":45,"minecraft:yellow_banner":9,"minecraft:crafting_table":4,"minecraft:torch":15,"minecraft:melon":6,"solarcraft:solar_stone_collumn":4,"minecraft:dead_bush":3,"minecraft:rose_bush":1,"minecraft:copper_ore":8,"minecraft:cobblestone":8,"minecraft:deepslate_gold_ore":4,"minecraft:lapis_ore":4,"biomesoplenty:sprout":2,"minecraft:cyan_bed":1,"minecraft:diorite":4,"minecraft:wall_torch":15,"minecraft:cactus":2,"solarcraft:inscription_stone":2,"minecraft:acacia_sapling":1,"k_turrets:deepslate_titanium_ore":10,"solarcraft:solar_flower":4,"minecraft:grass":48,"biomesoplenty:clover":1,"minecraft:oak_log":14,"minecraft:coal_ore":51,"minecraft:beetroots":12,"evilcraft:blood_stain":1,"minecraft:acacia_fence":11,"minecraft:sand":10,"minecraft:dirt":145,"biomesoplenty:stringy_cobweb":1,"minecraft:sandstone_wall":1,"minecraft:cobweb":1,"minecraft:deepslate":49},"minecraft:custom":{"minecraft:mob_kills":97,"minecraft:animals_bred":15,"minecraft:interact_with_crafting_table":32,"minecraft:damage_dealt_resisted":422,"minecraft:leave_game":3,"minecraft:time_since_death":196192,"minecraft:climb_one_cm":5883,"minecraft:sprint_one_cm":451370,"minecraft:walk_one_cm":784454,"minecraft:damage_blocked_by_shield":130,"minecraft:drop":30,"minecraft:damage_dealt_absorbed":80,"minecraft:talked_to_villager":3,"minecraft:play_time":210643,"minecraft:sneak_time":5835,"minecraft:deaths":1,"minecraft:walk_under_water_one_cm":5021,"minecraft:boat_one_cm":104850,"minecraft:jump":3787,"minecraft:walk_on_water_one_cm":6296,"minecraft:total_world_time":210643,"minecraft:interact_with_furnace":12,"minecraft:stove_opened":1,"minecraft:sleep_in_bed":10,"minecraft:time_since_rest":110107,"minecraft:waystone_activated":1,"minecraft:damage_taken":3708,"minecraft:damage_dealt":20133,"minecraft:swim_one_cm":8674,"minecraft:fly_one_cm":653259,"minecraft:crouch_one_cm":17647,"minecraft:open_chest":115,"minecraft:fall_one_cm":106933},"minecraft:dropped":{"minecraft:bread":17,"minecraft:crafting_table":1,"minecraft:feather":2,"minecraft:stick":6,"minecraft:dirt":12,"alexsmobs:roadrunner_feather":1,"alexsmobs:leafcutter_ant_chamber":1,"minecraft:iron_leggings":1,"minecraft:bone":2,"biomesoplenty:dried_salt":3,"minecraft:stone_axe":2,"alexsmobs:gazelle_horn":1,"alexsmobs:animal_dictionary":1,"minecraft:oak_planks":40,"minecraft:iron_boots":1,"minecraft:carrot":7,"patchouli:guide_book":1,"minecraft:oak_sapling":2,"minecraft:acacia_sapling":3,"minecraft:spider_eye":2,"pfm:furniture_book":1,"solarcraft:energy_dust":7,"minecraft:wooden_pickaxe":1,"minecraft:stone_pickaxe":2},"minecraft:killed_by":{"minecraft:player":1},"minecraft:used":{"minecraft:beetroot":9,"minecraft:stone_sword":64,"minecraft:iron_shovel":517,"minecraft:shield":2,"minecraft:chest":4,"minecraft:iron_sword":253,"minecraft:rotten_flesh":2,"simpletomb:grave_key":1,"minecraft:torch":140,"minecraft:dirt":555,"scalinghealth:heart_crystal":1,"runecraft:rune_b":5,"minecraft:carrot":70,"minecraft:iron_hoe":213,"minecraft:iron_axe":140,"biomesoplenty:jacaranda_log":32,"evilcraft:flesh_humanoid":1,"minecraft:melon_seeds":6,"biomesoplenty:jacaranda_stairs":131,"biomesoplenty:jacaranda_sapling":45,"minecraft:furnace":4,"minecraft:beetroot_seeds":24,"minecraft:acacia_fence":56,"minecraft:potato":82,"minecraft:cobbled_deepslate":35,"minecraft:yellow_banner":9,"biomesoplenty:jacaranda_door":1,"minecraft:water_bucket":2,"minecraft:diorite":1,"minecraft:baked_potato":14,"minecraft:stone_pickaxe":141,"minecraft:wooden_pickaxe":21,"minecraft:crafting_table":5,"biomesoplenty:jacaranda_planks":415,"alexsmobs:leafcutter_ant_pupa":1,"minecraft:apple":1,"minecraft:birch_slab":1,"minecraft:bread":32,"minecraft:cyan_bed":1,"minecraft:iron_pickaxe":801,"biomesoplenty:dried_salt":22,"minecraft:stone_axe":125,"minecraft:acacia_fence_gate":4,"minecraft:cobblestone":77,"minecraft:bucket":2,"minecraft:oak_boat":4,"minecraft:bone_meal":17},"minecraft:crafted":{"minecraft:oak_planks":56,"minecraft:furnace":3,"minecraft:acacia_fence_gate":4,"minecraft:bone_meal":15,"minecraft:iron_axe":1,"minecraft:iron_hoe":1,"minecraft:stone_pickaxe":2,"minecraft:chest":4,"biomesoplenty:jacaranda_door":3,"minecraft:acacia_fence":144,"biomesoplenty:jacaranda_stairs":114,"minecraft:wheat":693,"biomesoplenty:jacaranda_planks":584,"minecraft:crafting_table":1,"minecraft:wooden_pickaxe":1,"minecraft:baked_potato":13,"minecraft:bucket":1,"minecraft:hay_block":64,"minecraft:stone_axe":2,"minecraft:air":0,"minecraft:oak_boat":1,"minecraft:shield":1,"minecraft:stick":136,"minecraft:iron_pickaxe":4,"minecraft:iron_ingot":18,"minecraft:stone_sword":1,"minecraft:iron_shovel":2,"minecraft:acacia_planks":288,"minecraft:torch":124}},"DataVersion":3120}