{"stats":{"minecraft:picked_up":{"biomesoplenty:lavender":2,"minecraft:stick":4,"minecraft:crafting_table":3,"biomesoplenty:jacaranda_sapling":5,"minecraft:oak_log":14,"minecraft:dirt":9,"minecraft:apple":1,"biomesoplenty:jacaranda_log":10,"minecraft:oak_boat":1,"minecraft:oak_sapling":2,"minecraft:cobblestone":20},"minecraft:mined":{"biomesoplenty:jacaranda_leaves":2,"biomesoplenty:jacaranda_log":10,"minecraft:glass_pane":1,"biomesoplenty:lavender":2,"minecraft:crafting_table":3,"minecraft:grass_block":3,"minecraft:oak_log":14,"minecraft:rose_bush":1,"minecraft:dirt":6,"biomesoplenty:sprout":2,"minecraft:stone":20},"minecraft:custom":{"minecraft:time_since_rest":8695,"minecraft:sprint_one_cm":25686,"minecraft:walk_one_cm":15293,"minecraft:drop":1,"minecraft:interact_with_crafting_table":4,"minecraft:talked_to_villager":1,"minecraft:fly_one_cm":35533,"minecraft:crouch_one_cm":801,"minecraft:play_time":8695,"minecraft:sneak_time":511,"minecraft:boat_one_cm":13560,"minecraft:jump":152,"minecraft:time_since_death":8695,"minecraft:walk_on_water_one_cm":68,"minecraft:climb_one_cm":87,"minecraft:total_world_time":8695,"minecraft:fall_one_cm":5403},"minecraft:dropped":{"minecraft:wooden_pickaxe":1},"minecraft:used":{"minecraft:apple":1,"minecraft:wooden_pickaxe":21,"minecraft:stone_axe":25,"minecraft:crafting_table":2,"minecraft:oak_boat":1},"minecraft:crafted":{"minecraft:oak_boat":1,"minecraft:oak_planks":20,"minecraft:stick":12,"minecraft:wooden_pickaxe":1,"minecraft:stone_pickaxe":1,"minecraft:stone_sword":1,"minecraft:stone_axe":1}},"DataVersion":3120}