{"stats":{"minecraft:picked_up":{"minecraft:crafting_table":5,"alexsmobs:roadrunner_feather":2,"biomesoplenty:jacaranda_sapling":20,"alexsmobs:gazelle_horn":2,"minecraft:string":2,"minecraft:iron_axe":1,"solarcraft:inscription_stone":2,"minecraft:iron_leggings":1,"minecraft:beetroot":9,"solarcraft:ultima_rune_block":2,"minecraft:oak_boat":4,"minecraft:iron_pickaxe":1,"minecraft:melon_slice":31,"alexsmobs:leafcutter_ant_chamber":2,"minecraft:raw_iron":3,"minecraft:stick":14,"minecraft:acacia_log":9,"minecraft:torch":19,"minecraft:diorite":1,"minecraft:carrot":71,"alexsmobs:leafcutter_ant_pupa":1,"minecraft:yellow_banner":2,"minecraft:cactus":7,"minecraft:arrow":4,"minecraft:rotten_flesh":22,"biomesoplenty:jacaranda_log":39,"minecraft:beetroot_seeds":24,"minecraft:hay_block":77,"minecraft:iron_block":1,"runecraft:rune_b":5,"minecraft:cobblestone":92,"biomesoplenty:lavender":2,"minecraft:feather":4,"minecraft:birch_slab":1,"biomesoplenty:dried_salt":29,"minecraft:leather":1,"minecraft:potato":106,"solarcraft:solar_stone_collumn":4,"minecraft:oak_log":14,"biomesoplenty:jacaranda_planks":3,"scalinghealth:heart_crystal":1,"minecraft:dirt":354,"solarcraft:energy_dust":3,"minecraft:bone":5,"minecraft:apple":1,"minecraft:wheat_seeds":8,"minecraft:iron_ingot":3,"minecraft:stone_pickaxe":1,"minecraft:acacia_sapling":3,"solarcraft:empty_crystal":6,"minecraft:oak_planks":40,"minecraft:book":71,"minecraft:pumpkin":7,"minecraft:ink_sac":3,"minecraft:cyan_bed":1,"minecraft:spider_eye":3,"minecraft:stone_axe":1,"minecraft:bone_meal":2,"minecraft:bread":17,"minecraft:oak_sapling":2,"minecraft:melon_seeds":6,"minecraft:coal":47},"minecraft:killed_by":{"minecraft:player":1},"minecraft:mined":{"alexsmobs:leafcutter_anthill":1,"solarcraft:crystal":3,"biomesoplenty:bush":1,"minecraft:grass_block":272,"alexsmobs:leafcutter_ant_chamber":1,"biomesoplenty:dried_salt":29,"solarcraft:solar_stone":5,"minecraft:birch_slab":1,"biomesoplenty:jacaranda_sapling":8,"minecraft:sandstone":2,"minecraft:hay_block":78,"biomesoplenty:jacaranda_log":10,"minecraft:carrots":18,"minecraft:iron_ore":3,"biomesoplenty:lavender":2,"minecraft:pumpkin":7,"minecraft:potatoes":28,"minecraft:bookshelf":24,"minecraft:vine":1,"minecraft:stone":87,"minecraft:iron_block":1,"biomesoplenty:jacaranda_leaves":2,"minecraft:sandstone_slab":2,"solarcraft:ultima_rune_block":2,"minecraft:glass_pane":1,"biomesoplenty:jacaranda_planks":3,"minecraft:melon_stem":4,"minecraft:yellow_banner":2,"minecraft:crafting_table":4,"minecraft:torch":7,"minecraft:melon":6,"solarcraft:solar_stone_collumn":4,"minecraft:rose_bush":1,"minecraft:dead_bush":3,"minecraft:cobblestone":1,"biomesoplenty:sprout":2,"minecraft:cyan_bed":1,"minecraft:diorite":1,"minecraft:wall_torch":12,"minecraft:cactus":2,"solarcraft:inscription_stone":2,"solarcraft:solar_flower":1,"biomesoplenty:clover":1,"minecraft:grass":19,"minecraft:coal_ore":47,"minecraft:oak_log":14,"minecraft:beetroots":12,"evilcraft:blood_stain":1,"minecraft:dirt":83,"minecraft:sandstone_wall":1},"minecraft:custom":{"minecraft:mob_kills":46,"minecraft:animals_bred":1,"minecraft:interact_with_crafting_table":17,"minecraft:leave_game":2,"minecraft:time_since_death":80063,"minecraft:climb_one_cm":4866,"minecraft:sprint_one_cm":218415,"minecraft:walk_one_cm":350052,"minecraft:drop":27,"minecraft:talked_to_villager":3,"minecraft:play_time":94514,"minecraft:deaths":1,"minecraft:sneak_time":1083,"minecraft:walk_under_water_one_cm":5021,"minecraft:boat_one_cm":104850,"minecraft:jump":1750,"minecraft:walk_on_water_one_cm":4726,"minecraft:total_world_time":94514,"minecraft:interact_with_furnace":3,"minecraft:stove_opened":1,"minecraft:sleep_in_bed":9,"minecraft:time_since_rest":16382,"minecraft:waystone_activated":1,"minecraft:damage_taken":1837,"minecraft:damage_dealt":8394,"minecraft:swim_one_cm":8674,"minecraft:fly_one_cm":373249,"minecraft:open_chest":65,"minecraft:crouch_one_cm":2020,"minecraft:fall_one_cm":55831},"minecraft:crafted":{"minecraft:oak_planks":56,"minecraft:bone_meal":9,"minecraft:iron_hoe":1,"minecraft:stone_pickaxe":2,"minecraft:chest":4,"biomesoplenty:jacaranda_stairs":4,"minecraft:wheat":612,"biomesoplenty:jacaranda_planks":108,"minecraft:crafting_table":1,"minecraft:wooden_pickaxe":1,"minecraft:baked_potato":13,"minecraft:bucket":1,"minecraft:hay_block":64,"minecraft:stone_axe":1,"minecraft:air":0,"minecraft:oak_boat":1,"minecraft:stick":24,"minecraft:iron_ingot":9,"minecraft:iron_shovel":2,"minecraft:stone_sword":1,"minecraft:torch":36},"minecraft:used":{"minecraft:beetroot":9,"minecraft:stone_sword":64,"minecraft:iron_shovel":340,"minecraft:chest":4,"minecraft:iron_sword":106,"minecraft:rotten_flesh":2,"simpletomb:grave_key":1,"minecraft:torch":36,"minecraft:dirt":238,"scalinghealth:heart_crystal":1,"runecraft:rune_b":5,"minecraft:carrot":69,"minecraft:iron_hoe":213,"minecraft:iron_axe":40,"evilcraft:flesh_humanoid":1,"minecraft:melon_seeds":6,"biomesoplenty:jacaranda_stairs":1,"biomesoplenty:jacaranda_sapling":16,"minecraft:beetroot_seeds":24,"minecraft:potato":81,"minecraft:water_bucket":2,"minecraft:yellow_banner":2,"minecraft:stone_pickaxe":141,"minecraft:baked_potato":14,"minecraft:wooden_pickaxe":21,"minecraft:crafting_table":5,"alexsmobs:leafcutter_ant_pupa":1,"biomesoplenty:jacaranda_planks":104,"minecraft:apple":1,"minecraft:birch_slab":1,"minecraft:cyan_bed":1,"minecraft:bread":2,"minecraft:iron_pickaxe":34,"minecraft:stone_axe":69,"biomesoplenty:dried_salt":1,"minecraft:cobblestone":73,"minecraft:bucket":2,"minecraft:oak_boat":4,"minecraft:bone_meal":11},"minecraft:broken":{"minecraft:iron_shovel":1,"minecraft:stone_pickaxe":1},"minecraft:killed":{"alexsmobs:raccoon":1,"minecraft:spider":2,"alexsmobs:rattlesnake":2,"minecraft:skeleton":4,"alexsmobs:leafcutter_ant":7,"minecraft:husk":2,"alexsmobs:guster":1,"minecraft:iron_golem":1,"minecraft:bat":1,"minecraft:creeper":1,"minecraft:squid":1,"minecraft:zombie":17,"alexsmobs:gazelle":1,"alexsmobs:roadrunner":3,"minecraft:cow":2},"minecraft:dropped":{"minecraft:bread":17,"minecraft:crafting_table":1,"minecraft:feather":2,"minecraft:stick":6,"minecraft:dirt":12,"alexsmobs:roadrunner_feather":1,"alexsmobs:leafcutter_ant_chamber":1,"minecraft:iron_leggings":1,"minecraft:bone":2,"minecraft:stone_axe":2,"alexsmobs:gazelle_horn":1,"alexsmobs:animal_dictionary":1,"minecraft:oak_planks":40,"minecraft:iron_boots":1,"minecraft:carrot":7,"patchouli:guide_book":1,"minecraft:oak_sapling":2,"minecraft:acacia_sapling":3,"minecraft:spider_eye":2,"pfm:furniture_book":1,"solarcraft:energy_dust":3,"minecraft:stone_pickaxe":2,"minecraft:wooden_pickaxe":1}},"DataVersion":3120}