{"stats":{"minecraft:killed":{"minecraft:skeleton":1,"minecraft:zombie":3,"alexsmobs:leafcutter_ant":4,"alexsmobs:raccoon":1,"minecraft:squid":1},"minecraft:picked_up":{"biomesoplenty:lavender":2,"minecraft:stick":4,"minecraft:crafting_table":3,"minecraft:potato":4,"solarcraft:solar_stone_collumn":4,"biomesoplenty:jacaranda_sapling":5,"minecraft:oak_log":14,"minecraft:ink_sac":3,"alexsmobs:leafcutter_ant_pupa":1,"minecraft:bone":2,"minecraft:arrow":1,"minecraft:dirt":9,"solarcraft:inscription_stone":2,"minecraft:rotten_flesh":2,"minecraft:apple":1,"biomesoplenty:jacaranda_log":10,"solarcraft:ultima_rune_block":2,"minecraft:oak_boat":3,"runecraft:rune_b":5,"minecraft:oak_sapling":2,"minecraft:cobblestone":20},"minecraft:mined":{"biomesoplenty:jacaranda_leaves":2,"solarcraft:ultima_rune_block":2,"biomesoplenty:jacaranda_log":10,"solarcraft:inscription_stone":2,"minecraft:glass_pane":1,"biomesoplenty:lavender":2,"minecraft:crafting_table":3,"minecraft:grass":1,"biomesoplenty:clover":1,"minecraft:potatoes":1,"minecraft:grass_block":3,"minecraft:oak_log":14,"solarcraft:solar_stone_collumn":4,"minecraft:rose_bush":1,"minecraft:dirt":6,"biomesoplenty:sprout":2,"minecraft:stone":20},"minecraft:custom":{"minecraft:time_since_rest":6269,"minecraft:damage_taken":710,"minecraft:sprint_one_cm":61007,"minecraft:walk_one_cm":44904,"minecraft:mob_kills":10,"minecraft:drop":2,"minecraft:damage_dealt":1642,"minecraft:stove_opened":1,"minecraft:swim_one_cm":6253,"minecraft:interact_with_crafting_table":4,"minecraft:talked_to_villager":1,"minecraft:fly_one_cm":80016,"minecraft:open_chest":7,"minecraft:crouch_one_cm":1142,"minecraft:play_time":20695,"minecraft:deaths":1,"minecraft:sneak_time":599,"minecraft:walk_under_water_one_cm":2691,"minecraft:boat_one_cm":93463,"minecraft:jump":365,"minecraft:time_since_death":6244,"minecraft:walk_on_water_one_cm":3203,"minecraft:climb_one_cm":759,"minecraft:total_world_time":20695,"minecraft:fall_one_cm":11399},"minecraft:dropped":{"minecraft:iron_boots":1,"minecraft:wooden_pickaxe":1},"minecraft:killed_by":{"minecraft:player":1},"minecraft:used":{"minecraft:stone_sword":39,"minecraft:apple":1,"minecraft:stone_pickaxe":8,"minecraft:baked_potato":2,"minecraft:wooden_pickaxe":21,"simpletomb:grave_key":1,"minecraft:rotten_flesh":2,"minecraft:stone_axe":29,"minecraft:crafting_table":2,"runecraft:rune_b":5,"minecraft:oak_boat":4},"minecraft:crafted":{"minecraft:oak_boat":1,"minecraft:oak_planks":56,"minecraft:stick":12,"minecraft:baked_potato":13,"minecraft:wooden_pickaxe":1,"minecraft:stone_pickaxe":1,"minecraft:stone_sword":1,"minecraft:stone_axe":1,"minecraft:air":0}},"DataVersion":3120}