{"stats":{"minecraft:picked_up":{"biomesoplenty:lavender":2,"minecraft:crafting_table":5,"minecraft:feather":2,"minecraft:leather":1,"minecraft:potato":67,"solarcraft:solar_stone_collumn":4,"biomesoplenty:jacaranda_sapling":5,"minecraft:oak_log":14,"alexsmobs:gazelle_horn":1,"minecraft:dirt":17,"minecraft:iron_axe":1,"solarcraft:inscription_stone":2,"minecraft:iron_leggings":1,"minecraft:bone":2,"minecraft:apple":1,"minecraft:wheat_seeds":1,"solarcraft:ultima_rune_block":2,"minecraft:stone_pickaxe":1,"minecraft:oak_boat":4,"minecraft:iron_pickaxe":1,"solarcraft:empty_crystal":6,"minecraft:acacia_sapling":3,"alexsmobs:leafcutter_ant_chamber":1,"minecraft:book":71,"minecraft:stick":8,"minecraft:raw_iron":2,"minecraft:pumpkin":7,"minecraft:torch":12,"minecraft:acacia_log":9,"minecraft:ink_sac":3,"minecraft:diorite":1,"minecraft:cyan_bed":1,"minecraft:carrot":34,"alexsmobs:leafcutter_ant_pupa":1,"minecraft:arrow":1,"minecraft:cactus":4,"minecraft:rotten_flesh":2,"biomesoplenty:jacaranda_log":10,"minecraft:stone_axe":1,"minecraft:iron_block":1,"minecraft:bread":17,"runecraft:rune_b":5,"minecraft:oak_sapling":2,"minecraft:coal":47,"minecraft:cobblestone":91},"minecraft:killed_by":{"minecraft:player":1},"minecraft:mined":{"biomesoplenty:jacaranda_leaves":2,"solarcraft:ultima_rune_block":2,"minecraft:glass_pane":1,"alexsmobs:leafcutter_anthill":1,"solarcraft:crystal":3,"minecraft:crafting_table":4,"minecraft:torch":3,"minecraft:grass_block":5,"solarcraft:solar_stone_collumn":4,"minecraft:dead_bush":3,"minecraft:rose_bush":1,"alexsmobs:leafcutter_ant_chamber":1,"solarcraft:solar_stone":5,"biomesoplenty:sprout":2,"minecraft:cyan_bed":1,"minecraft:diorite":1,"minecraft:sandstone":2,"minecraft:wall_torch":9,"minecraft:cactus":2,"biomesoplenty:jacaranda_log":10,"solarcraft:inscription_stone":2,"minecraft:carrots":9,"minecraft:iron_ore":2,"biomesoplenty:lavender":2,"minecraft:pumpkin":7,"minecraft:grass":5,"biomesoplenty:clover":1,"minecraft:bookshelf":24,"minecraft:oak_log":14,"minecraft:potatoes":19,"minecraft:coal_ore":47,"minecraft:beetroots":2,"minecraft:dirt":12,"minecraft:sandstone_wall":1,"minecraft:stone":87,"minecraft:iron_block":1},"minecraft:custom":{"minecraft:mob_kills":23,"minecraft:interact_with_crafting_table":6,"minecraft:stove_opened":1,"minecraft:leave_game":2,"minecraft:time_since_death":32063,"minecraft:sleep_in_bed":1,"minecraft:climb_one_cm":1860,"minecraft:time_since_rest":8557,"minecraft:damage_taken":1275,"minecraft:sprint_one_cm":100214,"minecraft:walk_one_cm":123032,"minecraft:drop":17,"minecraft:damage_dealt":2851,"minecraft:swim_one_cm":7733,"minecraft:talked_to_villager":1,"minecraft:fly_one_cm":177032,"minecraft:play_time":46514,"minecraft:open_chest":26,"minecraft:crouch_one_cm":1600,"minecraft:deaths":1,"minecraft:sneak_time":774,"minecraft:walk_under_water_one_cm":4614,"minecraft:boat_one_cm":104850,"minecraft:jump":801,"minecraft:walk_on_water_one_cm":3547,"minecraft:total_world_time":46514,"minecraft:fall_one_cm":26146},"minecraft:crafted":{"minecraft:oak_planks":56,"minecraft:wooden_pickaxe":1,"minecraft:baked_potato":13,"minecraft:stone_axe":1,"minecraft:air":0,"minecraft:oak_boat":1,"minecraft:iron_ingot":9,"minecraft:stick":16,"minecraft:stone_pickaxe":2,"minecraft:stone_sword":1,"minecraft:torch":36},"minecraft:used":{"minecraft:stone_sword":64,"minecraft:stone_pickaxe":141,"minecraft:baked_potato":5,"minecraft:wooden_pickaxe":21,"minecraft:iron_sword":4,"minecraft:rotten_flesh":2,"simpletomb:grave_key":1,"minecraft:torch":10,"minecraft:dirt":5,"minecraft:crafting_table":4,"runecraft:rune_b":5,"alexsmobs:leafcutter_ant_pupa":1,"minecraft:apple":1,"minecraft:bread":2,"minecraft:iron_pickaxe":3,"evilcraft:flesh_humanoid":1,"minecraft:stone_axe":69,"minecraft:oak_boat":4},"minecraft:broken":{"minecraft:stone_pickaxe":1},"minecraft:killed":{"alexsmobs:guster":1,"alexsmobs:raccoon":1,"minecraft:bat":1,"alexsmobs:rattlesnake":2,"minecraft:squid":1,"minecraft:skeleton":1,"minecraft:zombie":4,"alexsmobs:leafcutter_ant":7,"alexsmobs:gazelle":1,"alexsmobs:roadrunner":2,"minecraft:cow":2},"minecraft:dropped":{"minecraft:bread":17,"minecraft:stone_axe":2,"alexsmobs:animal_dictionary":1,"minecraft:crafting_table":1,"minecraft:iron_boots":1,"patchouli:guide_book":1,"minecraft:stick":6,"minecraft:dirt":12,"minecraft:acacia_sapling":3,"minecraft:oak_sapling":2,"minecraft:iron_leggings":1,"pfm:furniture_book":1,"minecraft:stone_pickaxe":2,"minecraft:wooden_pickaxe":1,"minecraft:bone":2}},"DataVersion":3120}