{"stats":{"minecraft:broken":{"minecraft:iron_shovel":2,"minecraft:iron_boots":1,"minecraft:iron_chestplate":1,"minecraft:iron_leggings":2,"minecraft:stone_pickaxe":1,"minecraft:stone_axe":1,"minecraft:iron_sword":2,"minecraft:golden_hoe":1,"minecraft:iron_axe":6,"minecraft:iron_pickaxe":6,"minecraft:iron_helmet":2},"minecraft:killed":{"minecraft:spider":33,"minecraft:skeleton":61,"alexsmobs:leafcutter_ant":7,"alexsmobs:kangaroo":9,"minecraft:zombie_villager":2,"alexsmobs:seal":5,"minecraft:iron_golem":1,"minecraft:creeper":6,"minecraft:sheep":3,"minecraft:pillager":17,"minecraft:goat":1,"minecraft:zombie":87,"alexsmobs:rain_frog":1,"alexsmobs:roadrunner":3,"alexsmobs:fly":1,"minecraft:cow":15,"alexsmobs:raccoon":3,"alexsmobs:seagull":1,"minecraft:slime":5,"alexsmobs:rattlesnake":2,"minecraft:phantom":1,"minecraft:husk":25,"alexsmobs:guster":4,"minecraft:bat":1,"aquaculture:jellyfish":1,"minecraft:squid":1,"k_turrets:bullet_turret":1,"alexsmobs:crocodile":1,"alexsmobs:cockroach":1,"alexsmobs:gazelle":6,"alexsmobs:crow":2,"minecraft:enderman":1},"minecraft:killed_by":{"minecraft:player":1,"minecraft:iron_golem":1},"minecraft:mined":{"biomesoplenty:glowshroom":16,"minecraft:white_bed":4,"minecraft:sculk_vein":1,"alexsmobs:leafcutter_anthill":1,"biomesoplenty:brimstone":1,"minecraft:brewing_stand":3,"minecraft:obsidian":20,"minecraft:granite":42,"minecraft:acacia_log":8,"minecraft:grass_block":415,"biomesoplenty:jacaranda_stairs":122,"minecraft:coal_block":8,"biomesoplenty:dried_salt":471,"solarcraft:solar_stone":22,"minecraft:composter":2,"minecraft:sandstone_stairs":41,"minecraft:tall_seagrass":1,"minecraft:raw_iron_block":1,"minecraft:glowstone":1,"minecraft:iron_ore":176,"minecraft:cobbled_deepslate":23,"minecraft:fire":1,"biomesoplenty:lavender":2,"biomesoplenty:redwood_fence":3,"minecraft:pumpkin":7,"minecraft:deepslate_lapis_ore":38,"minecraft:fletching_table":1,"minecraft:brown_bed":1,"biomesoplenty:hanging_cobweb":1,"scalinghealth:deepslate_power_crystal_ore":10,"biomesoplenty:webbing":4,"colossalchests:chest_wall_wood":10,"biomesoplenty:jacaranda_trapdoor":3,"minecraft:iron_block":1,"minecraft:green_bed":1,"minecraft:orange_bed":1,"minecraft:deepslate_redstone_ore":86,"biomesoplenty:jacaranda_leaves":13,"minecraft:sandstone_slab":4,"minecraft:cut_sandstone":21,"biomesoplenty:glowing_moss_carpet":3,"minecraft:melon_stem":4,"biomesoplenty:jacaranda_planks":383,"minecraft:smoker":1,"biomesoplenty:jacaranda_slab":6,"minecraft:amethyst_cluster":3,"minecraft:yellow_banner":9,"minecraft:clay":1,"minecraft:torch":36,"minecraft:blast_furnace":1,"minecraft:melon":7,"minecraft:chest":12,"minecraft:dead_bush":4,"minecraft:glass":5,"minecraft:cobblestone":67,"minecraft:cyan_bed":4,"minecraft:sugar_cane":5,"minecraft:grindstone":2,"minecraft:iron_door":1,"solarcraft:runic_planks":1,"minecraft:wall_torch":60,"minecraft:seagrass":1,"minecraft:stone_stairs":1,"minecraft:acacia_sapling":1,"evilcraft:dark_ore_deepslate":24,"minecraft:lilac":1,"biomesoplenty:maple_sapling":3,"minecraft:grass":96,"biomesoplenty:clover":2,"minecraft:oak_log":14,"minecraft:beetroots":12,"minecraft:dark_oak_sapling":1,"minecraft:acacia_fence":11,"minecraft:loom":1,"minecraft:sand":440,"minecraft:dirt":164,"minecraft:sandstone_wall":1,"solarcraft:magistone":11,"minecraft:stonecutter":1,"minecraft:oak_leaves":4,"minecraft:deepslate":711,"evilcraft:hardened_blood":2,"biomesoplenty:glowing_moss_block":21,"minecraft:tuff":58,"minecraft:yellow_wall_banner":2,"scalinghealth:power_crystal_ore":1,"evilcraft:dark_tank":2,"minecraft:deepslate_diamond_ore":42,"solarcraft:crystal":9,"minecraft:dark_oak_fence":6,"biomesoplenty:bush":16,"alexsmobs:leafcutter_ant_chamber":1,"minecraft:birch_slab":1,"biomesoplenty:dead_grass":3,"minecraft:sandstone":61,"biomesoplenty:jacaranda_sapling":27,"minecraft:hay_block":137,"biomesoplenty:jacaranda_log":70,"minecraft:redstone_ore":5,"minecraft:spruce_sapling":3,"minecraft:furnace":11,"minecraft:carrots":138,"minecraft:chiseled_sandstone":14,"evilcraft:box_of_eternal_closure":1,"minecraft:andesite":43,"evilcraft:dark_ore":3,"minecraft:peony":3,"minecraft:gold_block":1,"minecraft:bookshelf":34,"minecraft:potatoes":167,"minecraft:deepslate_iron_ore":220,"minecraft:cobblestone_slab":2,"minecraft:vine":1,"minecraft:stripped_acacia_log":1,"biomesoplenty:spider_egg":1,"minecraft:stone":915,"scalinghealth:heart_crystal_ore":2,"solarcraft:ultima_rune_block":2,"minecraft:glass_pane":1,"minecraft:crafting_table":25,"solarcraft:solar_stone_collumn":4,"minecraft:rose_bush":1,"minecraft:campfire":2,"minecraft:copper_ore":8,"minecraft:tall_grass":4,"minecraft:lapis_ore":11,"biomesoplenty:sprout":2,"minecraft:deepslate_gold_ore":68,"minecraft:sculk":20,"minecraft:diorite":12,"minecraft:spruce_stairs":2,"minecraft:purple_bed":1,"minecraft:cactus":2,"solarcraft:inscription_stone":2,"minecraft:beehive":1,"k_turrets:deepslate_titanium_ore":36,"solarcraft:solar_flower":4,"minecraft:yellow_bed":2,"k_turrets:titanium_ore":78,"minecraft:coal_ore":213,"evilcraft:blood_stain":2,"minecraft:gravel":25,"minecraft:dripstone_block":7,"biomesoplenty:stringy_cobweb":1,"minecraft:cobweb":1,"biomesoplenty:redwood_sapling":1,"minecraft:stone_bricks":2,"minecraft:gold_ore":9,"minecraft:fern":1},"minecraft:crafted":{"minecraft:smooth_stone":3,"minecraft:oak_planks":172,"biomesoplenty:cherry_planks":60,"minecraft:cobblestone_slab":12,"minecraft:dark_oak_boat":1,"minecraft:stone":12,"securitycraft:keypad_item":1,"k_turrets:titanium_ingot":108,"minecraft:bookshelf":29,"minecraft:heavy_weighted_pressure_plate":1,"colossalchests:chest_wall_wood":2,"securitycraft:laser_block":1,"minecraft:glass":128,"minecraft:iron_boots":2,"minecraft:bow":8,"evilcraft:blood_extractor":1,"minecraft:chest":28,"minecraft:acacia_fence":144,"biomesoplenty:jacaranda_trapdoor":2,"biomesoplenty:jacaranda_stairs":398,"scalinghealth:power_crystal":3,"biomesoplenty:cherry_fence":24,"minecraft:item_frame":8,"biomesoplenty:jacaranda_planks":1660,"minecraft:crafting_table":3,"minecraft:spruce_planks":128,"minecraft:iron_helmet":3,"minecraft:wooden_pickaxe":1,"minecraft:baked_potato":245,"minecraft:copper_ingot":24,"minecraft:hay_block":64,"biomesoplenty:jacaranda_slab":108,"minecraft:dispenser":6,"solarcraft:runic_planks":20,"minecraft:iron_chestplate":2,"minecraft:diamond_pickaxe":1,"minecraft:charcoal":120,"minecraft:shield":1,"minecraft:stick":216,"minecraft:iron_ingot":391,"minecraft:iron_pickaxe":18,"minecraft:sandstone":72,"minecraft:iron_block":8,"minecraft:stone_sword":1,"minecraft:gold_ingot":86,"minecraft:redstone_torch":5,"minecraft:sandstone_stairs":4,"securitycraft:universal_block_reinforcer_lvl1":1,"evilcraft:dark_spike":16,"minecraft:raw_iron":9,"securitycraft:sentry":2,"minecraft:leather_boots":1,"minecraft:iron_nugget":9,"minecraft:acacia_fence_gate":4,"minecraft:furnace":9,"minecraft:stone_button":8,"minecraft:blast_furnace":1,"minecraft:bone_meal":33,"minecraft:glass_pane":8,"minecraft:flint_and_steel":1,"evilcraft:dark_block":2,"minecraft:iron_axe":7,"minecraft:ladder":27,"minecraft:iron_hoe":1,"minecraft:stone_pickaxe":2,"biomesoplenty:jacaranda_door":3,"minecraft:redstone_block":1,"minecraft:dark_oak_planks":40,"minecraft:wheat":747,"securitycraft:portable_radar":5,"minecraft:crossbow":1,"minecraft:diamond_sword":1,"evilcraft:dark_tank":1,"biomesoplenty:jacaranda_boat":1,"minecraft:enchanting_table":1,"biomesoplenty:redwood_planks":48,"biomesoplenty:redwood_fence":3,"alexsmobs:cooked_kangaroo_meat":15,"minecraft:iron_sword":6,"scalinghealth:heart_crystal":1,"minecraft:bucket":2,"minecraft:stone_axe":2,"minecraft:air":0,"minecraft:oak_boat":2,"minecraft:white_wool":3,"minecraft:gold_nugget":9,"minecraft:iron_shovel":9,"minecraft:iron_leggings":2,"minecraft:white_bed":1,"minecraft:acacia_planks":292,"minecraft:torch":320,"k_turrets:bullet_turret_item":1},"minecraft:custom":{"minecraft:animals_bred":51,"minecraft:interact_with_crafting_table":185,"minecraft:open_barrel":5,"minecraft:leave_game":13,"minecraft:time_since_death":335266,"minecraft:damage_resisted":94,"minecraft:sprint_one_cm":1747404,"minecraft:damage_blocked_by_shield":1037,"minecraft:drop":45,"minecraft:talked_to_villager":3,"minecraft:play_time":821053,"minecraft:deaths":2,"minecraft:jump":14392,"minecraft:interact_with_brewingstand":1,"minecraft:enchant_item":1,"minecraft:walk_on_water_one_cm":120628,"minecraft:interact_with_furnace":149,"minecraft:interact_with_loom":4,"minecraft:stove_opened":5,"minecraft:sleep_in_bed":24,"minecraft:waystone_activated":7,"minecraft:damage_dealt":73541,"minecraft:crouch_one_cm":136389,"minecraft:interact_with_smoker":5,"minecraft:horse_one_cm":17680,"minecraft:mob_kills":314,"minecraft:damage_dealt_resisted":946,"minecraft:climb_one_cm":26381,"minecraft:walk_one_cm":2309279,"minecraft:damage_dealt_absorbed":120,"minecraft:sneak_time":46990,"minecraft:walk_under_water_one_cm":44908,"minecraft:boat_one_cm":233559,"minecraft:interact_with_blast_furnace":20,"minecraft:drawer_searched":1,"minecraft:total_world_time":821053,"minecraft:interact_with_grindstone":2,"minecraft:time_since_rest":52899,"minecraft:damage_taken":15470,"minecraft:swim_one_cm":65496,"minecraft:fly_one_cm":2408325,"minecraft:open_chest":832,"minecraft:fall_one_cm":419060},"minecraft:used":{"minecraft:beetroot":9,"minecraft:iron_shovel":1037,"minecraft:ladder":24,"minecraft:chest":32,"minecraft:shield":18,"minecraft:iron_sword":1195,"minecraft:rotten_flesh":3,"minecraft:iron_chestplate":1,"securitycraft:keypad_item":1,"biomesoplenty:redwood_fence":3,"minecraft:carrot":219,"minecraft:acacia_sapling":3,"minecraft:obsidian":14,"minecraft:milk_bucket":1,"minecraft:glass":57,"minecraft:stone_bricks":2,"minecraft:item_frame":9,"biomesoplenty:jacaranda_sapling":87,"minecraft:bow":34,"minecraft:dark_oak_boat":2,"minecraft:oak_sapling":5,"minecraft:furnace":19,"minecraft:beetroot_seeds":24,"minecraft:acacia_fence":56,"k_turrets:bullet_turret_item":1,"minecraft:potato":211,"minecraft:diorite":4,"pfm:runic_solarcraft_yellow_classic_bed":2,"minecraft:stone_pickaxe":141,"minecraft:wooden_pickaxe":21,"minecraft:sandstone":123,"colossalchests:chest_wall_wood":10,"solarcraft:runic_planks":1,"minecraft:golden_hoe":32,"minecraft:sand":8,"minecraft:loom":1,"minecraft:blast_furnace":2,"biomesoplenty:jacaranda_planks":989,"minecraft:chiseled_sandstone":13,"minecraft:birch_slab":1,"minecraft:bread":83,"minecraft:cyan_bed":4,"biomesoplenty:jacaranda_boat":1,"minecraft:gravel":8,"biomesoplenty:dried_salt":115,"minecraft:grindstone":2,"biomesoplenty:pink_cherry_sapling":3,"minecraft:andesite":5,"minecraft:oak_boat":6,"minecraft:bone_meal":23,"waystones:sandy_waystone":1,"minecraft:enchanting_table":1,"biomesoplenty:brimstone":1,"minecraft:stone_sword":64,"minecraft:flint_and_steel":6,"simpletomb:grave_key":2,"minecraft:torch":356,"minecraft:dirt":623,"scalinghealth:heart_crystal":5,"runecraft:rune_b":5,"alexsmobs:cooked_kangaroo_meat":1,"biomesoplenty:jacaranda_slab":93,"minecraft:granite":5,"minecraft:iron_hoe":213,"minecraft:dark_oak_planks":10,"minecraft:bookshelf":25,"minecraft:iron_axe":927,"minecraft:iron_boots":1,"evilcraft:box_of_eternal_closure":1,"scalinghealth:power_crystal":3,"biomesoplenty:jacaranda_log":256,"evilcraft:flesh_humanoid":1,"minecraft:melon_seeds":6,"biomesoplenty:jacaranda_stairs":446,"securitycraft:sentry":2,"minecraft:cobbled_deepslate":186,"minecraft:yellow_banner":11,"biomesoplenty:jacaranda_door":1,"minecraft:water_bucket":84,"minecraft:sandstone_stairs":45,"minecraft:baked_potato":125,"minecraft:cut_sandstone":21,"scalinghealth:chance_heart":2,"minecraft:fletching_table":1,"minecraft:stonecutter":1,"minecraft:cobblestone_slab":13,"minecraft:crafting_table":27,"minecraft:white_bed":5,"minecraft:smoker":1,"alexsmobs:leafcutter_ant_pupa":1,"biomesoplenty:jacaranda_trapdoor":3,"minecraft:diamond_pickaxe":22,"minecraft:apple":2,"biomesoplenty:cherry_fence":16,"minecraft:iron_pickaxe":3538,"minecraft:spruce_sapling":3,"minecraft:acacia_fence_gate":4,"minecraft:stone_axe":125,"minecraft:cobblestone":644,"evilcraft:dark_tank":3,"minecraft:sandstone_slab":1,"minecraft:bucket":85},"minecraft:dropped":{"biomesoplenty:hanging_cobweb":1,"minecraft:crafting_table":1,"minecraft:crossbow":1,"minecraft:dirt":12,"alexsmobs:roadrunner_feather":1,"minecraft:dark_oak_fence":1,"minecraft:gold_nugget":4,"minecraft:bone":2,"minecraft:stone_axe":2,"alexsmobs:gazelle_horn":1,"minecraft:iron_nugget":1,"alexsmobs:animal_dictionary":1,"minecraft:oak_planks":40,"minecraft:stone_stairs":1,"minecraft:carrot":7,"patchouli:guide_book":1,"minecraft:acacia_sapling":3,"solarcraft:energy_dust":7,"minecraft:bread":17,"minecraft:wheat_seeds":3,"minecraft:feather":2,"minecraft:stick":6,"alexsmobs:leafcutter_ant_chamber":1,"minecraft:iron_leggings":1,"minecraft:dead_bush":6,"minecraft:iron_axe":1,"biomesoplenty:dried_salt":3,"minecraft:iron_boots":1,"minecraft:cobblestone_slab":1,"minecraft:shield":1,"minecraft:oak_sapling":5,"minecraft:spider_eye":2,"pfm:furniture_book":1,"minecraft:stone_pickaxe":2,"minecraft:wooden_pickaxe":1},"minecraft:picked_up":{"minecraft:wheat":16,"minecraft:brown_bed":1,"minecraft:enchanted_book":1,"minecraft:brewing_stand":3,"pfm:stone_kitchen_wall_counter":12,"alexsmobs:gazelle_horn":5,"minecraft:string":35,"minecraft:raw_copper":28,"solarcraft:inscription_stone":2,"minecraft:iron_leggings":1,"minecraft:experience_bottle":1,"minecraft:beetroot":9,"biomesoplenty:brimstone":1,"minecraft:gold_nugget":2,"minecraft:cobbled_deepslate":746,"minecraft:cobblestone_slab":3,"minecraft:iron_pickaxe":1,"alexsmobs:raccoon_tail":1,"minecraft:melon_slice":36,"minecraft:coal_block":8,"minecraft:furnace":11,"alexsmobs:leafcutter_ant_chamber":2,"minecraft:beehive":1,"minecraft:stick":245,"minecraft:acacia_fence":11,"minecraft:composter":2,"minecraft:acacia_log":107,"minecraft:torch":111,"minecraft:green_bed":1,"minecraft:spruce_stairs":2,"solarcraft:solar_stone":14,"minecraft:diorite":12,"minecraft:warped_button":1,"minecraft:yellow_banner":11,"minecraft:orange_bed":1,"evilcraft:box_of_eternal_closure":1,"minecraft:cactus":28,"minecraft:rotten_flesh":111,"biomesoplenty:redwood_fence":3,"minecraft:iron_block":1,"runecraft:rune_b":5,"biomesoplenty:pink_cherry_sapling":3,"minecraft:obsidian":20,"minecraft:cobblestone":988,"biomesoplenty:lavender":2,"minecraft:feather":5,"minecraft:lilac":1,"minecraft:birch_slab":1,"minecraft:iron_door":1,"minecraft:water_bucket":1,"biomesoplenty:dried_salt":517,"minecraft:andesite":43,"minecraft:dark_oak_boat":2,"minecraft:smoker":1,"biomesoplenty:glowshroom":16,"minecraft:potato":596,"minecraft:flint":10,"minecraft:tuff":58,"minecraft:lapis_lazuli":310,"minecraft:dirt":654,"minecraft:lantern":1,"solarcraft:energy_dust":17,"minecraft:bone":57,"minecraft:stonecutter":1,"minecraft:bow":2,"minecraft:wheat_seeds":21,"minecraft:raw_gold":78,"minecraft:grindstone":2,"minecraft:glowstone_dust":3,"minecraft:fletching_table":1,"solarcraft:empty_crystal":19,"biomesoplenty:cherry_log":15,"minecraft:oak_planks":40,"aquaculture:jellyfish":2,"securitycraft:dirt_mine":1,"biomesoplenty:jacaranda_boat":1,"minecraft:poisonous_potato":4,"alexsmobs:crocodile_egg":1,"minecraft:sand":441,"sophisticatedbackpacks:iron_backpack":1,"minecraft:ink_sac":3,"minecraft:dead_bush":6,"minecraft:loom":1,"minecraft:cyan_bed":4,"minecraft:chiseled_sandstone":14,"minecraft:dark_oak_log":23,"minecraft:stripped_acacia_log":1,"alexsmobs:kangaroo_hide":11,"minecraft:diamond":44,"minecraft:granite":42,"minecraft:crossbow":3,"solarcraft:magistone":11,"minecraft:bone_meal":2,"minecraft:emerald":1,"minecraft:bread":23,"alexsmobs:maggot":3,"solarcraft:runic_log":5,"minecraft:oak_sapling":10,"minecraft:dark_oak_fence":2,"biomesoplenty:redwood_log":24,"minecraft:charcoal":2,"minecraft:crafting_table":26,"minecraft:sandstone_slab":3,"alexsmobs:roadrunner_feather":2,"minecraft:gold_block":1,"biomesoplenty:jacaranda_sapling":311,"minecraft:shield":1,"minecraft:stone_stairs":1,"minecraft:iron_axe":2,"minecraft:item_frame":10,"biomesoplenty:jacaranda_slab":5,"minecraft:cracked_stone_bricks":1,"minecraft:beef":35,"solarcraft:ultima_rune_block":2,"minecraft:oak_boat":6,"minecraft:light_gray_wool":2,"evilcraft:hardened_blood_shard":13,"colossalchests:chest_wall_wood":10,"minecraft:chest":12,"minecraft:sugar_cane":13,"biomesoplenty:hanging_cobweb":2,"minecraft:phantom_membrane":1,"minecraft:egg":1,"minecraft:dark_oak_sapling":2,"minecraft:raw_iron":423,"minecraft:sandstone":59,"minecraft:white_dye":1,"minecraft:carrot":511,"minecraft:redstone":403,"alexsmobs:leafcutter_ant_pupa":1,"biomesoplenty:jacaranda_trapdoor":3,"minecraft:arrow":45,"minecraft:pumpkin_pie":1,"biomesoplenty:jacaranda_log":713,"biomesoplenty:jacaranda_stairs":118,"minecraft:beetroot_seeds":24,"minecraft:peony":2,"k_turrets:raw_titanium":114,"minecraft:diamond_boots":1,"minecraft:hay_block":136,"minecraft:sandstone_stairs":41,"minecraft:gold_ingot":2,"biomesoplenty:redwood_sapling":2,"minecraft:mutton":6,"alexsmobs:kangaroo_meat":15,"minecraft:white_wool":1,"minecraft:glow_ink_sac":3,"minecraft:cut_sandstone":21,"minecraft:leather":15,"alexsmobs:acacia_blossom":5,"solarcraft:solar_stone_collumn":4,"biomesoplenty:jacaranda_door":1,"waystones:sandy_waystone":1,"minecraft:oak_log":43,"scalinghealth:bandages":2,"minecraft:yellow_bed":2,"biomesoplenty:jacaranda_planks":357,"minecraft:gunpowder":5,"scalinghealth:heart_crystal":4,"scalinghealth:medkit":1,"biomesoplenty:glowing_moss_carpet":16,"minecraft:apple":4,"minecraft:stone_bricks":2,"alexsmobs:cockroach_wing_fragment":1,"minecraft:iron_ingot":32,"minecraft:stone_pickaxe":1,"scalinghealth:power_crystal_shard":30,"minecraft:acacia_sapling":29,"minecraft:green_dye":1,"minecraft:book":103,"scalinghealth:heart_crystal_shard":9,"minecraft:pumpkin":7,"minecraft:sweet_berries":7,"minecraft:dripstone_block":7,"minecraft:raw_iron_block":1,"solarcraft:runic_planks":1,"minecraft:gravel":20,"minecraft:amethyst_shard":12,"minecraft:spruce_sapling":18,"minecraft:blast_furnace":1,"minecraft:white_bed":4,"securitycraft:reinforced_iron_block":6,"minecraft:spruce_log":116,"biomesoplenty:glowing_moss_block":40,"minecraft:spider_eye":7,"evilcraft:dark_tank":2,"minecraft:firework_rocket":1,"minecraft:purple_bed":1,"biomesoplenty:maple_sapling":4,"minecraft:slime_ball":2,"minecraft:stone_axe":1,"evilcraft:dark_gem":120,"minecraft:baked_potato":1,"minecraft:melon_seeds":6,"minecraft:coal":229}},"DataVersion":3120}