{"stats":{"minecraft:dropped":{"alexsmobs:animal_dictionary":1,"minecraft:iron_boots":1,"patchouli:guide_book":1,"minecraft:dirt":12,"minecraft:oak_sapling":2,"pfm:furniture_book":1,"minecraft:wooden_pickaxe":1,"minecraft:bone":2},"minecraft:used":{"minecraft:stone_sword":60,"minecraft:stone_pickaxe":141,"minecraft:baked_potato":5,"minecraft:wooden_pickaxe":21,"minecraft:rotten_flesh":2,"simpletomb:grave_key":1,"minecraft:torch":8,"minecraft:dirt":5,"minecraft:crafting_table":3,"runecraft:rune_b":5,"alexsmobs:leafcutter_ant_pupa":1,"minecraft:apple":1,"minecraft:bread":2,"evilcraft:flesh_humanoid":1,"minecraft:stone_axe":68,"minecraft:oak_boat":4},"minecraft:broken":{"minecraft:stone_pickaxe":1},"minecraft:killed_by":{"minecraft:player":1},"minecraft:picked_up":{"biomesoplenty:lavender":2,"minecraft:crafting_table":4,"minecraft:feather":2,"minecraft:potato":67,"solarcraft:solar_stone_collumn":4,"biomesoplenty:jacaranda_sapling":5,"minecraft:oak_log":14,"alexsmobs:gazelle_horn":1,"minecraft:dirt":17,"solarcraft:inscription_stone":2,"minecraft:bone":2,"minecraft:apple":1,"minecraft:wheat_seeds":1,"solarcraft:ultima_rune_block":2,"minecraft:oak_boat":4,"solarcraft:empty_crystal":6,"minecraft:acacia_sapling":3,"alexsmobs:leafcutter_ant_chamber":1,"minecraft:book":71,"minecraft:raw_iron":2,"minecraft:stick":8,"minecraft:pumpkin":7,"minecraft:torch":10,"minecraft:acacia_log":9,"minecraft:ink_sac":3,"minecraft:diorite":1,"minecraft:carrot":34,"minecraft:cyan_bed":1,"alexsmobs:leafcutter_ant_pupa":1,"minecraft:cactus":4,"minecraft:arrow":1,"minecraft:rotten_flesh":2,"biomesoplenty:jacaranda_log":10,"runecraft:rune_b":5,"minecraft:oak_sapling":2,"minecraft:coal":47,"minecraft:cobblestone":91},"minecraft:killed":{"alexsmobs:raccoon":1,"minecraft:bat":1,"alexsmobs:rattlesnake":2,"minecraft:squid":1,"minecraft:skeleton":1,"minecraft:zombie":4,"alexsmobs:leafcutter_ant":7,"alexsmobs:gazelle":1,"alexsmobs:roadrunner":2},"minecraft:crafted":{"minecraft:oak_planks":56,"minecraft:wooden_pickaxe":1,"minecraft:baked_potato":13,"minecraft:stone_axe":1,"minecraft:air":0,"minecraft:oak_boat":1,"minecraft:stick":16,"minecraft:stone_pickaxe":2,"minecraft:stone_sword":1,"minecraft:torch":36},"minecraft:custom":{"minecraft:mob_kills":20,"minecraft:interact_with_crafting_table":5,"minecraft:stove_opened":1,"minecraft:leave_game":2,"minecraft:time_since_death":26281,"minecraft:sleep_in_bed":1,"minecraft:climb_one_cm":1018,"minecraft:time_since_rest":2775,"minecraft:sprint_one_cm":89671,"minecraft:damage_taken":1210,"minecraft:walk_one_cm":110690,"minecraft:drop":8,"minecraft:damage_dealt":2452,"minecraft:swim_one_cm":7733,"minecraft:talked_to_villager":1,"minecraft:fly_one_cm":132902,"minecraft:open_chest":13,"minecraft:crouch_one_cm":1600,"minecraft:play_time":40732,"minecraft:deaths":1,"minecraft:sneak_time":774,"minecraft:walk_under_water_one_cm":4614,"minecraft:boat_one_cm":104850,"minecraft:jump":745,"minecraft:walk_on_water_one_cm":3547,"minecraft:total_world_time":40732,"minecraft:fall_one_cm":23474},"minecraft:mined":{"biomesoplenty:jacaranda_leaves":2,"solarcraft:ultima_rune_block":2,"minecraft:glass_pane":1,"alexsmobs:leafcutter_anthill":1,"solarcraft:crystal":3,"minecraft:crafting_table":4,"minecraft:torch":1,"minecraft:grass_block":5,"solarcraft:solar_stone_collumn":4,"minecraft:dead_bush":3,"minecraft:rose_bush":1,"alexsmobs:leafcutter_ant_chamber":1,"solarcraft:solar_stone":5,"biomesoplenty:sprout":2,"minecraft:cyan_bed":1,"minecraft:sandstone":2,"minecraft:diorite":1,"minecraft:wall_torch":9,"minecraft:cactus":2,"biomesoplenty:jacaranda_log":10,"solarcraft:inscription_stone":2,"minecraft:carrots":9,"minecraft:iron_ore":2,"biomesoplenty:lavender":2,"minecraft:pumpkin":7,"minecraft:beetroots":2,"minecraft:bookshelf":24,"minecraft:grass":5,"biomesoplenty:clover":1,"minecraft:coal_ore":47,"minecraft:potatoes":19,"minecraft:oak_log":14,"minecraft:dirt":12,"minecraft:stone":87}},"DataVersion":3120}