{"stats":{"minecraft:killed":{"alexsmobs:raccoon":1,"minecraft:spider":13,"alexsmobs:rattlesnake":2,"minecraft:phantom":1,"minecraft:skeleton":17,"alexsmobs:leafcutter_ant":7,"minecraft:husk":10,"alexsmobs:guster":1,"minecraft:iron_golem":1,"minecraft:bat":1,"minecraft:squid":1,"minecraft:creeper":5,"minecraft:sheep":2,"minecraft:zombie":43,"alexsmobs:cockroach":1,"alexsmobs:gazelle":1,"alexsmobs:roadrunner":3,"alexsmobs:rain_frog":1,"minecraft:cow":2},"minecraft:broken":{"minecraft:iron_shovel":2,"minecraft:stone_pickaxe":1,"minecraft:iron_axe":2,"minecraft:stone_axe":1,"minecraft:iron_sword":1},"minecraft:picked_up":{"minecraft:crafting_table":6,"alexsmobs:roadrunner_feather":2,"biomesoplenty:jacaranda_sapling":195,"alexsmobs:gazelle_horn":2,"minecraft:string":16,"minecraft:raw_copper":28,"minecraft:iron_axe":1,"solarcraft:inscription_stone":2,"minecraft:iron_leggings":1,"minecraft:beetroot":9,"minecraft:cobbled_deepslate":112,"minecraft:beef":3,"solarcraft:ultima_rune_block":2,"minecraft:oak_boat":4,"minecraft:iron_pickaxe":1,"minecraft:light_gray_wool":2,"minecraft:chest":2,"minecraft:melon_slice":36,"minecraft:phantom_membrane":1,"biomesoplenty:hanging_cobweb":2,"alexsmobs:leafcutter_ant_chamber":2,"minecraft:furnace":1,"minecraft:stick":140,"minecraft:raw_iron":167,"minecraft:acacia_fence":11,"minecraft:torch":45,"minecraft:acacia_log":81,"minecraft:diorite":4,"minecraft:carrot":276,"minecraft:redstone":212,"alexsmobs:leafcutter_ant_pupa":1,"minecraft:yellow_banner":9,"minecraft:arrow":15,"evilcraft:box_of_eternal_closure":1,"minecraft:cactus":7,"minecraft:rotten_flesh":49,"biomesoplenty:jacaranda_log":398,"biomesoplenty:jacaranda_stairs":28,"minecraft:beetroot_seeds":24,"k_turrets:raw_titanium":10,"minecraft:hay_block":77,"minecraft:iron_block":1,"runecraft:rune_b":5,"minecraft:mutton":3,"minecraft:cobblestone":237,"biomesoplenty:lavender":2,"minecraft:feather":4,"minecraft:birch_slab":1,"minecraft:glow_ink_sac":2,"biomesoplenty:dried_salt":415,"minecraft:andesite":19,"minecraft:leather":3,"alexsmobs:acacia_blossom":5,"minecraft:potato":369,"solarcraft:solar_stone_collumn":4,"minecraft:tuff":4,"minecraft:oak_log":20,"biomesoplenty:jacaranda_planks":53,"minecraft:gunpowder":4,"scalinghealth:heart_crystal":1,"minecraft:lapis_lazuli":129,"minecraft:dirt":572,"solarcraft:energy_dust":15,"minecraft:bone":19,"minecraft:apple":1,"minecraft:wheat_seeds":12,"minecraft:raw_gold":23,"alexsmobs:cockroach_wing_fragment":1,"minecraft:iron_ingot":3,"minecraft:stone_pickaxe":1,"scalinghealth:power_crystal_shard":2,"solarcraft:empty_crystal":17,"minecraft:oak_planks":40,"minecraft:acacia_sapling":18,"minecraft:book":71,"minecraft:pumpkin":7,"minecraft:poisonous_potato":2,"minecraft:dripstone_block":7,"minecraft:gravel":2,"minecraft:sand":10,"minecraft:spruce_sapling":5,"sophisticatedbackpacks:iron_backpack":1,"minecraft:ink_sac":3,"minecraft:spruce_log":21,"minecraft:cyan_bed":3,"minecraft:spider_eye":4,"minecraft:diamond":14,"minecraft:stone_axe":1,"minecraft:granite":34,"minecraft:bone_meal":2,"minecraft:bread":17,"alexsmobs:maggot":2,"minecraft:oak_sapling":7,"minecraft:melon_seeds":6,"minecraft:coal":54},"minecraft:mined":{"minecraft:tuff":4,"minecraft:deepslate_diamond_ore":14,"alexsmobs:leafcutter_anthill":1,"solarcraft:crystal":8,"minecraft:granite":34,"biomesoplenty:bush":1,"minecraft:acacia_log":7,"minecraft:grass_block":390,"alexsmobs:leafcutter_ant_chamber":1,"biomesoplenty:jacaranda_stairs":28,"biomesoplenty:dried_salt":416,"solarcraft:solar_stone":7,"minecraft:birch_slab":1,"biomesoplenty:dead_grass":1,"minecraft:sandstone":2,"biomesoplenty:jacaranda_sapling":22,"minecraft:hay_block":78,"biomesoplenty:jacaranda_log":20,"minecraft:furnace":1,"minecraft:carrots":75,"minecraft:iron_ore":37,"minecraft:cobbled_deepslate":7,"evilcraft:box_of_eternal_closure":1,"biomesoplenty:lavender":2,"minecraft:andesite":20,"minecraft:pumpkin":7,"minecraft:deepslate_lapis_ore":16,"biomesoplenty:hanging_cobweb":1,"minecraft:bookshelf":24,"minecraft:potatoes":105,"minecraft:deepslate_iron_ore":128,"minecraft:vine":1,"scalinghealth:deepslate_power_crystal_ore":2,"biomesoplenty:webbing":4,"minecraft:iron_block":1,"minecraft:stone":224,"biomesoplenty:spider_egg":1,"biomesoplenty:jacaranda_leaves":6,"minecraft:sandstone_slab":2,"minecraft:deepslate_redstone_ore":48,"solarcraft:ultima_rune_block":2,"minecraft:glass_pane":1,"minecraft:melon_stem":4,"biomesoplenty:jacaranda_planks":58,"minecraft:yellow_banner":9,"minecraft:crafting_table":5,"minecraft:torch":19,"solarcraft:solar_stone_collumn":4,"minecraft:melon":7,"minecraft:chest":2,"minecraft:rose_bush":1,"minecraft:dead_bush":3,"minecraft:copper_ore":8,"minecraft:cobblestone":10,"biomesoplenty:sprout":2,"minecraft:deepslate_gold_ore":20,"minecraft:lapis_ore":4,"minecraft:cyan_bed":3,"minecraft:diorite":4,"minecraft:wall_torch":22,"minecraft:cactus":2,"solarcraft:inscription_stone":2,"minecraft:acacia_sapling":1,"k_turrets:deepslate_titanium_ore":10,"solarcraft:solar_flower":4,"minecraft:grass":52,"biomesoplenty:clover":1,"minecraft:oak_log":14,"minecraft:coal_ore":54,"minecraft:beetroots":12,"evilcraft:blood_stain":1,"minecraft:acacia_fence":11,"minecraft:gravel":2,"minecraft:dirt":147,"minecraft:sand":10,"minecraft:dripstone_block":7,"minecraft:sandstone_wall":1,"biomesoplenty:stringy_cobweb":1,"minecraft:cobweb":1,"minecraft:gold_ore":3,"minecraft:deepslate":96},"minecraft:custom":{"minecraft:mob_kills":115,"minecraft:animals_bred":15,"minecraft:interact_with_crafting_table":46,"minecraft:damage_dealt_resisted":422,"minecraft:leave_game":5,"minecraft:time_since_death":269903,"minecraft:climb_one_cm":5883,"minecraft:sprint_one_cm":577916,"minecraft:walk_one_cm":977174,"minecraft:damage_blocked_by_shield":130,"minecraft:drop":31,"minecraft:damage_dealt_absorbed":80,"minecraft:talked_to_villager":3,"minecraft:play_time":284354,"minecraft:sneak_time":9947,"minecraft:deaths":1,"minecraft:walk_under_water_one_cm":8875,"minecraft:boat_one_cm":104850,"minecraft:jump":4929,"minecraft:walk_on_water_one_cm":13706,"minecraft:total_world_time":284354,"minecraft:interact_with_furnace":41,"minecraft:stove_opened":1,"minecraft:sleep_in_bed":14,"minecraft:time_since_rest":1279,"minecraft:waystone_activated":1,"minecraft:damage_taken":4717,"minecraft:damage_dealt":24002,"minecraft:swim_one_cm":10138,"minecraft:fly_one_cm":782593,"minecraft:crouch_one_cm":32817,"minecraft:open_chest":182,"minecraft:fall_one_cm":136905},"minecraft:dropped":{"minecraft:bread":17,"biomesoplenty:hanging_cobweb":1,"minecraft:crafting_table":1,"minecraft:feather":2,"minecraft:stick":6,"minecraft:dirt":12,"alexsmobs:roadrunner_feather":1,"alexsmobs:leafcutter_ant_chamber":1,"minecraft:iron_leggings":1,"minecraft:bone":2,"biomesoplenty:dried_salt":3,"minecraft:stone_axe":2,"alexsmobs:gazelle_horn":1,"alexsmobs:animal_dictionary":1,"minecraft:oak_planks":40,"minecraft:iron_boots":1,"minecraft:carrot":7,"patchouli:guide_book":1,"minecraft:oak_sapling":2,"minecraft:acacia_sapling":3,"minecraft:spider_eye":2,"pfm:furniture_book":1,"solarcraft:energy_dust":7,"minecraft:stone_pickaxe":2,"minecraft:wooden_pickaxe":1},"minecraft:killed_by":{"minecraft:player":1},"minecraft:used":{"minecraft:beetroot":9,"minecraft:stone_sword":64,"minecraft:iron_shovel":517,"minecraft:chest":18,"minecraft:shield":2,"minecraft:iron_sword":272,"minecraft:iron_chestplate":1,"simpletomb:grave_key":1,"minecraft:rotten_flesh":2,"minecraft:torch":168,"minecraft:dirt":555,"scalinghealth:heart_crystal":1,"securitycraft:keypad_item":1,"runecraft:rune_b":5,"minecraft:carrot":153,"minecraft:iron_hoe":213,"minecraft:iron_axe":247,"minecraft:iron_boots":1,"evilcraft:box_of_eternal_closure":1,"minecraft:melon_seeds":6,"biomesoplenty:jacaranda_log":109,"biomesoplenty:jacaranda_sapling":82,"evilcraft:flesh_humanoid":1,"biomesoplenty:jacaranda_stairs":207,"minecraft:furnace":6,"minecraft:beetroot_seeds":24,"minecraft:acacia_fence":56,"minecraft:potato":145,"minecraft:cobbled_deepslate":72,"minecraft:yellow_banner":9,"minecraft:water_bucket":3,"biomesoplenty:jacaranda_door":1,"minecraft:diorite":1,"minecraft:baked_potato":14,"minecraft:stone_pickaxe":141,"minecraft:wooden_pickaxe":21,"scalinghealth:chance_heart":2,"minecraft:crafting_table":6,"biomesoplenty:jacaranda_planks":637,"alexsmobs:leafcutter_ant_pupa":1,"minecraft:apple":1,"minecraft:birch_slab":1,"minecraft:bread":43,"minecraft:cyan_bed":3,"minecraft:iron_pickaxe":1049,"biomesoplenty:dried_salt":22,"minecraft:stone_axe":125,"minecraft:acacia_fence_gate":4,"minecraft:cobblestone":157,"minecraft:bucket":3,"minecraft:oak_boat":4,"minecraft:bone_meal":17},"minecraft:crafted":{"minecraft:oak_planks":80,"minecraft:stone_button":8,"minecraft:furnace":5,"minecraft:acacia_fence_gate":4,"minecraft:stone":9,"securitycraft:keypad_item":1,"minecraft:bone_meal":15,"minecraft:heavy_weighted_pressure_plate":1,"minecraft:iron_boots":1,"minecraft:iron_axe":2,"minecraft:iron_hoe":1,"minecraft:stone_pickaxe":2,"minecraft:chest":16,"biomesoplenty:jacaranda_door":3,"minecraft:acacia_fence":144,"biomesoplenty:jacaranda_stairs":198,"minecraft:wheat":693,"biomesoplenty:jacaranda_planks":1000,"minecraft:crafting_table":1,"minecraft:spruce_planks":84,"minecraft:iron_helmet":1,"minecraft:wooden_pickaxe":1,"minecraft:baked_potato":13,"minecraft:iron_sword":1,"minecraft:copper_ingot":24,"minecraft:bucket":1,"minecraft:hay_block":64,"minecraft:stone_axe":2,"minecraft:air":0,"minecraft:oak_boat":1,"minecraft:iron_chestplate":1,"minecraft:shield":1,"minecraft:stick":140,"minecraft:iron_ingot":176,"minecraft:iron_pickaxe":6,"minecraft:stone_sword":1,"minecraft:iron_shovel":2,"minecraft:acacia_planks":288,"minecraft:torch":124}},"DataVersion":3120}