{"stats":{"minecraft:dropped":{"minecraft:iron_boots":1,"minecraft:sunflower":1,"simpletomb:grave_key":1},"minecraft:custom":{"minecraft:open_chest":5,"minecraft:time_since_rest":17130,"minecraft:crouch_one_cm":1003,"minecraft:play_time":17130,"minecraft:sprint_one_cm":82624,"minecraft:damage_taken":430,"minecraft:walk_one_cm":38942,"minecraft:sneak_time":720,"minecraft:drop":3,"minecraft:jump":321,"minecraft:damage_dealt":109,"minecraft:leave_game":1,"minecraft:time_since_death":17130,"minecraft:total_world_time":17130,"minecraft:climb_one_cm":2435,"minecraft:interact_with_crafting_table":1,"minecraft:fall_one_cm":12325,"minecraft:fly_one_cm":59060},"minecraft:crafted":{"minecraft:bread":15,"minecraft:wheat":45},"minecraft:used":{"minecraft:bread":9,"alexsmobs:animal_dictionary":1,"minecraft:iron_boots":1},"minecraft:mined":{"minecraft:grass":3,"minecraft:hay_block":5,"minecraft:grass_block":1,"minecraft:sunflower":1,"minecraft:dirt":1},"minecraft:picked_up":{"minecraft:hay_block":5,"minecraft:stone_button":1,"simpletomb:grave_key":1,"minecraft:iron_boots":1,"minecraft:dirt":2,"minecraft:sunflower":1}},"DataVersion":3120}