{"stats":{"minecraft:broken":{"minecraft:wooden_axe":1},"minecraft:killed":{"minecraft:spider":1,"alexsmobs:seagull":1,"minecraft:skeleton":13,"minecraft:drowned":1,"minecraft:zombie_villager":1,"minecraft:squid":1,"minecraft:zombie":28,"minecraft:enderman":1,"minecraft:cow":6},"minecraft:mined":{"scalinghealth:power_crystal_ore":1,"biomesoplenty:cherry_log":1,"minecraft:white_bed":2,"minecraft:deepslate_diamond_ore":2,"minecraft:oak_door":1,"minecraft:granite":5,"minecraft:allium":1,"minecraft:grass_block":7,"minecraft:coal_block":31,"minecraft:spawner":2,"minecraft:hay_block":30,"minecraft:furnace":4,"minecraft:carrots":2,"minecraft:iron_ore":79,"minecraft:andesite":4,"evilcraft:dark_ore":4,"minecraft:gold_block":1,"minecraft:bookshelf":26,"minecraft:potatoes":1,"minecraft:deepslate_iron_ore":34,"scalinghealth:deepslate_power_crystal_ore":13,"minecraft:lantern":3,"minecraft:stone":196,"minecraft:iron_block":1,"sophisticatedbackpacks:backpack":1,"minecraft:deepslate_redstone_ore":6,"minecraft:crafting_table":6,"minecraft:torch":4,"minecraft:chest":5,"minecraft:copper_ore":1,"minecraft:lapis_ore":6,"minecraft:deepslate_gold_ore":5,"minecraft:sugar_cane":1,"minecraft:diorite":4,"minecraft:wall_torch":1,"minecraft:skeleton_skull":1,"minecraft:wheat":2,"minecraft:grass":19,"minecraft:oak_log":5,"minecraft:sunflower":1,"minecraft:dirt":8,"minecraft:oak_leaves":1,"minecraft:deepslate":19},"minecraft:crafted":{"minecraft:black_dye":3,"minecraft:oak_door":3,"minecraft:oak_planks":88,"minecraft:coal":108,"minecraft:stone_button":8,"minecraft:stone":8,"securitycraft:keypad_item":1,"minecraft:heavy_weighted_pressure_plate":1,"minecraft:glass":24,"minecraft:bow":1,"minecraft:stone_pickaxe":4,"minecraft:chest":7,"minecraft:magenta_dye":1,"sophisticatedbackpacks:iron_backpack":1,"minecraft:wheat":270,"minecraft:wooden_pickaxe":1,"minecraft:iron_helmet":1,"minecraft:iron_sword":1,"minecraft:copper_ingot":17,"sophisticatedbackpacks:gold_backpack":2,"minecraft:bucket":1,"minecraft:stone_axe":1,"minecraft:bread":90,"minecraft:air":0,"minecraft:oak_boat":1,"minecraft:iron_chestplate":1,"minecraft:shield":1,"minecraft:stick":16,"minecraft:iron_ingot":85,"minecraft:iron_pickaxe":4,"minecraft:wooden_axe":1,"minecraft:stone_sword":1,"minecraft:gold_ingot":14,"minecraft:torch":20},"minecraft:custom":{"minecraft:mob_kills":54,"minecraft:interact_with_crafting_table":34,"minecraft:open_barrel":2,"minecraft:damage_dealt_resisted":318,"minecraft:leave_game":3,"minecraft:time_since_death":151646,"minecraft:climb_one_cm":18224,"minecraft:sprint_one_cm":613178,"minecraft:walk_one_cm":412665,"minecraft:damage_blocked_by_shield":30,"minecraft:drop":6,"minecraft:damage_dealt_absorbed":274,"minecraft:play_time":151646,"minecraft:sneak_time":5396,"minecraft:walk_under_water_one_cm":25104,"minecraft:boat_one_cm":258235,"minecraft:jump":2895,"minecraft:walk_on_water_one_cm":50790,"minecraft:total_world_time":151646,"minecraft:interact_with_furnace":42,"minecraft:stove_opened":1,"minecraft:sleep_in_bed":1,"minecraft:time_since_rest":30042,"minecraft:waystone_activated":2,"minecraft:damage_taken":2200,"minecraft:damage_dealt":13074,"minecraft:swim_one_cm":37665,"minecraft:fly_one_cm":649821,"minecraft:open_chest":189,"minecraft:crouch_one_cm":11753,"minecraft:fall_one_cm":80823},"minecraft:used":{"minecraft:stone_sword":82,"minecraft:chest":12,"minecraft:shield":1,"minecraft:iron_sword":209,"minecraft:oak_door":3,"minecraft:torch":21,"minecraft:dirt":19,"scalinghealth:heart_crystal":2,"securitycraft:keypad_item":1,"minecraft:granite":5,"minecraft:wooden_axe":41,"minecraft:lantern":6,"minecraft:iron_boots":1,"minecraft:furnace":4,"minecraft:egg":1,"minecraft:cobbled_deepslate":3,"minecraft:water_bucket":27,"minecraft:stone_pickaxe":207,"minecraft:wooden_pickaxe":44,"minecraft:crafting_table":6,"minecraft:white_bed":2,"waystones:waystone":1,"sophisticatedbackpacks:backpack":1,"minecraft:bread":49,"minecraft:iron_pickaxe":190,"minecraft:stone_axe":14,"minecraft:cobblestone":96,"minecraft:andesite":2,"minecraft:bucket":29,"minecraft:oak_boat":10,"alexsmobs:animal_dictionary":2},"minecraft:dropped":{"minecraft:wheat_seeds":7,"simpletomb:grave_key":1,"minecraft:wooden_axe":1,"minecraft:sunflower":1,"minecraft:iron_boots":1,"minecraft:oak_sapling":42},"minecraft:picked_up":{"minecraft:wooden_axe":1,"minecraft:crafting_table":6,"minecraft:wheat":2,"minecraft:allium":1,"minecraft:gold_block":1,"minecraft:string":2,"minecraft:raw_copper":2,"minecraft:cobbled_deepslate":23,"minecraft:beef":12,"minecraft:oak_boat":10,"minecraft:sugar_cane":3,"minecraft:coal_block":31,"minecraft:chest":5,"minecraft:egg":1,"solarcraft:magistone_bricks":2,"minecraft:furnace":4,"minecraft:iron_boots":1,"minecraft:stick":19,"minecraft:raw_iron":113,"minecraft:oak_door":1,"minecraft:torch":8,"sophisticatedbackpacks:backpack":2,"minecraft:stone_button":1,"minecraft:diorite":4,"minecraft:carrot":9,"minecraft:redstone":26,"minecraft:rotten_flesh":23,"minecraft:arrow":17,"minecraft:hay_block":30,"minecraft:iron_block":1,"biomesoplenty:pink_cherry_sapling":10,"minecraft:cobblestone":205,"minecraft:rail":1,"minecraft:skeleton_skull":1,"minecraft:feather":1,"minecraft:glow_ink_sac":1,"minecraft:andesite":4,"minecraft:leather":7,"minecraft:potato":3,"minecraft:oak_log":82,"minecraft:gunpowder":3,"simpletomb:grave_key":1,"scalinghealth:heart_crystal":1,"minecraft:lapis_lazuli":45,"minecraft:dirt":24,"minecraft:lantern":13,"minecraft:bone":17,"minecraft:apple":8,"minecraft:bow":2,"minecraft:wheat_seeds":14,"minecraft:raw_gold":5,"minecraft:iron_ingot":9,"scalinghealth:power_crystal_shard":14,"biomesoplenty:cherry_log":27,"minecraft:oak_planks":3,"minecraft:book":78,"scalinghealth:heart_crystal_shard":8,"minecraft:ink_sac":3,"minecraft:white_bed":2,"minecraft:dark_oak_log":44,"minecraft:spider_eye":1,"minecraft:diamond":2,"waystones:waystone":2,"evilcraft:dark_gem":19,"minecraft:granite":5,"minecraft:bread":2,"minecraft:oak_sapling":42,"minecraft:coal":31,"minecraft:sunflower":1}},"DataVersion":3120}