{"stats":{"minecraft:picked_up":{"minecraft:wooden_axe":1,"minecraft:crafting_table":6,"minecraft:wheat":2,"minecraft:allium":1,"minecraft:chicken":7,"evilcraft:dark_power_gem":3,"minecraft:gold_block":1,"biomesoplenty:jacaranda_sapling":2,"minecraft:string":14,"minecraft:raw_copper":25,"minecraft:armor_stand":7,"minecraft:experience_bottle":1,"aquaculture:bluegill":1,"minecraft:cobbled_deepslate":35,"minecraft:beef":12,"minecraft:oak_boat":10,"minecraft:rose_bush":2,"evilcraft:hardened_blood_shard":35,"alexsmobs:raccoon_tail":1,"minecraft:coal_block":31,"minecraft:melon_slice":1,"minecraft:sugar_cane":18,"minecraft:chest":5,"minecraft:furnace":4,"minecraft:iron_boots":1,"solarcraft:magistone_bricks":2,"minecraft:egg":5,"minecraft:golden_helmet":1,"minecraft:raw_iron":221,"minecraft:stick":24,"minecraft:oak_door":1,"minecraft:torch":31,"evilcraft:origins_of_darkness":1,"sophisticatedbackpacks:backpack":3,"minecraft:porkchop":20,"minecraft:stone_button":1,"minecraft:diorite":16,"minecraft:carrot":10,"minecraft:redstone":51,"minecraft:arrow":34,"biomesoplenty:blue_hydrangea":1,"minecraft:rotten_flesh":63,"biomesoplenty:jacaranda_log":6,"minecraft:hay_block":30,"minecraft:iron_block":1,"minecraft:obsidian":19,"biomesoplenty:pink_cherry_sapling":10,"minecraft:mutton":18,"minecraft:rail":1,"minecraft:skeleton_skull":2,"minecraft:white_wool":11,"minecraft:cobblestone":644,"minecraft:magma_block":1,"minecraft:feather":6,"minecraft:glow_ink_sac":9,"minecraft:andesite":35,"biomesoplenty:goldenrod":1,"minecraft:leather":9,"minecraft:potato":277,"minecraft:tuff":1,"minecraft:oak_log":83,"scalinghealth:bandages":3,"minecraft:gunpowder":12,"simpletomb:grave_key":1,"scalinghealth:heart_crystal":2,"minecraft:lapis_lazuli":45,"minecraft:dirt":47,"minecraft:lantern":14,"minecraft:bone":29,"minecraft:apple":16,"minecraft:bow":4,"minecraft:wheat_seeds":30,"minecraft:raw_gold":18,"minecraft:iron_ingot":9,"biomesoplenty:magic_log":5,"scalinghealth:power_crystal_shard":23,"aquaculture:minnow":1,"minecraft:glass_bottle":1,"minecraft:oak_planks":3,"biomesoplenty:cherry_log":27,"aquaculture:jellyfish":1,"minecraft:book":82,"biomesoplenty:magic_sapling":1,"evilcraft:undead_log":10,"scalinghealth:heart_crystal_shard":54,"aquaculture:gar":1,"minecraft:poisonous_potato":4,"evilcraft:dark_gem_crushed":18,"aquaculture:red_grouper":1,"minecraft:ink_sac":3,"minecraft:grass_block":1,"minecraft:white_bed":2,"minecraft:dead_bush":3,"minecraft:spider_eye":9,"minecraft:dark_oak_log":44,"evilcraft:dark_tank":1,"minecraft:diamond":50,"waystones:waystone":2,"evilcraft:dark_gem":80,"minecraft:granite":28,"minecraft:gray_wool":2,"minecraft:emerald":2,"minecraft:bread":2,"minecraft:netherrack":1,"minecraft:oak_sapling":42,"minecraft:coal":40,"minecraft:sunflower":1,"minecraft:ender_pearl":1},"minecraft:killed_by":{"alexsmobs:capuchin_monkey":1},"minecraft:mined":{"minecraft:tuff":1,"scalinghealth:power_crystal_ore":1,"minecraft:white_bed":2,"biomesoplenty:cherry_log":1,"minecraft:farmland":1,"minecraft:deepslate_diamond_ore":15,"evilcraft:dark_tank":1,"minecraft:oak_door":1,"alexsmobs:leafcutter_anthill":1,"minecraft:obsidian":19,"minecraft:glow_lichen":1,"minecraft:granite":28,"minecraft:allium":1,"minecraft:grass_block":13,"alexsmobs:leafcutter_ant_chamber":2,"minecraft:coal_block":31,"minecraft:spawner":2,"minecraft:hay_block":30,"minecraft:large_fern":3,"minecraft:magma_block":1,"minecraft:furnace":4,"minecraft:carrots":2,"minecraft:fire":2,"minecraft:iron_ore":114,"minecraft:cobbled_deepslate":2,"minecraft:andesite":35,"evilcraft:dark_ore":5,"minecraft:gold_block":1,"minecraft:bookshelf":26,"minecraft:potatoes":109,"minecraft:deepslate_iron_ore":50,"scalinghealth:deepslate_power_crystal_ore":13,"minecraft:lantern":4,"minecraft:stone":614,"minecraft:iron_block":1,"sophisticatedbackpacks:backpack":1,"scalinghealth:heart_crystal_ore":1,"minecraft:deepslate_redstone_ore":10,"minecraft:crafting_table":6,"minecraft:torch":12,"minecraft:chest":5,"minecraft:rose_bush":3,"minecraft:glass":1,"minecraft:copper_ore":8,"minecraft:cobblestone":6,"biomesoplenty:sprout":2,"minecraft:deepslate_gold_ore":8,"minecraft:lapis_ore":6,"minecraft:sugar_cane":7,"minecraft:diorite":16,"minecraft:wall_torch":14,"biomesoplenty:goldenrod":2,"minecraft:skeleton_skull":1,"minecraft:coarse_dirt":2,"biomesoplenty:blue_hydrangea":1,"evilcraft:dark_ore_deepslate":10,"minecraft:wheat":2,"minecraft:grass":91,"minecraft:coal_ore":9,"minecraft:oak_log":5,"minecraft:sunflower":1,"minecraft:dirt":9,"minecraft:netherrack":1,"evilcraft:hardened_blood":7,"minecraft:oak_leaves":1,"minecraft:deepslate":27,"minecraft:fern":25},"minecraft:custom":{"minecraft:mob_kills":188,"minecraft:interact_with_crafting_table":74,"minecraft:open_barrel":2,"minecraft:damage_dealt_resisted":448,"minecraft:leave_game":5,"minecraft:time_since_death":140264,"minecraft:climb_one_cm":18896,"minecraft:sprint_one_cm":1204085,"minecraft:walk_one_cm":856570,"minecraft:damage_blocked_by_shield":1298,"minecraft:drop":21,"minecraft:damage_dealt_absorbed":274,"minecraft:play_time":340116,"minecraft:sneak_time":10277,"minecraft:deaths":1,"minecraft:walk_under_water_one_cm":67280,"minecraft:boat_one_cm":258235,"minecraft:jump":5837,"minecraft:walk_on_water_one_cm":100925,"minecraft:total_world_time":340116,"minecraft:interact_with_furnace":88,"minecraft:stove_opened":1,"minecraft:sleep_in_bed":5,"minecraft:time_since_rest":83120,"minecraft:waystone_activated":3,"minecraft:damage_taken":5449,"minecraft:damage_dealt":43177,"minecraft:swim_one_cm":100455,"minecraft:fly_one_cm":1252828,"minecraft:open_chest":476,"minecraft:crouch_one_cm":24579,"minecraft:fall_one_cm":166140},"minecraft:crafted":{"evilcraft:dark_spike":16,"minecraft:black_dye":3,"minecraft:oak_door":3,"minecraft:oak_planks":188,"minecraft:coal":108,"evilcraft:blood_chest":1,"minecraft:stone_button":8,"minecraft:furnace":1,"minecraft:stone":8,"minecraft:bone_meal":45,"securitycraft:keypad_item":1,"minecraft:flint_and_steel":1,"minecraft:heavy_weighted_pressure_plate":1,"evilcraft:dark_block":3,"minecraft:glass":24,"minecraft:diamond_leggings":1,"minecraft:diamond_helmet":1,"minecraft:bow":2,"evilcraft:blood_extractor":7,"minecraft:dead_bush":1,"minecraft:stone_pickaxe":4,"evilcraft:dark_stick":8,"minecraft:chest":19,"minecraft:diamond_boots":1,"evilcraft:darkened_apple":2,"minecraft:stone_hoe":1,"minecraft:magenta_dye":1,"scalinghealth:power_crystal":2,"sophisticatedbackpacks:iron_backpack":1,"minecraft:wheat":270,"minecraft:cooked_beef":8,"evilcraft:undead_planks":4,"evilcraft:dark_tank":1,"evilcraft:blood_infusion_core":3,"evilcraft:broom_part":3,"minecraft:wooden_pickaxe":1,"minecraft:iron_helmet":1,"minecraft:iron_sword":1,"minecraft:copper_ingot":43,"sophisticatedbackpacks:gold_backpack":2,"scalinghealth:heart_crystal":2,"minecraft:bucket":1,"minecraft:stone_axe":1,"minecraft:bread":90,"minecraft:air":0,"minecraft:oak_boat":1,"evilcraft:purifier":1,"minecraft:iron_chestplate":1,"minecraft:diamond_pickaxe":1,"minecraft:shield":1,"minecraft:stick":16,"minecraft:iron_ingot":214,"evilcraft:blood_infuser":1,"minecraft:iron_pickaxe":4,"minecraft:wooden_axe":1,"minecraft:iron_block":1,"minecraft:stone_sword":1,"minecraft:gold_ingot":27,"minecraft:iron_leggings":1,"evilcraft:vengeance_pickaxe":1,"minecraft:torch":44,"minecraft:shears":1,"minecraft:diamond_chestplate":1},"minecraft:used":{"minecraft:stone_sword":82,"minecraft:flint_and_steel":2,"minecraft:armor_stand":3,"evilcraft:blood_chest":1,"minecraft:chest":24,"evilcraft:vengeance_pickaxe":79,"minecraft:shield":40,"minecraft:iron_sword":778,"minecraft:stone_hoe":85,"simpletomb:grave_key":1,"evilcraft:purifier":1,"minecraft:oak_door":3,"minecraft:torch":57,"minecraft:dirt":22,"scalinghealth:heart_crystal":5,"securitycraft:keypad_item":1,"minecraft:obsidian":19,"minecraft:granite":5,"minecraft:glass":1,"minecraft:wooden_axe":41,"minecraft:lantern":7,"minecraft:iron_boots":1,"scalinghealth:power_crystal":2,"minecraft:bow":19,"minecraft:furnace":5,"minecraft:cooked_beef":1,"minecraft:egg":1,"minecraft:potato":224,"minecraft:cobbled_deepslate":22,"minecraft:iron_leggings":1,"minecraft:water_bucket":60,"minecraft:stone_pickaxe":207,"evilcraft:blood_infuser":1,"minecraft:wooden_pickaxe":44,"evilcraft:undead_sapling":1,"minecraft:crafting_table":6,"minecraft:white_bed":2,"waystones:waystone":1,"sophisticatedbackpacks:backpack":2,"minecraft:diamond_pickaxe":22,"minecraft:apple":1,"minecraft:bread":96,"minecraft:iron_pickaxe":751,"minecraft:stone_axe":18,"minecraft:cobblestone":138,"evilcraft:dark_tank":2,"minecraft:andesite":2,"minecraft:bucket":62,"minecraft:oak_boat":10,"alexsmobs:animal_dictionary":2,"minecraft:bone_meal":38},"minecraft:broken":{"minecraft:wooden_axe":1},"minecraft:killed":{"minecraft:witch":1,"aquaculture:bluegill":1,"aquaculture:red_grouper":1,"alexsmobs:raccoon":4,"minecraft:spider":14,"alexsmobs:murmur":1,"aquaculture:gar":1,"alexsmobs:seagull":1,"alexsmobs:gorilla":6,"minecraft:horse":1,"minecraft:skeleton":28,"alexsmobs:leafcutter_ant":4,"minecraft:chicken":7,"alexsmobs:capuchin_monkey":5,"minecraft:drowned":1,"minecraft:pig":8,"alexsmobs:anteater":1,"minecraft:zombie_villager":1,"aquaculture:jellyfish":1,"minecraft:creeper":7,"minecraft:squid":1,"minecraft:sheep":12,"aquaculture:minnow":1,"minecraft:zombie":66,"alexsmobs:crow":3,"minecraft:enderman":3,"minecraft:cow":6},"minecraft:dropped":{"minecraft:wheat_seeds":7,"minecraft:golden_helmet":1,"simpletomb:grave_key":1,"minecraft:poisonous_potato":4,"minecraft:book":5,"evilcraft:dark_gem":3,"minecraft:emerald":2,"minecraft:wooden_axe":1,"minecraft:melon_slice":1,"minecraft:sunflower":1,"minecraft:iron_boots":1,"minecraft:oak_sapling":42}},"DataVersion":3120}