{"stats":{"minecraft:broken":{"minecraft:wooden_axe":1},"minecraft:killed":{"alexsmobs:seagull":1,"minecraft:squid":1,"minecraft:skeleton":8,"minecraft:zombie":17,"minecraft:drowned":1,"minecraft:cow":6},"minecraft:picked_up":{"minecraft:wooden_axe":1,"minecraft:crafting_table":6,"minecraft:wheat":2,"minecraft:feather":1,"minecraft:glow_ink_sac":1,"minecraft:andesite":4,"minecraft:leather":7,"minecraft:potato":3,"minecraft:gold_block":1,"minecraft:oak_log":82,"minecraft:gunpowder":1,"simpletomb:grave_key":1,"scalinghealth:heart_crystal":1,"minecraft:dirt":11,"minecraft:raw_copper":2,"minecraft:lantern":11,"minecraft:bone":11,"minecraft:apple":7,"minecraft:bow":1,"minecraft:wheat_seeds":7,"minecraft:cobbled_deepslate":6,"minecraft:raw_gold":5,"minecraft:beef":12,"minecraft:iron_ingot":9,"minecraft:oak_boat":9,"minecraft:sugar_cane":3,"minecraft:coal_block":12,"minecraft:chest":5,"biomesoplenty:cherry_log":27,"minecraft:oak_planks":3,"solarcraft:magistone_bricks":2,"minecraft:egg":1,"minecraft:iron_boots":1,"minecraft:furnace":4,"minecraft:book":78,"minecraft:stick":19,"minecraft:raw_iron":92,"scalinghealth:heart_crystal_shard":8,"minecraft:oak_door":1,"minecraft:torch":1,"sophisticatedbackpacks:backpack":2,"minecraft:dark_oak_log":44,"minecraft:stone_button":1,"minecraft:ink_sac":3,"minecraft:diorite":4,"minecraft:white_bed":2,"minecraft:carrot":8,"minecraft:redstone":26,"minecraft:arrow":13,"minecraft:rotten_flesh":10,"evilcraft:dark_gem":14,"minecraft:hay_block":30,"minecraft:granite":5,"minecraft:bread":2,"minecraft:oak_sapling":42,"biomesoplenty:pink_cherry_sapling":10,"minecraft:coal":31,"minecraft:rail":1,"minecraft:cobblestone":109,"minecraft:sunflower":1},"minecraft:mined":{"minecraft:deepslate_redstone_ore":6,"biomesoplenty:cherry_log":1,"minecraft:white_bed":2,"minecraft:oak_door":1,"minecraft:crafting_table":6,"minecraft:granite":5,"minecraft:grass_block":3,"minecraft:chest":5,"minecraft:coal_block":12,"minecraft:copper_ore":1,"minecraft:deepslate_gold_ore":5,"minecraft:sugar_cane":1,"minecraft:diorite":4,"minecraft:hay_block":30,"minecraft:furnace":4,"minecraft:carrots":2,"minecraft:iron_ore":77,"minecraft:wheat":2,"minecraft:andesite":4,"evilcraft:dark_ore":3,"minecraft:gold_block":1,"minecraft:grass":19,"minecraft:bookshelf":26,"minecraft:potatoes":1,"minecraft:oak_log":5,"minecraft:deepslate_iron_ore":15,"minecraft:lantern":3,"minecraft:sunflower":1,"minecraft:dirt":8,"minecraft:stone":100,"sophisticatedbackpacks:backpack":1,"minecraft:deepslate":6},"minecraft:custom":{"minecraft:interact_with_furnace":15,"minecraft:mob_kills":35,"minecraft:interact_with_crafting_table":23,"minecraft:open_barrel":1,"minecraft:stove_opened":1,"minecraft:damage_dealt_resisted":318,"minecraft:leave_game":2,"minecraft:time_since_death":93255,"minecraft:climb_one_cm":6289,"minecraft:time_since_rest":93255,"minecraft:waystone_activated":1,"minecraft:sprint_one_cm":377910,"minecraft:damage_taken":1300,"minecraft:walk_one_cm":257283,"minecraft:drop":5,"minecraft:damage_dealt":7062,"minecraft:damage_dealt_absorbed":194,"minecraft:swim_one_cm":30194,"minecraft:fly_one_cm":432283,"minecraft:open_chest":78,"minecraft:crouch_one_cm":7035,"minecraft:play_time":93255,"minecraft:sneak_time":3556,"minecraft:walk_under_water_one_cm":16402,"minecraft:boat_one_cm":245145,"minecraft:jump":1861,"minecraft:walk_on_water_one_cm":30474,"minecraft:total_world_time":93255,"minecraft:fall_one_cm":49570},"minecraft:dropped":{"simpletomb:grave_key":1,"minecraft:iron_boots":1,"minecraft:wooden_axe":1,"minecraft:oak_sapling":42,"minecraft:sunflower":1},"minecraft:used":{"minecraft:water_bucket":5,"minecraft:stone_sword":82,"minecraft:stone_pickaxe":201,"minecraft:chest":4,"minecraft:wooden_pickaxe":44,"minecraft:iron_sword":92,"minecraft:oak_door":2,"minecraft:torch":9,"minecraft:dirt":10,"scalinghealth:heart_crystal":1,"minecraft:crafting_table":5,"minecraft:white_bed":1,"minecraft:granite":5,"minecraft:wooden_axe":41,"sophisticatedbackpacks:backpack":1,"minecraft:lantern":4,"minecraft:bread":30,"minecraft:iron_pickaxe":18,"minecraft:iron_boots":1,"minecraft:stone_axe":14,"minecraft:cobblestone":92,"minecraft:furnace":2,"minecraft:bucket":6,"minecraft:andesite":2,"minecraft:oak_boat":9,"alexsmobs:animal_dictionary":2,"minecraft:egg":1},"minecraft:crafted":{"minecraft:black_dye":3,"minecraft:oak_door":3,"minecraft:oak_planks":56,"minecraft:coal":108,"minecraft:wooden_pickaxe":1,"minecraft:iron_helmet":1,"minecraft:iron_sword":1,"sophisticatedbackpacks:gold_backpack":2,"minecraft:bucket":1,"minecraft:stone_axe":1,"minecraft:bread":90,"minecraft:air":0,"minecraft:glass":24,"minecraft:oak_boat":1,"minecraft:iron_chestplate":1,"minecraft:stick":4,"minecraft:iron_ingot":85,"minecraft:iron_pickaxe":1,"minecraft:stone_pickaxe":4,"minecraft:wooden_axe":1,"minecraft:stone_sword":1,"minecraft:chest":4,"minecraft:gold_ingot":9,"minecraft:torch":20,"sophisticatedbackpacks:iron_backpack":1,"minecraft:wheat":270}},"DataVersion":3120}