{"stats":{"minecraft:picked_up":{"minecraft:wooden_axe":1,"minecraft:crafting_table":6,"minecraft:wheat":2,"minecraft:allium":1,"evilcraft:dark_power_gem":1,"minecraft:chicken":7,"minecraft:gold_block":1,"biomesoplenty:jacaranda_sapling":2,"minecraft:string":6,"minecraft:raw_copper":25,"minecraft:experience_bottle":1,"aquaculture:bluegill":1,"minecraft:cobbled_deepslate":29,"minecraft:beef":12,"minecraft:oak_boat":10,"minecraft:rose_bush":1,"evilcraft:hardened_blood_shard":15,"alexsmobs:raccoon_tail":1,"minecraft:coal_block":31,"minecraft:sugar_cane":10,"minecraft:chest":5,"minecraft:furnace":4,"solarcraft:magistone_bricks":2,"minecraft:iron_boots":1,"minecraft:egg":5,"minecraft:stick":21,"minecraft:raw_iron":124,"minecraft:oak_door":1,"minecraft:torch":11,"evilcraft:origins_of_darkness":1,"sophisticatedbackpacks:backpack":3,"minecraft:porkchop":17,"minecraft:stone_button":1,"minecraft:diorite":16,"minecraft:carrot":10,"minecraft:redstone":26,"minecraft:rotten_flesh":52,"biomesoplenty:blue_hydrangea":1,"minecraft:arrow":32,"biomesoplenty:jacaranda_log":6,"minecraft:hay_block":30,"minecraft:iron_block":1,"biomesoplenty:pink_cherry_sapling":10,"minecraft:mutton":13,"minecraft:rail":1,"minecraft:skeleton_skull":2,"minecraft:white_wool":9,"minecraft:cobblestone":576,"minecraft:feather":3,"minecraft:glow_ink_sac":1,"minecraft:andesite":35,"biomesoplenty:goldenrod":1,"minecraft:leather":9,"minecraft:potato":58,"minecraft:tuff":1,"minecraft:oak_log":83,"scalinghealth:bandages":3,"minecraft:gunpowder":10,"simpletomb:grave_key":1,"scalinghealth:heart_crystal":2,"minecraft:lapis_lazuli":45,"minecraft:dirt":45,"minecraft:lantern":13,"minecraft:bone":27,"minecraft:apple":8,"minecraft:bow":3,"minecraft:wheat_seeds":27,"minecraft:raw_gold":5,"minecraft:iron_ingot":9,"biomesoplenty:magic_log":5,"scalinghealth:power_crystal_shard":23,"aquaculture:minnow":1,"minecraft:glass_bottle":1,"biomesoplenty:cherry_log":27,"minecraft:oak_planks":3,"aquaculture:jellyfish":1,"minecraft:book":82,"biomesoplenty:magic_sapling":1,"scalinghealth:heart_crystal_shard":21,"aquaculture:gar":1,"aquaculture:red_grouper":1,"minecraft:ink_sac":3,"minecraft:white_bed":2,"minecraft:dark_oak_log":44,"minecraft:spider_eye":5,"minecraft:diamond":2,"waystones:waystone":2,"evilcraft:dark_gem":47,"minecraft:granite":28,"minecraft:gray_wool":1,"minecraft:emerald":2,"minecraft:bread":2,"minecraft:oak_sapling":42,"minecraft:coal":40,"minecraft:ender_pearl":1,"minecraft:sunflower":1},"minecraft:killed_by":{"alexsmobs:capuchin_monkey":1},"minecraft:mined":{"minecraft:tuff":1,"scalinghealth:power_crystal_ore":1,"minecraft:white_bed":2,"biomesoplenty:cherry_log":1,"minecraft:farmland":1,"minecraft:deepslate_diamond_ore":2,"minecraft:oak_door":1,"minecraft:granite":28,"minecraft:allium":1,"minecraft:grass_block":12,"minecraft:coal_block":31,"minecraft:spawner":2,"minecraft:large_fern":3,"minecraft:hay_block":30,"minecraft:furnace":4,"minecraft:carrots":2,"minecraft:iron_ore":87,"minecraft:cobbled_deepslate":2,"minecraft:andesite":35,"evilcraft:dark_ore":5,"minecraft:gold_block":1,"minecraft:bookshelf":26,"minecraft:potatoes":16,"minecraft:deepslate_iron_ore":37,"scalinghealth:deepslate_power_crystal_ore":13,"minecraft:lantern":3,"minecraft:stone":563,"minecraft:iron_block":1,"sophisticatedbackpacks:backpack":1,"minecraft:deepslate_redstone_ore":6,"minecraft:crafting_table":6,"minecraft:torch":4,"minecraft:chest":5,"minecraft:rose_bush":1,"minecraft:copper_ore":8,"biomesoplenty:sprout":1,"minecraft:deepslate_gold_ore":5,"minecraft:lapis_ore":6,"minecraft:sugar_cane":4,"minecraft:diorite":16,"minecraft:wall_torch":4,"biomesoplenty:goldenrod":2,"minecraft:skeleton_skull":1,"biomesoplenty:blue_hydrangea":1,"evilcraft:dark_ore_deepslate":5,"minecraft:wheat":2,"minecraft:grass":78,"minecraft:oak_log":5,"minecraft:coal_ore":9,"minecraft:sunflower":1,"minecraft:dirt":8,"evilcraft:hardened_blood":4,"minecraft:oak_leaves":1,"minecraft:deepslate":21,"minecraft:fern":25},"minecraft:custom":{"minecraft:mob_kills":139,"minecraft:interact_with_crafting_table":48,"minecraft:open_barrel":2,"minecraft:damage_dealt_resisted":448,"minecraft:leave_game":3,"minecraft:time_since_death":36786,"minecraft:climb_one_cm":18224,"minecraft:sprint_one_cm":926256,"minecraft:walk_one_cm":601380,"minecraft:damage_blocked_by_shield":1020,"minecraft:drop":12,"minecraft:damage_dealt_absorbed":274,"minecraft:play_time":236638,"minecraft:sneak_time":7083,"minecraft:deaths":1,"minecraft:walk_under_water_one_cm":38934,"minecraft:boat_one_cm":258235,"minecraft:jump":4543,"minecraft:walk_on_water_one_cm":75969,"minecraft:total_world_time":236638,"minecraft:interact_with_furnace":55,"minecraft:stove_opened":1,"minecraft:sleep_in_bed":4,"minecraft:time_since_rest":36817,"minecraft:waystone_activated":3,"minecraft:damage_taken":4327,"minecraft:damage_dealt":30057,"minecraft:swim_one_cm":62739,"minecraft:fly_one_cm":992483,"minecraft:open_chest":281,"minecraft:crouch_one_cm":19396,"minecraft:fall_one_cm":127924},"minecraft:crafted":{"minecraft:black_dye":3,"evilcraft:dark_spike":16,"minecraft:oak_door":3,"minecraft:oak_planks":100,"minecraft:coal":108,"evilcraft:blood_chest":1,"minecraft:stone_button":8,"minecraft:stone":8,"minecraft:bone_meal":36,"securitycraft:keypad_item":1,"minecraft:heavy_weighted_pressure_plate":1,"minecraft:glass":24,"minecraft:bow":2,"evilcraft:blood_extractor":7,"minecraft:stone_pickaxe":4,"minecraft:chest":7,"evilcraft:darkened_apple":2,"minecraft:stone_hoe":1,"minecraft:magenta_dye":1,"scalinghealth:power_crystal":2,"sophisticatedbackpacks:iron_backpack":1,"minecraft:wheat":270,"evilcraft:blood_infusion_core":1,"minecraft:wooden_pickaxe":1,"minecraft:iron_helmet":1,"minecraft:iron_sword":1,"minecraft:copper_ingot":43,"sophisticatedbackpacks:gold_backpack":2,"scalinghealth:heart_crystal":2,"minecraft:bucket":1,"minecraft:stone_axe":1,"minecraft:bread":90,"minecraft:air":0,"minecraft:oak_boat":1,"minecraft:iron_chestplate":1,"minecraft:shield":1,"minecraft:stick":16,"minecraft:iron_ingot":111,"minecraft:iron_pickaxe":4,"minecraft:wooden_axe":1,"minecraft:stone_sword":1,"minecraft:iron_leggings":1,"minecraft:gold_ingot":14,"minecraft:torch":20},"minecraft:used":{"minecraft:stone_sword":82,"evilcraft:blood_chest":1,"minecraft:chest":12,"minecraft:shield":33,"minecraft:iron_sword":554,"minecraft:stone_hoe":85,"simpletomb:grave_key":1,"minecraft:oak_door":3,"minecraft:torch":31,"minecraft:dirt":21,"scalinghealth:heart_crystal":5,"securitycraft:keypad_item":1,"minecraft:granite":5,"minecraft:wooden_axe":41,"minecraft:lantern":6,"minecraft:iron_boots":1,"scalinghealth:power_crystal":2,"minecraft:bow":17,"minecraft:furnace":4,"minecraft:potato":97,"minecraft:egg":1,"minecraft:cobbled_deepslate":22,"minecraft:iron_leggings":1,"minecraft:water_bucket":40,"minecraft:stone_pickaxe":207,"minecraft:wooden_pickaxe":44,"minecraft:crafting_table":6,"minecraft:white_bed":2,"waystones:waystone":1,"sophisticatedbackpacks:backpack":2,"minecraft:bread":76,"minecraft:iron_pickaxe":666,"minecraft:stone_axe":17,"minecraft:cobblestone":96,"minecraft:andesite":2,"minecraft:bucket":41,"minecraft:oak_boat":10,"alexsmobs:animal_dictionary":2,"minecraft:bone_meal":36},"minecraft:broken":{"minecraft:wooden_axe":1},"minecraft:killed":{"minecraft:witch":1,"aquaculture:bluegill":1,"aquaculture:red_grouper":1,"alexsmobs:raccoon":3,"minecraft:spider":6,"alexsmobs:murmur":1,"aquaculture:gar":1,"alexsmobs:seagull":1,"minecraft:skeleton":24,"minecraft:horse":1,"minecraft:chicken":7,"alexsmobs:capuchin_monkey":5,"minecraft:drowned":1,"minecraft:pig":7,"minecraft:zombie_villager":1,"aquaculture:jellyfish":1,"minecraft:creeper":5,"minecraft:squid":1,"minecraft:sheep":9,"aquaculture:minnow":1,"minecraft:zombie":51,"minecraft:enderman":2,"minecraft:cow":6},"minecraft:dropped":{"minecraft:wheat_seeds":7,"simpletomb:grave_key":1,"minecraft:book":5,"evilcraft:dark_gem":1,"minecraft:wooden_axe":1,"minecraft:sunflower":1,"minecraft:iron_boots":1,"minecraft:oak_sapling":42}},"DataVersion":3120}