{"stats":{"minecraft:picked_up":{"minecraft:iron_chestplate":5,"minecraft:wheat":24,"minecraft:redstone_block":1,"minecraft:iron_trapdoor":2,"pfm:birch_table_dinner":2,"minecraft:string":16,"evilcraft:ender_tear":1,"minecraft:raw_copper":53,"minecraft:iron_leggings":6,"minecraft:armor_stand":6,"minecraft:zombie_head":3,"minecraft:experience_bottle":3,"minecraft:cobbled_deepslate":103,"minecraft:rose_bush":2,"minecraft:written_book":1,"minecraft:wooden_shovel":2,"minecraft:iron_pickaxe":1,"alexsmobs:raccoon_tail":1,"minecraft:iron_boots":5,"minecraft:furnace":2,"minecraft:golden_helmet":1,"minecraft:stick":96,"minecraft:torch":69,"minecraft:porkchop":54,"minecraft:diorite":35,"minecraft:pointed_dripstone":1,"minecraft:stone_sword":4,"minecraft:rotten_flesh":34,"minecraft:iron_block":1,"biomesoplenty:pink_cherry_sapling":3,"minecraft:cobblestone":1023,"biomesoplenty:lavender":58,"minecraft:birch_log":397,"minecraft:leather_chestplate":4,"minecraft:feather":1,"minecraft:lilac":13,"minecraft:andesite":14,"minecraft:potato":9,"minecraft:flint":1,"minecraft:tuff":3,"minecraft:dirt":136,"minecraft:stripped_birch_log":3,"minecraft:lantern":1,"runecraft:rune_q":13,"minecraft:bone":12,"minecraft:bow":1,"minecraft:wheat_seeds":88,"minecraft:raw_gold":1,"minecraft:rabbit":4,"solarcraft:empty_crystal":6,"biomesoplenty:cherry_log":81,"runecraft:rune_g":3,"minecraft:sand":14,"biomesoplenty:white_cherry_sapling":22,"sophisticatedbackpacks:iron_backpack":1,"minecraft:grass_block":2,"minecraft:lily_of_the_valley":1,"minecraft:diamond":3,"waystones:waystone":5,"minecraft:crossbow":1,"minecraft:granite":5,"minecraft:bone_meal":3,"minecraft:bread":5,"minecraft:emerald":2,"minecraft:oak_sapling":2,"minecraft:charcoal":94,"minecraft:crafting_table":5,"minecraft:ladder":7,"minecraft:pink_wool":2,"minecraft:chain":5,"evilcraft:poison_sac":2,"minecraft:item_frame":11,"minecraft:beef":54,"minecraft:light_gray_wool":2,"biomesoplenty:cherry_planks":130,"minecraft:chest":1,"minecraft:birch_sapling":138,"biomesoplenty:hanging_cobweb":5,"minecraft:egg":7,"minecraft:raw_iron":42,"minecraft:oak_door":3,"sophisticatedbackpacks:backpack":1,"minecraft:stone_button":5,"minecraft:carrot":3,"minecraft:tnt":5,"minecraft:arrow":26,"minecraft:peony":1,"minecraft:diamond_boots":2,"k_turrets:raw_titanium":27,"minecraft:hay_block":4,"minecraft:mutton":62,"minecraft:white_wool":46,"minecraft:skeleton_skull":1,"minecraft:leather":29,"minecraft:birch_planks":16,"minecraft:oak_log":7,"minecraft:yellow_bed":2,"biomesoplenty:jacaranda_planks":1,"minecraft:gunpowder":2,"scalinghealth:heart_crystal":2,"minecraft:white_banner":1,"scalinghealth:medkit":1,"minecraft:cooked_mutton":1,"minecraft:stone_pickaxe":7,"scalinghealth:power_crystal_shard":12,"aquaculture:minnow":2,"minecraft:iron_sword":4,"minecraft:book":2,"scalinghealth:heart_crystal_shard":23,"minecraft:dandelion":2,"minecraft:blast_furnace":1,"minecraft:white_bed":5,"minecraft:spider_eye":3,"minecraft:leather_helmet":2,"minecraft:firework_rocket":1,"minecraft:stone_axe":1,"minecraft:iron_helmet":5,"minecraft:chainmail_leggings":1,"evilcraft:dark_gem":10,"minecraft:painting":4,"minecraft:ender_pearl":1},"minecraft:killed_by":{"minecraft:creeper":2,"minecraft:zombie":4},"minecraft:mined":{"biomesoplenty:cherry_log":10,"minecraft:white_bed":5,"minecraft:granite":5,"minecraft:grass_block":53,"minecraft:spawner":1,"minecraft:tall_seagrass":1,"biomesoplenty:tall_lavender":1,"minecraft:iron_ore":9,"minecraft:cobbled_deepslate":6,"biomesoplenty:lavender":38,"biomesoplenty:hanging_cobweb":5,"minecraft:pointed_dripstone":1,"biomesoplenty:pink_cherry_leaves":15,"minecraft:iron_block":1,"biomesoplenty:hanging_cobweb_strand":1,"minecraft:torch":7,"minecraft:blast_furnace":1,"minecraft:chest":1,"minecraft:cobblestone":33,"minecraft:wall_torch":9,"minecraft:birch_sapling":30,"minecraft:skeleton_skull":1,"minecraft:chain":5,"minecraft:birch_log":6,"minecraft:wheat":24,"minecraft:lilac":10,"minecraft:tnt":5,"minecraft:grass":68,"biomesoplenty:clover":7,"minecraft:oak_log":7,"minecraft:sand":14,"minecraft:dirt":5,"minecraft:oak_leaves":13,"minecraft:deepslate":82,"minecraft:tuff":3,"alexsmobs:skunk_spray":2,"minecraft:deepslate_diamond_ore":3,"minecraft:oak_door":3,"minecraft:stripped_birch_log":3,"solarcraft:crystal":3,"minecraft:ladder":4,"biomesoplenty:bush":1,"minecraft:hay_block":4,"minecraft:furnace":2,"minecraft:andesite":14,"evilcraft:dark_ore":2,"minecraft:peony":1,"minecraft:deepslate_iron_ore":33,"minecraft:stone":654,"minecraft:white_wool":2,"minecraft:redstone_block":1,"minecraft:lily_of_the_valley":1,"minecraft:crafting_table":4,"biomesoplenty:white_cherry_sapling":1,"minecraft:rose_bush":3,"minecraft:campfire":13,"minecraft:tall_grass":10,"minecraft:copper_ore":10,"biomesoplenty:sprout":3,"minecraft:deepslate_gold_ore":1,"minecraft:diorite":35,"minecraft:birch_leaves":6,"minecraft:yellow_bed":2,"pfm:birch_table_dinner":2,"k_turrets:titanium_ore":8,"minecraft:zombie_head":2,"minecraft:gravel":1,"minecraft:cobweb":4,"minecraft:iron_trapdoor":1},"minecraft:custom":{"minecraft:interact_with_crafting_table":84,"minecraft:open_barrel":6,"minecraft:bell_ring":1,"minecraft:leave_game":4,"minecraft:time_since_death":13692,"minecraft:sprint_one_cm":1471804,"minecraft:damage_blocked_by_shield":3137,"minecraft:drop":83,"minecraft:play_time":348925,"minecraft:deaths":6,"minecraft:jump":5068,"minecraft:walk_on_water_one_cm":38974,"minecraft:interact_with_furnace":131,"minecraft:sleep_in_bed":26,"minecraft:waystone_activated":9,"minecraft:damage_dealt":23270,"minecraft:crouch_one_cm":7892,"minecraft:interact_with_smoker":2,"minecraft:mob_kills":146,"minecraft:damage_dealt_resisted":213,"minecraft:climb_one_cm":79788,"minecraft:walk_one_cm":890376,"minecraft:sneak_time":6792,"minecraft:walk_under_water_one_cm":13790,"minecraft:interact_with_blast_furnace":4,"minecraft:total_world_time":348925,"minecraft:time_since_rest":13762,"minecraft:damage_taken":6529,"minecraft:swim_one_cm":68205,"minecraft:fly_one_cm":799256,"minecraft:open_chest":185,"minecraft:fall_one_cm":123331},"minecraft:crafted":{"minecraft:oak_planks":24,"biomesoplenty:cherry_planks":324,"minecraft:stone":13,"securitycraft:keypad_item":1,"minecraft:heavy_weighted_pressure_plate":1,"minecraft:cooked_mutton":51,"minecraft:glass":5,"evilcraft:blood_extractor":6,"minecraft:chest":11,"minecraft:wooden_shovel":2,"sophisticatedbackpacks:backpack":1,"minecraft:cooked_porkchop":46,"minecraft:crafting_table":2,"minecraft:wooden_pickaxe":1,"minecraft:birch_planks":16,"biomesoplenty:cherry_trapdoor":2,"minecraft:charcoal":181,"minecraft:shield":1,"minecraft:stick":56,"minecraft:iron_ingot":49,"minecraft:stone_sword":2,"evilcraft:dark_spike":16,"minecraft:furnace":9,"minecraft:stone_button":13,"minecraft:ladder":24,"minecraft:stone_pickaxe":10,"minecraft:wheat":27,"sophisticatedbackpacks:iron_backpack":1,"minecraft:cooked_beef":45,"elevatorid:elevator_white":2,"minecraft:iron_trapdoor":1,"minecraft:iron_sword":1,"scalinghealth:heart_crystal":1,"minecraft:stone_axe":4,"minecraft:bread":16,"minecraft:wooden_axe":1,"minecraft:torch":100},"minecraft:used":{"minecraft:ladder":24,"minecraft:chest":10,"minecraft:shield":98,"minecraft:iron_sword":402,"minecraft:iron_chestplate":1,"minecraft:mutton":10,"securitycraft:keypad_item":1,"minecraft:lantern":1,"minecraft:birch_sapling":34,"minecraft:iron_helmet":1,"biomesoplenty:cherry_trapdoor":1,"minecraft:item_frame":2,"pfm:birch_table_dinner":2,"minecraft:hay_block":1,"minecraft:written_book":1,"minecraft:furnace":11,"minecraft:egg":6,"minecraft:stone_pickaxe":831,"minecraft:oak_planks":7,"minecraft:wooden_pickaxe":4,"minecraft:white_wool":8,"elevatorid:elevator_white":2,"minecraft:blast_furnace":1,"minecraft:crossbow":10,"waystones:waystone":4,"sophisticatedbackpacks:backpack":5,"minecraft:firework_rocket":1,"biomesoplenty:hanging_cobweb":4,"minecraft:bread":9,"minecraft:bone_meal":1,"minecraft:experience_bottle":3,"sophisticatedbackpacks:iron_backpack":3,"minecraft:stone_sword":360,"minecraft:armor_stand":7,"minecraft:wooden_shovel":50,"simpletomb:grave_key":10,"minecraft:oak_door":3,"minecraft:torch":113,"minecraft:dirt":65,"scalinghealth:heart_crystal":2,"minecraft:wooden_axe":6,"minecraft:iron_boots":1,"evilcraft:flesh_humanoid":1,"minecraft:beef":4,"minecraft:iron_trapdoor":1,"minecraft:cooked_beef":12,"minecraft:cobbled_deepslate":79,"minecraft:iron_leggings":1,"minecraft:wheat_seeds":63,"minecraft:cooked_mutton":24,"runecraft:rune_q":15,"minecraft:water_bucket":15,"minecraft:crafting_table":5,"minecraft:white_bed":4,"minecraft:painting":4,"minecraft:oak_log":1,"minecraft:iron_pickaxe":108,"minecraft:stone_axe":189,"minecraft:cobblestone":75,"minecraft:cooked_porkchop":6,"minecraft:porkchop":8,"minecraft:bucket":16,"minecraft:yellow_bed":2,"alexsmobs:animal_dictionary":1,"minecraft:chainmail_leggings":1},"minecraft:broken":{"minecraft:stone_pickaxe":3,"minecraft:stone_axe":4,"minecraft:iron_sword":1,"minecraft:wooden_axe":1,"minecraft:stone_sword":2,"minecraft:shield":1},"minecraft:killed":{"minecraft:spider":11,"minecraft:skeleton":11,"minecraft:pig":26,"minecraft:zombie_villager":2,"minecraft:sheep":36,"minecraft:zombie":22,"minecraft:cow":26,"alexsmobs:raccoon":3,"alexsmobs:tasmanian_devil":1,"alexsmobs:skunk":1,"evilcraft:poisonous_libelle":1,"minecraft:enderman":3},"minecraft:dropped":{"minecraft:iron_sword":3,"minecraft:birch_planks":8,"biomesoplenty:hanging_cobweb":1,"minecraft:leather":9,"aquaculture:minnow":2,"minecraft:emerald":1,"minecraft:dirt":50,"minecraft:bone_meal":2,"minecraft:bone":2,"minecraft:armor_stand":1,"minecraft:stone_axe":1,"minecraft:wheat":2,"minecraft:birch_sapling":33,"minecraft:pointed_dripstone":1,"minecraft:rotten_flesh":32,"evilcraft:poison_sac":1,"minecraft:leather_chestplate":1,"k_turrets:raw_titanium":10,"minecraft:chest":1,"minecraft:written_book":1,"minecraft:bread":1,"minecraft:wheat_seeds":3,"minecraft:lilac":11,"biomesoplenty:lavender":36,"scalinghealth:heart_crystal_shard":8,"minecraft:feather":1,"biomesoplenty:jacaranda_planks":1,"minecraft:stick":1,"minecraft:torch":1,"minecraft:rabbit":2,"minecraft:zombie_head":2,"minecraft:chainmail_leggings":1,"minecraft:string":8,"minecraft:dandelion":2,"minecraft:stone_sword":1,"minecraft:light_gray_wool":1,"sophisticatedbackpacks:backpack":1,"scalinghealth:power_crystal_shard":4,"minecraft:lily_of_the_valley":1,"minecraft:peony":1,"minecraft:oak_sapling":2,"minecraft:stone_pickaxe":6}},"DataVersion":3120}