{"stats":{"minecraft:broken":{"minecraft:stone_sword":2,"minecraft:stone_pickaxe":3,"minecraft:stone_axe":3,"minecraft:wooden_axe":1},"minecraft:killed":{"alexsmobs:raccoon":1,"minecraft:spider":6,"minecraft:skeleton":4,"minecraft:pig":26,"minecraft:zombie_villager":2,"minecraft:sheep":26,"evilcraft:poisonous_libelle":1,"minecraft:zombie":7,"minecraft:enderman":3,"minecraft:cow":22},"minecraft:picked_up":{"minecraft:iron_chestplate":4,"minecraft:charcoal":10,"minecraft:crafting_table":4,"minecraft:wheat":24,"minecraft:ladder":3,"minecraft:iron_trapdoor":1,"minecraft:pink_wool":1,"pfm:birch_table_dinner":1,"minecraft:iron_leggings":4,"evilcraft:ender_tear":1,"minecraft:string":8,"minecraft:raw_copper":34,"evilcraft:poison_sac":2,"minecraft:armor_stand":5,"minecraft:item_frame":9,"minecraft:beef":44,"minecraft:written_book":1,"minecraft:rose_bush":2,"minecraft:iron_pickaxe":1,"alexsmobs:raccoon_tail":1,"minecraft:light_gray_wool":2,"biomesoplenty:cherry_planks":108,"minecraft:chest":1,"minecraft:birch_sapling":136,"minecraft:iron_boots":4,"minecraft:egg":6,"minecraft:furnace":2,"minecraft:stick":95,"minecraft:raw_iron":4,"minecraft:torch":3,"minecraft:porkchop":54,"minecraft:diorite":33,"minecraft:carrot":1,"minecraft:arrow":5,"minecraft:stone_sword":3,"minecraft:rotten_flesh":25,"minecraft:peony":1,"k_turrets:raw_titanium":19,"minecraft:diamond_boots":1,"minecraft:hay_block":4,"minecraft:iron_block":1,"biomesoplenty:pink_cherry_sapling":3,"minecraft:mutton":41,"minecraft:white_wool":27,"minecraft:cobblestone":647,"biomesoplenty:lavender":47,"minecraft:birch_log":393,"minecraft:leather_chestplate":3,"minecraft:feather":1,"minecraft:lilac":11,"minecraft:leather":19,"minecraft:birch_planks":16,"minecraft:oak_log":7,"minecraft:yellow_bed":2,"biomesoplenty:jacaranda_planks":1,"minecraft:gunpowder":2,"scalinghealth:heart_crystal":1,"minecraft:dirt":133,"minecraft:stripped_birch_log":3,"minecraft:lantern":1,"scalinghealth:medkit":1,"runecraft:rune_q":13,"minecraft:cooked_mutton":1,"minecraft:bone":6,"minecraft:bow":1,"minecraft:wheat_seeds":81,"minecraft:stone_pickaxe":5,"scalinghealth:power_crystal_shard":8,"minecraft:iron_sword":1,"biomesoplenty:cherry_log":81,"runecraft:rune_g":3,"minecraft:book":2,"scalinghealth:heart_crystal_shard":8,"minecraft:dandelion":2,"biomesoplenty:white_cherry_sapling":22,"minecraft:white_bed":4,"minecraft:grass_block":2,"minecraft:lily_of_the_valley":1,"minecraft:spider_eye":1,"minecraft:leather_helmet":1,"minecraft:firework_rocket":1,"minecraft:stone_axe":1,"waystones:waystone":4,"minecraft:iron_helmet":4,"evilcraft:dark_gem":10,"minecraft:granite":3,"minecraft:bone_meal":3,"minecraft:bread":5,"minecraft:oak_sapling":2,"minecraft:ender_pearl":1},"minecraft:mined":{"alexsmobs:skunk_spray":2,"biomesoplenty:cherry_log":10,"minecraft:white_bed":4,"minecraft:stripped_birch_log":3,"minecraft:granite":3,"minecraft:ladder":3,"biomesoplenty:bush":1,"minecraft:grass_block":52,"minecraft:hay_block":4,"minecraft:tall_seagrass":1,"biomesoplenty:tall_lavender":1,"minecraft:furnace":2,"minecraft:iron_ore":4,"biomesoplenty:lavender":38,"evilcraft:dark_ore":2,"minecraft:peony":1,"biomesoplenty:pink_cherry_leaves":15,"minecraft:stone":591,"minecraft:iron_block":1,"minecraft:white_wool":2,"minecraft:lily_of_the_valley":1,"minecraft:crafting_table":4,"biomesoplenty:white_cherry_sapling":1,"minecraft:chest":1,"minecraft:rose_bush":3,"minecraft:campfire":5,"minecraft:tall_grass":9,"minecraft:copper_ore":10,"minecraft:cobblestone":33,"biomesoplenty:sprout":3,"minecraft:diorite":33,"minecraft:wall_torch":3,"minecraft:birch_sapling":30,"minecraft:birch_log":6,"minecraft:wheat":24,"minecraft:lilac":8,"minecraft:birch_leaves":6,"minecraft:yellow_bed":2,"pfm:birch_table_dinner":1,"k_turrets:titanium_ore":8,"minecraft:grass":63,"biomesoplenty:clover":5,"minecraft:oak_log":7,"minecraft:dirt":5,"minecraft:cobweb":4,"minecraft:oak_leaves":11,"minecraft:iron_trapdoor":1},"minecraft:custom":{"minecraft:mob_kills":102,"minecraft:interact_with_crafting_table":67,"minecraft:open_barrel":6,"minecraft:bell_ring":1,"minecraft:leave_game":2,"minecraft:time_since_death":81769,"minecraft:climb_one_cm":58713,"minecraft:sprint_one_cm":1067830,"minecraft:walk_one_cm":568390,"minecraft:damage_blocked_by_shield":1799,"minecraft:drop":57,"minecraft:play_time":230839,"minecraft:deaths":5,"minecraft:sneak_time":4924,"minecraft:walk_under_water_one_cm":4440,"minecraft:jump":3712,"minecraft:interact_with_blast_furnace":2,"minecraft:walk_on_water_one_cm":19393,"minecraft:total_world_time":230839,"minecraft:interact_with_furnace":75,"minecraft:sleep_in_bed":17,"minecraft:time_since_rest":17029,"minecraft:waystone_activated":5,"minecraft:damage_taken":5012,"minecraft:damage_dealt":14049,"minecraft:swim_one_cm":40269,"minecraft:fly_one_cm":649477,"minecraft:open_chest":88,"minecraft:crouch_one_cm":6672,"minecraft:fall_one_cm":99271},"minecraft:dropped":{"minecraft:bread":1,"minecraft:birch_planks":8,"minecraft:wheat_seeds":3,"minecraft:lilac":11,"scalinghealth:heart_crystal_shard":8,"minecraft:feather":1,"biomesoplenty:lavender":36,"minecraft:leather":3,"biomesoplenty:jacaranda_planks":1,"minecraft:stick":1,"minecraft:dirt":50,"minecraft:bone_meal":2,"minecraft:dandelion":2,"minecraft:bone":2,"minecraft:armor_stand":1,"minecraft:stone_axe":1,"minecraft:stone_sword":1,"minecraft:birch_sapling":33,"minecraft:wheat":2,"minecraft:rotten_flesh":25,"minecraft:light_gray_wool":1,"evilcraft:poison_sac":1,"scalinghealth:power_crystal_shard":4,"minecraft:lily_of_the_valley":1,"minecraft:leather_chestplate":1,"minecraft:peony":1,"minecraft:oak_sapling":2,"k_turrets:raw_titanium":10,"minecraft:stone_pickaxe":5,"minecraft:written_book":1},"minecraft:killed_by":{"minecraft:creeper":2,"minecraft:zombie":3},"minecraft:used":{"minecraft:stone_sword":360,"minecraft:armor_stand":1,"minecraft:ladder":24,"minecraft:chest":10,"minecraft:shield":48,"minecraft:iron_sword":127,"minecraft:wooden_shovel":50,"simpletomb:grave_key":9,"minecraft:iron_chestplate":1,"minecraft:torch":13,"minecraft:dirt":63,"minecraft:mutton":10,"securitycraft:keypad_item":1,"minecraft:wooden_axe":6,"minecraft:birch_sapling":34,"minecraft:iron_helmet":1,"biomesoplenty:cherry_trapdoor":1,"minecraft:iron_boots":1,"evilcraft:flesh_humanoid":1,"pfm:birch_table_dinner":1,"minecraft:beef":4,"minecraft:hay_block":1,"minecraft:written_book":1,"minecraft:iron_trapdoor":1,"minecraft:furnace":11,"minecraft:egg":5,"minecraft:cooked_beef":12,"minecraft:wheat_seeds":63,"minecraft:cooked_mutton":10,"runecraft:rune_q":15,"minecraft:stone_pickaxe":694,"minecraft:oak_planks":7,"minecraft:wooden_pickaxe":4,"minecraft:white_wool":8,"minecraft:crafting_table":5,"minecraft:white_bed":4,"minecraft:crossbow":10,"minecraft:oak_log":1,"waystones:waystone":3,"sophisticatedbackpacks:backpack":1,"minecraft:firework_rocket":1,"minecraft:bread":4,"minecraft:iron_pickaxe":1,"minecraft:stone_axe":179,"minecraft:cobblestone":75,"minecraft:cooked_porkchop":6,"minecraft:porkchop":8,"minecraft:bone_meal":1,"minecraft:chainmail_leggings":1},"minecraft:crafted":{"minecraft:oak_planks":24,"biomesoplenty:cherry_planks":324,"minecraft:furnace":9,"minecraft:stone_button":13,"minecraft:stone":13,"securitycraft:keypad_item":1,"minecraft:heavy_weighted_pressure_plate":1,"minecraft:cooked_mutton":29,"minecraft:ladder":24,"minecraft:stone_pickaxe":10,"minecraft:chest":11,"minecraft:cooked_beef":27,"minecraft:wooden_shovel":2,"sophisticatedbackpacks:backpack":1,"minecraft:cooked_porkchop":37,"minecraft:iron_trapdoor":1,"minecraft:crafting_table":2,"minecraft:wooden_pickaxe":1,"minecraft:iron_sword":1,"minecraft:birch_planks":16,"minecraft:stone_axe":4,"biomesoplenty:cherry_trapdoor":2,"minecraft:charcoal":181,"minecraft:shield":1,"minecraft:stick":56,"minecraft:iron_ingot":4,"minecraft:wooden_axe":1,"minecraft:stone_sword":2,"minecraft:torch":100}},"DataVersion":3120}