{"stats":{"minecraft:custom":{"minecraft:interact_with_furnace":2,"minecraft:mob_kills":15,"minecraft:interact_with_crafting_table":1,"minecraft:open_barrel":6,"minecraft:bell_ring":1,"minecraft:time_since_death":46992,"minecraft:sleep_in_bed":6,"minecraft:climb_one_cm":10163,"minecraft:time_since_rest":4518,"minecraft:sprint_one_cm":255815,"minecraft:damage_taken":1424,"minecraft:walk_one_cm":119608,"minecraft:drop":15,"minecraft:damage_dealt":1605,"minecraft:swim_one_cm":8242,"minecraft:fly_one_cm":225425,"minecraft:open_chest":5,"minecraft:crouch_one_cm":1316,"minecraft:play_time":46992,"minecraft:sneak_time":764,"minecraft:walk_under_water_one_cm":1438,"minecraft:jump":1242,"minecraft:interact_with_blast_furnace":2,"minecraft:walk_on_water_one_cm":2764,"minecraft:total_world_time":46992,"minecraft:fall_one_cm":44973},"minecraft:dropped":{"minecraft:bread":1,"minecraft:wheat_seeds":2,"minecraft:wheat":2,"minecraft:rotten_flesh":16,"minecraft:light_gray_wool":1,"biomesoplenty:jacaranda_planks":1,"minecraft:stick":1,"minecraft:dirt":3,"minecraft:oak_sapling":1,"minecraft:armor_stand":1,"minecraft:bone":2},"minecraft:killed":{"minecraft:pig":3,"minecraft:zombie_villager":1,"minecraft:sheep":7,"minecraft:skeleton":1,"minecraft:zombie":2,"minecraft:cow":2},"minecraft:crafted":{"minecraft:oak_planks":16,"minecraft:crafting_table":1,"minecraft:stick":4,"minecraft:wooden_axe":1},"minecraft:used":{"minecraft:cooked_mutton":1,"minecraft:stone_sword":66,"minecraft:oak_planks":7,"minecraft:white_wool":8,"minecraft:dirt":6,"minecraft:mutton":10,"minecraft:crafting_table":1,"minecraft:crossbow":10,"minecraft:white_bed":1,"minecraft:wooden_axe":6,"minecraft:firework_rocket":1,"minecraft:bread":4,"minecraft:beef":3,"minecraft:porkchop":3,"minecraft:chainmail_leggings":1},"minecraft:mined":{"biomesoplenty:cherry_log":10,"minecraft:white_bed":2,"minecraft:lily_of_the_valley":1,"minecraft:crafting_table":1,"biomesoplenty:white_cherry_sapling":1,"minecraft:grass_block":5,"minecraft:tall_grass":2,"biomesoplenty:lavender":6,"minecraft:grass":11,"minecraft:oak_log":4,"biomesoplenty:pink_cherry_leaves":15,"minecraft:dirt":1,"minecraft:white_wool":2,"minecraft:oak_leaves":10},"minecraft:picked_up":{"biomesoplenty:lavender":12,"minecraft:crafting_table":1,"minecraft:leather_chestplate":1,"minecraft:wheat":2,"minecraft:leather":2,"minecraft:oak_log":4,"biomesoplenty:jacaranda_planks":1,"minecraft:dirt":9,"evilcraft:poison_sac":1,"minecraft:cooked_mutton":1,"minecraft:item_frame":9,"minecraft:bone":2,"minecraft:wheat_seeds":4,"minecraft:beef":4,"minecraft:stone_pickaxe":1,"scalinghealth:power_crystal_shard":4,"minecraft:light_gray_wool":1,"biomesoplenty:cherry_log":81,"minecraft:stick":13,"minecraft:porkchop":4,"biomesoplenty:white_cherry_sapling":22,"minecraft:white_bed":2,"minecraft:carrot":1,"minecraft:lily_of_the_valley":1,"minecraft:leather_helmet":1,"minecraft:firework_rocket":1,"minecraft:stone_sword":1,"minecraft:arrow":1,"minecraft:rotten_flesh":16,"minecraft:diamond_boots":1,"minecraft:bone_meal":1,"minecraft:bread":5,"minecraft:oak_sapling":2,"biomesoplenty:pink_cherry_sapling":3,"minecraft:mutton":11,"minecraft:white_wool":8},"minecraft:broken":{"minecraft:wooden_axe":1}},"DataVersion":3120}