{"stats":{"minecraft:dropped":{"minecraft:bread":1,"minecraft:dirt":3,"minecraft:wheat_seeds":2,"minecraft:wheat":2,"minecraft:oak_sapling":1,"minecraft:light_gray_wool":1,"minecraft:rotten_flesh":16,"biomesoplenty:jacaranda_planks":1,"minecraft:bone":2,"minecraft:stick":1,"minecraft:armor_stand":1},"minecraft:custom":{"minecraft:time_since_rest":7269,"minecraft:interact_with_furnace":2,"minecraft:sprint_one_cm":198957,"minecraft:damage_taken":1059,"minecraft:walk_one_cm":86803,"minecraft:mob_kills":15,"minecraft:drop":15,"minecraft:damage_dealt":1592,"minecraft:swim_one_cm":4227,"minecraft:fly_one_cm":176688,"minecraft:open_barrel":6,"minecraft:open_chest":2,"minecraft:crouch_one_cm":580,"minecraft:play_time":34992,"minecraft:sneak_time":260,"minecraft:bell_ring":1,"minecraft:walk_under_water_one_cm":872,"minecraft:jump":953,"minecraft:interact_with_blast_furnace":2,"minecraft:walk_on_water_one_cm":1251,"minecraft:time_since_death":34992,"minecraft:sleep_in_bed":5,"minecraft:climb_one_cm":7541,"minecraft:total_world_time":34992,"minecraft:fall_one_cm":35896},"minecraft:killed":{"minecraft:skeleton":1,"minecraft:sheep":7,"minecraft:zombie":2,"minecraft:pig":3,"minecraft:zombie_villager":1,"minecraft:cow":2},"minecraft:crafted":{"minecraft:oak_planks":16,"minecraft:crafting_table":1},"minecraft:used":{"minecraft:cooked_mutton":1,"minecraft:stone_sword":66,"minecraft:firework_rocket":1,"minecraft:bread":4,"minecraft:dirt":6,"minecraft:mutton":3,"minecraft:porkchop":3,"minecraft:crossbow":9,"minecraft:chainmail_leggings":1},"minecraft:mined":{"minecraft:white_bed":1,"biomesoplenty:lavender":6,"biomesoplenty:pink_cherry_leaves":1,"minecraft:oak_log":4,"minecraft:grass":10,"minecraft:grass_block":5,"minecraft:dirt":1,"minecraft:tall_grass":2,"minecraft:white_wool":2,"minecraft:oak_leaves":10},"minecraft:picked_up":{"minecraft:stick":1,"minecraft:wheat":2,"minecraft:leather_chestplate":1,"minecraft:leather":2,"minecraft:porkchop":4,"minecraft:oak_log":4,"minecraft:white_bed":1,"biomesoplenty:jacaranda_planks":1,"minecraft:carrot":1,"minecraft:dirt":9,"minecraft:leather_helmet":1,"evilcraft:poison_sac":1,"minecraft:cooked_mutton":1,"minecraft:item_frame":9,"minecraft:firework_rocket":1,"minecraft:stone_sword":1,"minecraft:bone":2,"minecraft:arrow":1,"minecraft:rotten_flesh":16,"minecraft:wheat_seeds":4,"minecraft:diamond_boots":1,"minecraft:beef":4,"minecraft:stone_pickaxe":1,"minecraft:bone_meal":1,"scalinghealth:power_crystal_shard":4,"minecraft:bread":5,"minecraft:light_gray_wool":1,"biomesoplenty:pink_cherry_sapling":1,"minecraft:oak_sapling":2,"minecraft:mutton":11,"minecraft:white_wool":8,"biomesoplenty:lavender":12}},"DataVersion":3120}