{"stats":{"minecraft:custom":{"minecraft:mob_kills":48,"minecraft:interact_with_crafting_table":43,"minecraft:open_barrel":6,"minecraft:bell_ring":1,"minecraft:leave_game":2,"minecraft:time_since_death":734,"minecraft:climb_one_cm":24928,"minecraft:sprint_one_cm":567706,"minecraft:walk_one_cm":309829,"minecraft:drop":33,"minecraft:deaths":1,"minecraft:play_time":129073,"minecraft:sneak_time":2203,"minecraft:walk_under_water_one_cm":1882,"minecraft:jump":2208,"minecraft:interact_with_blast_furnace":2,"minecraft:walk_on_water_one_cm":8335,"minecraft:total_world_time":129073,"minecraft:interact_with_furnace":41,"minecraft:sleep_in_bed":11,"minecraft:time_since_rest":786,"minecraft:waystone_activated":3,"minecraft:damage_taken":2073,"minecraft:damage_dealt":5092,"minecraft:swim_one_cm":16627,"minecraft:fly_one_cm":397867,"minecraft:open_chest":24,"minecraft:crouch_one_cm":3412,"minecraft:fall_one_cm":67568},"minecraft:mined":{"alexsmobs:skunk_spray":2,"biomesoplenty:cherry_log":10,"minecraft:white_bed":4,"minecraft:stripped_birch_log":1,"minecraft:ladder":3,"minecraft:grass_block":52,"minecraft:tall_seagrass":1,"biomesoplenty:tall_lavender":1,"minecraft:furnace":2,"minecraft:iron_ore":2,"biomesoplenty:lavender":34,"biomesoplenty:pink_cherry_leaves":15,"minecraft:stone":466,"minecraft:white_wool":2,"minecraft:lily_of_the_valley":1,"biomesoplenty:white_cherry_sapling":1,"minecraft:crafting_table":4,"minecraft:cobblestone":31,"minecraft:tall_grass":3,"minecraft:copper_ore":10,"biomesoplenty:sprout":1,"minecraft:wall_torch":2,"minecraft:birch_sapling":1,"minecraft:birch_log":4,"minecraft:lilac":2,"minecraft:birch_leaves":5,"k_turrets:titanium_ore":8,"minecraft:grass":34,"minecraft:oak_log":7,"minecraft:dirt":4,"minecraft:oak_leaves":10,"minecraft:iron_trapdoor":1},"minecraft:broken":{"minecraft:stone_sword":1,"minecraft:stone_pickaxe":3,"minecraft:stone_axe":1,"minecraft:wooden_axe":1},"minecraft:killed":{"minecraft:skeleton":1,"minecraft:pig":16,"minecraft:zombie_villager":1,"minecraft:sheep":19,"minecraft:zombie":2,"minecraft:cow":9},"minecraft:used":{"minecraft:stone_sword":217,"minecraft:ladder":24,"minecraft:chest":10,"minecraft:wooden_shovel":50,"minecraft:torch":8,"minecraft:dirt":6,"minecraft:mutton":10,"securitycraft:keypad_item":1,"minecraft:wooden_axe":6,"biomesoplenty:cherry_trapdoor":1,"minecraft:beef":4,"minecraft:iron_trapdoor":1,"minecraft:furnace":11,"minecraft:egg":4,"minecraft:cooked_mutton":1,"minecraft:stone_pickaxe":531,"minecraft:oak_planks":7,"minecraft:white_wool":8,"minecraft:crafting_table":5,"minecraft:crossbow":10,"minecraft:white_bed":4,"minecraft:oak_log":1,"waystones:waystone":3,"minecraft:firework_rocket":1,"minecraft:bread":4,"minecraft:stone_axe":23,"minecraft:cobblestone":50,"minecraft:porkchop":8,"minecraft:cooked_porkchop":5,"minecraft:bone_meal":1,"minecraft:chainmail_leggings":1},"minecraft:killed_by":{"minecraft:creeper":1},"minecraft:picked_up":{"minecraft:crafting_table":4,"minecraft:wheat":2,"minecraft:ladder":3,"minecraft:iron_trapdoor":1,"minecraft:pink_wool":1,"minecraft:raw_copper":34,"evilcraft:poison_sac":1,"minecraft:item_frame":9,"minecraft:beef":20,"minecraft:light_gray_wool":1,"biomesoplenty:cherry_planks":108,"minecraft:birch_sapling":35,"minecraft:furnace":2,"minecraft:egg":4,"minecraft:stick":39,"minecraft:raw_iron":2,"minecraft:torch":2,"minecraft:porkchop":32,"minecraft:carrot":1,"minecraft:stone_sword":2,"minecraft:arrow":1,"minecraft:rotten_flesh":16,"minecraft:diamond_boots":1,"k_turrets:raw_titanium":19,"biomesoplenty:pink_cherry_sapling":3,"minecraft:mutton":30,"minecraft:white_wool":19,"minecraft:cobblestone":524,"biomesoplenty:lavender":44,"minecraft:birch_log":123,"minecraft:leather_chestplate":1,"minecraft:lilac":6,"minecraft:leather":6,"minecraft:oak_log":7,"biomesoplenty:jacaranda_planks":1,"minecraft:dirt":75,"minecraft:stripped_birch_log":1,"minecraft:cooked_mutton":1,"minecraft:bone":2,"minecraft:wheat_seeds":10,"minecraft:stone_pickaxe":4,"scalinghealth:power_crystal_shard":8,"biomesoplenty:cherry_log":81,"biomesoplenty:white_cherry_sapling":22,"minecraft:white_bed":4,"minecraft:lily_of_the_valley":1,"minecraft:leather_helmet":1,"minecraft:firework_rocket":1,"waystones:waystone":4,"minecraft:bone_meal":2,"minecraft:bread":5,"minecraft:oak_sapling":2},"minecraft:crafted":{"minecraft:oak_planks":24,"biomesoplenty:cherry_planks":324,"minecraft:furnace":9,"minecraft:stone_button":13,"minecraft:stone":13,"securitycraft:keypad_item":1,"minecraft:heavy_weighted_pressure_plate":1,"minecraft:ladder":24,"minecraft:stone_pickaxe":4,"minecraft:chest":10,"minecraft:wooden_shovel":2,"minecraft:cooked_porkchop":5,"minecraft:iron_trapdoor":1,"minecraft:crafting_table":2,"minecraft:stone_axe":1,"biomesoplenty:cherry_trapdoor":2,"minecraft:charcoal":119,"minecraft:stick":48,"minecraft:iron_ingot":2,"minecraft:wooden_axe":1,"minecraft:stone_sword":1,"minecraft:torch":48},"minecraft:dropped":{"minecraft:bread":1,"minecraft:wheat_seeds":2,"minecraft:lilac":6,"biomesoplenty:lavender":33,"biomesoplenty:jacaranda_planks":1,"minecraft:stick":1,"minecraft:dirt":50,"minecraft:bone_meal":1,"minecraft:bone":2,"minecraft:armor_stand":1,"minecraft:wheat":2,"minecraft:birch_sapling":33,"minecraft:rotten_flesh":16,"minecraft:light_gray_wool":1,"scalinghealth:power_crystal_shard":4,"evilcraft:poison_sac":1,"minecraft:lily_of_the_valley":1,"minecraft:oak_sapling":2,"k_turrets:raw_titanium":10,"minecraft:stone_pickaxe":3}},"DataVersion":3120}