{"stats":{"minecraft:custom":{"minecraft:interact_with_furnace":2,"minecraft:mob_kills":19,"minecraft:interact_with_crafting_table":2,"minecraft:open_barrel":6,"minecraft:bell_ring":1,"minecraft:time_since_death":58992,"minecraft:sleep_in_bed":7,"minecraft:climb_one_cm":10163,"minecraft:time_since_rest":2935,"minecraft:sprint_one_cm":335950,"minecraft:damage_taken":1424,"minecraft:walk_one_cm":146820,"minecraft:drop":19,"minecraft:damage_dealt":2025,"minecraft:swim_one_cm":8242,"minecraft:fly_one_cm":242012,"minecraft:open_chest":5,"minecraft:crouch_one_cm":1316,"minecraft:play_time":58992,"minecraft:sneak_time":764,"minecraft:walk_under_water_one_cm":1438,"minecraft:jump":1330,"minecraft:interact_with_blast_furnace":2,"minecraft:walk_on_water_one_cm":2764,"minecraft:total_world_time":58992,"minecraft:fall_one_cm":45658},"minecraft:dropped":{"minecraft:bread":1,"minecraft:wheat_seeds":2,"minecraft:lilac":4,"minecraft:wheat":2,"biomesoplenty:lavender":12,"minecraft:rotten_flesh":16,"minecraft:light_gray_wool":1,"biomesoplenty:jacaranda_planks":1,"evilcraft:poison_sac":1,"minecraft:lily_of_the_valley":1,"minecraft:stick":1,"minecraft:dirt":3,"minecraft:oak_sapling":1,"minecraft:armor_stand":1,"minecraft:bone":2},"minecraft:killed":{"minecraft:pig":7,"minecraft:zombie_villager":1,"minecraft:sheep":7,"minecraft:skeleton":1,"minecraft:zombie":2,"minecraft:cow":2},"minecraft:crafted":{"minecraft:oak_planks":16,"biomesoplenty:cherry_planks":324,"minecraft:wooden_shovel":2,"minecraft:crafting_table":1,"minecraft:stick":4,"minecraft:wooden_axe":1},"minecraft:used":{"minecraft:cooked_mutton":1,"minecraft:stone_sword":80,"minecraft:stone_pickaxe":119,"minecraft:oak_planks":7,"minecraft:wooden_shovel":50,"minecraft:white_wool":8,"minecraft:dirt":6,"minecraft:mutton":10,"minecraft:crafting_table":2,"minecraft:crossbow":10,"minecraft:white_bed":2,"minecraft:wooden_axe":6,"minecraft:firework_rocket":1,"minecraft:bread":4,"minecraft:beef":4,"minecraft:porkchop":8,"minecraft:chainmail_leggings":1},"minecraft:mined":{"alexsmobs:skunk_spray":2,"biomesoplenty:cherry_log":10,"minecraft:white_bed":3,"minecraft:lily_of_the_valley":1,"minecraft:crafting_table":2,"biomesoplenty:white_cherry_sapling":1,"minecraft:grass_block":52,"minecraft:copper_ore":4,"minecraft:tall_grass":2,"biomesoplenty:lavender":6,"k_turrets:titanium_ore":1,"minecraft:grass":14,"minecraft:oak_log":4,"biomesoplenty:pink_cherry_leaves":15,"minecraft:dirt":4,"minecraft:stone":114,"minecraft:white_wool":2,"minecraft:oak_leaves":10},"minecraft:picked_up":{"biomesoplenty:lavender":12,"minecraft:crafting_table":2,"minecraft:leather_chestplate":1,"minecraft:wheat":2,"minecraft:lilac":4,"minecraft:leather":2,"minecraft:oak_log":4,"biomesoplenty:jacaranda_planks":1,"minecraft:dirt":56,"minecraft:raw_copper":15,"evilcraft:poison_sac":1,"minecraft:cooked_mutton":1,"minecraft:item_frame":9,"minecraft:bone":2,"minecraft:wheat_seeds":7,"minecraft:beef":4,"minecraft:stone_pickaxe":1,"scalinghealth:power_crystal_shard":4,"minecraft:light_gray_wool":1,"biomesoplenty:cherry_log":81,"minecraft:stick":13,"minecraft:porkchop":13,"biomesoplenty:white_cherry_sapling":22,"minecraft:white_bed":3,"minecraft:carrot":1,"minecraft:lily_of_the_valley":1,"minecraft:leather_helmet":1,"minecraft:firework_rocket":1,"minecraft:stone_sword":1,"minecraft:arrow":1,"minecraft:rotten_flesh":16,"minecraft:diamond_boots":1,"minecraft:bone_meal":1,"minecraft:bread":5,"minecraft:cobblestone":64,"minecraft:oak_sapling":2,"biomesoplenty:pink_cherry_sapling":3,"minecraft:mutton":11,"minecraft:white_wool":8},"minecraft:broken":{"minecraft:wooden_axe":1}},"DataVersion":3120}