{"stats":{"minecraft:dropped":{"minecraft:bread":1,"minecraft:dirt":1},"minecraft:custom":{"minecraft:time_since_rest":20867,"minecraft:interact_with_furnace":2,"minecraft:sprint_one_cm":138870,"minecraft:damage_taken":736,"minecraft:walk_one_cm":65978,"minecraft:mob_kills":10,"minecraft:drop":2,"minecraft:damage_dealt":884,"minecraft:swim_one_cm":2210,"minecraft:fly_one_cm":107207,"minecraft:open_barrel":6,"minecraft:open_chest":2,"minecraft:crouch_one_cm":407,"minecraft:play_time":22992,"minecraft:sneak_time":97,"minecraft:bell_ring":1,"minecraft:walk_under_water_one_cm":689,"minecraft:jump":526,"minecraft:interact_with_blast_furnace":2,"minecraft:walk_on_water_one_cm":486,"minecraft:time_since_death":22992,"minecraft:sleep_in_bed":1,"minecraft:climb_one_cm":7541,"minecraft:total_world_time":22992,"minecraft:fall_one_cm":19841},"minecraft:killed":{"minecraft:skeleton":1,"minecraft:sheep":7,"minecraft:pig":2},"minecraft:used":{"minecraft:cooked_mutton":1,"minecraft:stone_sword":29,"minecraft:firework_rocket":1,"minecraft:bread":2,"minecraft:dirt":3,"minecraft:porkchop":3,"minecraft:crossbow":4,"minecraft:chainmail_leggings":1},"minecraft:mined":{"minecraft:white_bed":1,"minecraft:grass":5,"minecraft:grass_block":5,"minecraft:tall_grass":1},"minecraft:picked_up":{"minecraft:wheat":2,"minecraft:leather_chestplate":1,"minecraft:porkchop":3,"minecraft:white_bed":1,"minecraft:carrot":1,"minecraft:dirt":6,"minecraft:leather_helmet":1,"evilcraft:poison_sac":1,"minecraft:cooked_mutton":1,"minecraft:item_frame":9,"minecraft:firework_rocket":1,"minecraft:stone_sword":1,"minecraft:bone":2,"minecraft:arrow":1,"minecraft:wheat_seeds":2,"minecraft:diamond_boots":1,"minecraft:stone_pickaxe":1,"minecraft:bone_meal":1,"minecraft:bread":5,"minecraft:light_gray_wool":1,"minecraft:mutton":11,"minecraft:white_wool":6}},"DataVersion":3120}