{"stats":{"minecraft:broken":{"minecraft:stone_sword":2,"minecraft:stone_pickaxe":3,"minecraft:stone_axe":4,"minecraft:wooden_axe":1},"minecraft:killed":{"alexsmobs:raccoon":1,"minecraft:spider":8,"alexsmobs:tasmanian_devil":1,"minecraft:skeleton":7,"minecraft:pig":26,"minecraft:zombie_villager":2,"minecraft:sheep":36,"evilcraft:poisonous_libelle":1,"minecraft:zombie":11,"minecraft:enderman":3,"minecraft:cow":24},"minecraft:picked_up":{"minecraft:iron_chestplate":5,"minecraft:charcoal":26,"minecraft:crafting_table":4,"minecraft:wheat":24,"minecraft:redstone_block":1,"minecraft:ladder":4,"minecraft:iron_trapdoor":1,"minecraft:pink_wool":1,"pfm:birch_table_dinner":2,"minecraft:experience_bottle":3,"minecraft:iron_leggings":5,"evilcraft:ender_tear":1,"minecraft:string":13,"minecraft:raw_copper":34,"evilcraft:poison_sac":2,"minecraft:armor_stand":6,"minecraft:item_frame":11,"minecraft:zombie_head":3,"minecraft:cobbled_deepslate":76,"minecraft:beef":49,"minecraft:written_book":1,"minecraft:rose_bush":2,"minecraft:iron_pickaxe":1,"alexsmobs:raccoon_tail":1,"minecraft:light_gray_wool":2,"biomesoplenty:cherry_planks":108,"minecraft:chest":1,"minecraft:birch_sapling":136,"biomesoplenty:hanging_cobweb":5,"minecraft:iron_boots":5,"minecraft:egg":6,"minecraft:furnace":2,"minecraft:stick":95,"minecraft:raw_iron":40,"minecraft:oak_door":3,"minecraft:torch":18,"sophisticatedbackpacks:backpack":1,"minecraft:porkchop":54,"minecraft:pointed_dripstone":1,"minecraft:diorite":35,"minecraft:carrot":1,"minecraft:tnt":5,"minecraft:arrow":7,"minecraft:stone_sword":3,"minecraft:rotten_flesh":27,"minecraft:peony":1,"k_turrets:raw_titanium":19,"minecraft:diamond_boots":1,"minecraft:hay_block":4,"minecraft:iron_block":1,"biomesoplenty:pink_cherry_sapling":3,"minecraft:mutton":62,"minecraft:skeleton_skull":1,"minecraft:white_wool":35,"minecraft:cobblestone":710,"biomesoplenty:lavender":47,"minecraft:birch_log":393,"minecraft:leather_chestplate":3,"minecraft:feather":1,"minecraft:lilac":11,"minecraft:andesite":14,"minecraft:leather":22,"minecraft:potato":9,"minecraft:birch_planks":16,"minecraft:tuff":3,"minecraft:oak_log":7,"minecraft:yellow_bed":2,"biomesoplenty:jacaranda_planks":1,"minecraft:gunpowder":2,"scalinghealth:heart_crystal":1,"minecraft:dirt":133,"minecraft:stripped_birch_log":3,"minecraft:lantern":1,"scalinghealth:medkit":1,"runecraft:rune_q":13,"minecraft:cooked_mutton":1,"minecraft:bone":9,"minecraft:bow":1,"minecraft:wheat_seeds":81,"minecraft:raw_gold":1,"minecraft:stone_pickaxe":5,"scalinghealth:power_crystal_shard":8,"aquaculture:minnow":2,"minecraft:rabbit":4,"solarcraft:empty_crystal":6,"minecraft:iron_sword":2,"biomesoplenty:cherry_log":81,"runecraft:rune_g":3,"minecraft:book":2,"scalinghealth:heart_crystal_shard":13,"minecraft:dandelion":2,"biomesoplenty:white_cherry_sapling":22,"sophisticatedbackpacks:iron_backpack":1,"minecraft:blast_furnace":1,"minecraft:white_bed":5,"minecraft:grass_block":2,"minecraft:lily_of_the_valley":1,"minecraft:spider_eye":1,"minecraft:leather_helmet":1,"minecraft:firework_rocket":1,"minecraft:stone_axe":1,"minecraft:chainmail_leggings":1,"waystones:waystone":5,"minecraft:iron_helmet":5,"evilcraft:dark_gem":10,"minecraft:granite":5,"minecraft:painting":4,"minecraft:bone_meal":3,"minecraft:emerald":2,"minecraft:bread":5,"minecraft:oak_sapling":2,"minecraft:ender_pearl":1},"minecraft:mined":{"minecraft:tuff":3,"alexsmobs:skunk_spray":2,"biomesoplenty:cherry_log":10,"minecraft:white_bed":5,"minecraft:oak_door":3,"solarcraft:crystal":3,"minecraft:stripped_birch_log":3,"minecraft:granite":5,"minecraft:ladder":4,"biomesoplenty:bush":1,"minecraft:grass_block":53,"minecraft:hay_block":4,"minecraft:tall_seagrass":1,"biomesoplenty:tall_lavender":1,"minecraft:furnace":2,"minecraft:cobbled_deepslate":6,"minecraft:iron_ore":9,"biomesoplenty:lavender":38,"minecraft:andesite":14,"evilcraft:dark_ore":2,"minecraft:peony":1,"biomesoplenty:hanging_cobweb":5,"minecraft:pointed_dripstone":1,"biomesoplenty:pink_cherry_leaves":15,"minecraft:deepslate_iron_ore":31,"minecraft:stone":654,"minecraft:iron_block":1,"minecraft:white_wool":2,"minecraft:redstone_block":1,"minecraft:lily_of_the_valley":1,"biomesoplenty:hanging_cobweb_strand":1,"minecraft:crafting_table":4,"biomesoplenty:white_cherry_sapling":1,"minecraft:torch":3,"minecraft:blast_furnace":1,"minecraft:chest":1,"minecraft:rose_bush":3,"minecraft:campfire":13,"minecraft:tall_grass":10,"minecraft:copper_ore":10,"minecraft:cobblestone":33,"biomesoplenty:sprout":3,"minecraft:deepslate_gold_ore":1,"minecraft:diorite":35,"minecraft:wall_torch":9,"minecraft:skeleton_skull":1,"minecraft:birch_sapling":30,"minecraft:birch_log":6,"minecraft:wheat":24,"minecraft:lilac":8,"minecraft:birch_leaves":6,"minecraft:tnt":5,"minecraft:yellow_bed":2,"pfm:birch_table_dinner":2,"k_turrets:titanium_ore":8,"minecraft:grass":64,"biomesoplenty:clover":5,"minecraft:oak_log":7,"minecraft:zombie_head":2,"minecraft:dirt":5,"minecraft:cobweb":4,"minecraft:deepslate":52,"minecraft:oak_leaves":13,"minecraft:iron_trapdoor":1},"minecraft:custom":{"minecraft:mob_kills":123,"minecraft:interact_with_crafting_table":75,"minecraft:open_barrel":6,"minecraft:bell_ring":1,"minecraft:leave_game":2,"minecraft:time_since_death":147769,"minecraft:climb_one_cm":68997,"minecraft:sprint_one_cm":1247138,"minecraft:walk_one_cm":748215,"minecraft:damage_blocked_by_shield":2596,"minecraft:drop":77,"minecraft:play_time":296839,"minecraft:deaths":5,"minecraft:sneak_time":6146,"minecraft:walk_under_water_one_cm":7503,"minecraft:jump":4416,"minecraft:interact_with_blast_furnace":3,"minecraft:walk_on_water_one_cm":21396,"minecraft:total_world_time":296839,"minecraft:interact_with_furnace":105,"minecraft:sleep_in_bed":21,"minecraft:time_since_rest":25302,"minecraft:waystone_activated":9,"minecraft:damage_taken":5645,"minecraft:damage_dealt":17851,"minecraft:swim_one_cm":55383,"minecraft:fly_one_cm":720540,"minecraft:open_chest":145,"minecraft:crouch_one_cm":7177,"minecraft:interact_with_smoker":2,"minecraft:fall_one_cm":112046},"minecraft:dropped":{"minecraft:bread":1,"minecraft:iron_sword":1,"minecraft:birch_planks":8,"minecraft:wheat_seeds":3,"minecraft:lilac":11,"scalinghealth:heart_crystal_shard":8,"minecraft:feather":1,"biomesoplenty:lavender":36,"aquaculture:minnow":2,"minecraft:leather":9,"biomesoplenty:jacaranda_planks":1,"minecraft:emerald":1,"minecraft:stick":1,"minecraft:dirt":50,"minecraft:rabbit":2,"minecraft:zombie_head":2,"minecraft:bone_meal":2,"minecraft:chainmail_leggings":1,"minecraft:string":8,"minecraft:dandelion":2,"minecraft:bone":2,"minecraft:armor_stand":1,"minecraft:stone_axe":1,"minecraft:stone_sword":1,"minecraft:birch_sapling":33,"minecraft:wheat":2,"minecraft:pointed_dripstone":1,"minecraft:rotten_flesh":27,"minecraft:light_gray_wool":1,"sophisticatedbackpacks:backpack":1,"evilcraft:poison_sac":1,"scalinghealth:power_crystal_shard":4,"minecraft:lily_of_the_valley":1,"minecraft:leather_chestplate":1,"minecraft:peony":1,"minecraft:chest":1,"minecraft:oak_sapling":2,"k_turrets:raw_titanium":10,"minecraft:stone_pickaxe":6,"minecraft:written_book":1},"minecraft:killed_by":{"minecraft:creeper":2,"minecraft:zombie":3},"minecraft:used":{"sophisticatedbackpacks:iron_backpack":3,"minecraft:stone_sword":360,"minecraft:armor_stand":7,"minecraft:ladder":24,"minecraft:chest":10,"minecraft:shield":86,"minecraft:iron_sword":248,"minecraft:oak_door":3,"minecraft:wooden_shovel":50,"simpletomb:grave_key":9,"minecraft:iron_chestplate":1,"minecraft:torch":75,"minecraft:dirt":63,"minecraft:mutton":10,"scalinghealth:heart_crystal":1,"securitycraft:keypad_item":1,"minecraft:wooden_axe":6,"minecraft:lantern":1,"minecraft:birch_sapling":34,"minecraft:iron_helmet":1,"biomesoplenty:cherry_trapdoor":1,"minecraft:iron_boots":1,"evilcraft:flesh_humanoid":1,"minecraft:item_frame":2,"pfm:birch_table_dinner":2,"minecraft:beef":4,"minecraft:hay_block":1,"minecraft:written_book":1,"minecraft:iron_trapdoor":1,"minecraft:furnace":11,"minecraft:egg":6,"minecraft:cooked_beef":12,"minecraft:cobbled_deepslate":65,"minecraft:wheat_seeds":63,"minecraft:cooked_mutton":16,"minecraft:water_bucket":5,"runecraft:rune_q":15,"minecraft:stone_pickaxe":818,"minecraft:oak_planks":7,"minecraft:wooden_pickaxe":4,"minecraft:white_wool":8,"elevatorid:elevator_white":2,"minecraft:crafting_table":5,"minecraft:blast_furnace":1,"minecraft:white_bed":4,"minecraft:crossbow":10,"minecraft:painting":4,"minecraft:oak_log":1,"waystones:waystone":4,"sophisticatedbackpacks:backpack":5,"minecraft:firework_rocket":1,"biomesoplenty:hanging_cobweb":4,"minecraft:bread":8,"minecraft:iron_pickaxe":70,"minecraft:stone_axe":189,"minecraft:cobblestone":75,"minecraft:cooked_porkchop":6,"minecraft:porkchop":8,"minecraft:bucket":6,"minecraft:yellow_bed":2,"minecraft:bone_meal":1,"minecraft:experience_bottle":3,"minecraft:chainmail_leggings":1},"minecraft:crafted":{"minecraft:oak_planks":24,"biomesoplenty:cherry_planks":324,"minecraft:furnace":9,"minecraft:stone_button":13,"minecraft:stone":13,"securitycraft:keypad_item":1,"minecraft:heavy_weighted_pressure_plate":1,"minecraft:cooked_mutton":29,"minecraft:ladder":24,"minecraft:stone_pickaxe":10,"minecraft:chest":11,"sophisticatedbackpacks:iron_backpack":1,"minecraft:wheat":27,"minecraft:cooked_beef":45,"minecraft:wooden_shovel":2,"elevatorid:elevator_white":2,"sophisticatedbackpacks:backpack":1,"minecraft:cooked_porkchop":37,"minecraft:iron_trapdoor":1,"minecraft:crafting_table":2,"minecraft:wooden_pickaxe":1,"minecraft:iron_sword":1,"minecraft:birch_planks":16,"minecraft:stone_axe":4,"minecraft:bread":16,"biomesoplenty:cherry_trapdoor":2,"minecraft:charcoal":181,"minecraft:shield":1,"minecraft:stick":56,"minecraft:iron_ingot":13,"minecraft:wooden_axe":1,"minecraft:stone_sword":2,"minecraft:torch":100}},"DataVersion":3120}