{"stats":{"minecraft:custom":{"minecraft:interact_with_furnace":12,"minecraft:mob_kills":19,"minecraft:interact_with_crafting_table":8,"minecraft:open_barrel":6,"minecraft:bell_ring":1,"minecraft:leave_game":1,"minecraft:time_since_death":73012,"minecraft:sleep_in_bed":8,"minecraft:climb_one_cm":10163,"minecraft:time_since_rest":3632,"minecraft:sprint_one_cm":354307,"minecraft:damage_taken":1424,"minecraft:walk_one_cm":187958,"minecraft:drop":24,"minecraft:damage_dealt":2025,"minecraft:swim_one_cm":8242,"minecraft:fly_one_cm":242500,"minecraft:open_chest":8,"minecraft:crouch_one_cm":1379,"minecraft:play_time":73012,"minecraft:sneak_time":1021,"minecraft:walk_under_water_one_cm":1438,"minecraft:jump":1358,"minecraft:interact_with_blast_furnace":2,"minecraft:walk_on_water_one_cm":2764,"minecraft:total_world_time":73012,"minecraft:fall_one_cm":45658},"minecraft:dropped":{"minecraft:bread":1,"minecraft:wheat_seeds":2,"minecraft:lilac":4,"minecraft:wheat":2,"biomesoplenty:lavender":12,"minecraft:rotten_flesh":16,"minecraft:light_gray_wool":1,"biomesoplenty:jacaranda_planks":1,"scalinghealth:power_crystal_shard":4,"evilcraft:poison_sac":1,"minecraft:lily_of_the_valley":1,"minecraft:stick":1,"minecraft:dirt":3,"minecraft:oak_sapling":1,"k_turrets:raw_titanium":10,"minecraft:bone_meal":1,"minecraft:stone_pickaxe":1,"minecraft:armor_stand":1,"minecraft:bone":2},"minecraft:killed":{"minecraft:pig":7,"minecraft:zombie_villager":1,"minecraft:sheep":7,"minecraft:skeleton":1,"minecraft:zombie":2,"minecraft:cow":2},"minecraft:crafted":{"minecraft:oak_planks":16,"biomesoplenty:cherry_planks":324,"minecraft:wooden_shovel":2,"minecraft:cooked_porkchop":5,"minecraft:crafting_table":1,"minecraft:furnace":2,"minecraft:stick":4,"minecraft:iron_ingot":2,"minecraft:stone_pickaxe":4,"minecraft:wooden_axe":1,"minecraft:chest":2},"minecraft:used":{"minecraft:cooked_mutton":1,"minecraft:stone_sword":80,"minecraft:stone_pickaxe":415,"minecraft:oak_planks":7,"minecraft:chest":2,"minecraft:wooden_shovel":50,"minecraft:white_wool":8,"minecraft:dirt":6,"minecraft:mutton":10,"minecraft:crafting_table":3,"minecraft:crossbow":10,"minecraft:white_bed":4,"minecraft:wooden_axe":6,"minecraft:firework_rocket":1,"minecraft:bread":4,"minecraft:cobblestone":10,"minecraft:beef":4,"minecraft:furnace":4,"minecraft:porkchop":8,"minecraft:chainmail_leggings":1},"minecraft:mined":{"alexsmobs:skunk_spray":2,"biomesoplenty:cherry_log":10,"minecraft:white_bed":4,"minecraft:lily_of_the_valley":1,"minecraft:crafting_table":2,"biomesoplenty:white_cherry_sapling":1,"minecraft:grass_block":52,"minecraft:cobblestone":8,"minecraft:copper_ore":10,"minecraft:tall_grass":2,"minecraft:furnace":2,"minecraft:birch_log":4,"minecraft:iron_ore":2,"biomesoplenty:lavender":6,"k_turrets:titanium_ore":5,"minecraft:grass":14,"minecraft:oak_log":4,"biomesoplenty:pink_cherry_leaves":15,"minecraft:dirt":4,"minecraft:stone":384,"minecraft:white_wool":2,"minecraft:oak_leaves":10},"minecraft:picked_up":{"biomesoplenty:lavender":12,"minecraft:birch_log":4,"minecraft:crafting_table":2,"minecraft:leather_chestplate":1,"minecraft:wheat":2,"minecraft:lilac":4,"minecraft:leather":2,"minecraft:oak_log":4,"biomesoplenty:jacaranda_planks":1,"minecraft:dirt":56,"minecraft:raw_copper":34,"evilcraft:poison_sac":1,"minecraft:cooked_mutton":1,"minecraft:item_frame":9,"minecraft:bone":2,"minecraft:wheat_seeds":7,"minecraft:beef":4,"minecraft:stone_pickaxe":2,"scalinghealth:power_crystal_shard":8,"minecraft:light_gray_wool":1,"biomesoplenty:cherry_planks":108,"biomesoplenty:cherry_log":81,"minecraft:furnace":2,"minecraft:raw_iron":2,"minecraft:stick":13,"minecraft:porkchop":13,"biomesoplenty:white_cherry_sapling":22,"minecraft:white_bed":4,"minecraft:carrot":1,"minecraft:lily_of_the_valley":1,"minecraft:leather_helmet":1,"minecraft:firework_rocket":1,"minecraft:stone_sword":1,"minecraft:arrow":1,"minecraft:rotten_flesh":16,"k_turrets:raw_titanium":16,"minecraft:diamond_boots":1,"minecraft:bone_meal":2,"minecraft:bread":5,"minecraft:cobblestone":419,"minecraft:oak_sapling":2,"biomesoplenty:pink_cherry_sapling":3,"minecraft:mutton":11,"minecraft:white_wool":8},"minecraft:broken":{"minecraft:stone_pickaxe":3,"minecraft:wooden_axe":1}},"DataVersion":3120}