{"stats":{"minecraft:dropped":{"minecraft:dirt":1},"minecraft:custom":{"minecraft:time_since_rest":8867,"minecraft:interact_with_furnace":2,"minecraft:sprint_one_cm":65537,"minecraft:damage_taken":352,"minecraft:walk_one_cm":25336,"minecraft:mob_kills":1,"minecraft:drop":1,"minecraft:damage_dealt":131,"minecraft:swim_one_cm":760,"minecraft:fly_one_cm":44446,"minecraft:open_barrel":5,"minecraft:open_chest":1,"minecraft:crouch_one_cm":151,"minecraft:play_time":10992,"minecraft:sneak_time":19,"minecraft:bell_ring":1,"minecraft:walk_under_water_one_cm":354,"minecraft:jump":213,"minecraft:interact_with_blast_furnace":2,"minecraft:walk_on_water_one_cm":243,"minecraft:time_since_death":10992,"minecraft:sleep_in_bed":1,"minecraft:climb_one_cm":5963,"minecraft:total_world_time":10992,"minecraft:fall_one_cm":9781},"minecraft:killed":{"minecraft:pig":1},"minecraft:used":{"minecraft:cooked_mutton":1,"minecraft:stone_sword":3,"minecraft:firework_rocket":1,"minecraft:bread":1,"minecraft:dirt":3,"minecraft:crossbow":2,"minecraft:chainmail_leggings":1},"minecraft:mined":{"minecraft:white_bed":1,"minecraft:grass":1,"minecraft:grass_block":4},"minecraft:picked_up":{"minecraft:leather_chestplate":1,"minecraft:porkchop":2,"minecraft:white_bed":1,"minecraft:dirt":4,"minecraft:leather_helmet":1,"minecraft:cooked_mutton":1,"minecraft:item_frame":9,"minecraft:firework_rocket":1,"minecraft:stone_sword":1,"minecraft:diamond_boots":1,"minecraft:stone_pickaxe":1,"minecraft:bone_meal":1,"minecraft:bread":1,"minecraft:mutton":1}},"DataVersion":3120}