{"stats":{"minecraft:broken":{"minecraft:iron_shovel":4,"minecraft:wooden_shovel":1,"minecraft:iron_leggings":1,"minecraft:stone_pickaxe":3,"minecraft:stone_axe":8,"minecraft:iron_sword":3,"minecraft:wooden_axe":1,"minecraft:stone_shovel":11,"minecraft:stone_sword":2,"minecraft:shield":1,"minecraft:iron_pickaxe":2,"minecraft:iron_helmet":1},"minecraft:killed":{"minecraft:cave_spider":1,"minecraft:spider":26,"minecraft:skeleton":22,"minecraft:pig":26,"minecraft:zombie_villager":2,"minecraft:creeper":2,"minecraft:sheep":36,"minecraft:zombie":32,"minecraft:cow":28,"alexsmobs:raccoon":5,"alexsmobs:tasmanian_devil":1,"alexsmobs:skunk":1,"evilcraft:poisonous_libelle":1,"minecraft:enderman":9},"minecraft:killed_by":{"minecraft:creeper":2,"minecraft:zombie":5,"minecraft:enderman":1},"minecraft:mined":{"biomesoplenty:cherry_log":14,"minecraft:white_bed":5,"minecraft:granite":11,"minecraft:grass_block":1274,"minecraft:spawner":2,"biomesoplenty:cherry_button":1,"minecraft:tall_seagrass":1,"biomesoplenty:tall_lavender":1,"minecraft:iron_ore":39,"minecraft:cobbled_deepslate":19,"biomesoplenty:lavender":38,"biomesoplenty:hanging_cobweb":5,"minecraft:pointed_dripstone":1,"biomesoplenty:pink_cherry_leaves":15,"minecraft:white_banner":1,"minecraft:iron_block":1,"sophisticatedbackpacks:copper_backpack":3,"minecraft:deepslate_redstone_ore":3,"biomesoplenty:stripped_cherry_log":4,"biomesoplenty:hanging_cobweb_strand":1,"minecraft:torch":34,"minecraft:blast_furnace":2,"biomesoplenty:cherry_planks":54,"minecraft:chest":5,"minecraft:glass":6,"minecraft:cobblestone":87,"biomesoplenty:cherry_trapdoor":1,"minecraft:iron_door":2,"minecraft:wall_torch":23,"minecraft:deepslate_copper_ore":2,"minecraft:birch_sapling":30,"minecraft:skeleton_skull":1,"minecraft:seagrass":1,"minecraft:chain":5,"minecraft:birch_log":6,"minecraft:wheat":24,"minecraft:lilac":118,"minecraft:tnt":5,"minecraft:grass":202,"biomesoplenty:cherry_stairs":44,"biomesoplenty:clover":18,"minecraft:oak_log":7,"minecraft:sand":622,"minecraft:dirt":1360,"minecraft:oak_leaves":13,"minecraft:deepslate":182,"minecraft:tuff":30,"alexsmobs:skunk_spray":2,"minecraft:deepslate_diamond_ore":8,"minecraft:oak_door":3,"minecraft:stripped_birch_log":3,"solarcraft:crystal":3,"minecraft:ladder":5,"biomesoplenty:bush":1,"minecraft:hay_block":4,"minecraft:furnace":11,"minecraft:andesite":34,"evilcraft:dark_ore":2,"biomesoplenty:pink_cherry_sapling":1,"minecraft:peony":4,"minecraft:deepslate_iron_ore":42,"minecraft:lantern":1,"minecraft:stone":997,"minecraft:white_wool":2,"minecraft:podzol":117,"minecraft:redstone_block":1,"minecraft:lily_of_the_valley":2,"minecraft:crafting_table":7,"biomesoplenty:white_cherry_sapling":2,"minecraft:rose_bush":3,"minecraft:campfire":13,"minecraft:tall_grass":11,"minecraft:copper_ore":10,"biomesoplenty:sprout":4,"minecraft:deepslate_gold_ore":1,"minecraft:diorite":38,"minecraft:beehive":1,"biomesoplenty:pink_daffodil":5,"minecraft:birch_leaves":6,"minecraft:white_wall_banner":1,"minecraft:yellow_bed":6,"pfm:birch_table_dinner":3,"k_turrets:titanium_ore":8,"elevatorid:elevator_white":6,"minecraft:coal_ore":16,"evilcraft:blood_stain":1,"minecraft:zombie_head":2,"minecraft:gravel":8,"minecraft:cobweb":7,"minecraft:iron_trapdoor":2,"minecraft:fern":4},"minecraft:crafted":{"minecraft:oak_planks":24,"biomesoplenty:cherry_planks":1600,"minecraft:stone":71,"securitycraft:keypad_item":6,"minecraft:heavy_weighted_pressure_plate":6,"minecraft:cooked_mutton":51,"minecraft:glass":556,"evilcraft:blood_extractor":7,"minecraft:chest":15,"biomesoplenty:cherry_button":2,"minecraft:iron_door":3,"minecraft:magenta_dye":186,"minecraft:wooden_shovel":2,"sophisticatedbackpacks:backpack":1,"minecraft:cooked_porkchop":46,"minecraft:crafting_table":4,"minecraft:wooden_pickaxe":1,"minecraft:birch_planks":32,"biomesoplenty:cherry_trapdoor":2,"minecraft:charcoal":181,"minecraft:shield":2,"minecraft:stick":112,"minecraft:iron_ingot":90,"minecraft:iron_pickaxe":1,"minecraft:iron_block":2,"minecraft:stone_sword":2,"minecraft:shears":1,"evilcraft:dark_spike":16,"minecraft:stone_shovel":22,"minecraft:furnace":9,"minecraft:stone_button":61,"minecraft:pink_dye":5,"securitycraft:universal_block_remover":1,"minecraft:ladder":30,"minecraft:stone_pickaxe":12,"minecraft:wheat":27,"sophisticatedbackpacks:iron_backpack":1,"minecraft:cooked_beef":53,"evilcraft:dark_tank":3,"elevatorid:elevator_white":3,"minecraft:iron_trapdoor":2,"minecraft:magenta_stained_glass":288,"minecraft:iron_sword":3,"scalinghealth:heart_crystal":1,"minecraft:stone_axe":9,"minecraft:bread":16,"minecraft:air":0,"minecraft:white_dye":1,"minecraft:wooden_axe":1,"minecraft:iron_shovel":4,"biomesoplenty:cherry_slab":18,"minecraft:torch":164,"biomesoplenty:cherry_stairs":386},"minecraft:custom":{"minecraft:interact_with_crafting_table":156,"minecraft:open_barrel":6,"minecraft:bell_ring":1,"minecraft:leave_game":7,"minecraft:time_since_death":31343,"minecraft:damage_resisted":90,"minecraft:sprint_one_cm":2771459,"minecraft:damage_blocked_by_shield":5602,"minecraft:drop":172,"minecraft:play_time":784224,"minecraft:deaths":13,"minecraft:jump":10733,"minecraft:walk_on_water_one_cm":103432,"minecraft:interact_with_furnace":286,"minecraft:sleep_in_bed":35,"minecraft:waystone_activated":13,"minecraft:damage_dealt":41634,"minecraft:crouch_one_cm":83390,"minecraft:interact_with_smoker":2,"minecraft:horse_one_cm":102127,"minecraft:mob_kills":203,"minecraft:damage_dealt_resisted":500,"minecraft:climb_one_cm":119222,"minecraft:walk_one_cm":2059423,"minecraft:damage_dealt_absorbed":12,"minecraft:sneak_time":26725,"minecraft:walk_under_water_one_cm":123804,"minecraft:interact_with_blast_furnace":9,"minecraft:total_world_time":784224,"minecraft:time_since_rest":12420,"minecraft:damage_taken":15464,"minecraft:swim_one_cm":126459,"minecraft:fly_one_cm":1528344,"minecraft:open_chest":344,"minecraft:fall_one_cm":281978},"minecraft:used":{"minecraft:peony":1,"minecraft:iron_shovel":1028,"sophisticatedbackpacks:copper_backpack":3,"minecraft:ladder":28,"minecraft:chest":18,"minecraft:shield":166,"minecraft:iron_sword":874,"biomesoplenty:cherry_stairs":426,"minecraft:iron_chestplate":1,"minecraft:mutton":10,"securitycraft:keypad_item":13,"minecraft:tuff":15,"minecraft:glass":261,"biomesoplenty:cherry_planks":534,"minecraft:lantern":2,"minecraft:grass_block":1,"minecraft:birch_sapling":34,"biomesoplenty:cherry_button":2,"minecraft:iron_helmet":2,"biomesoplenty:cherry_trapdoor":2,"minecraft:item_frame":6,"biomesoplenty:white_cherry_sapling":1,"pfm:birch_table_dinner":3,"minecraft:hay_block":1,"minecraft:written_book":1,"minecraft:furnace":20,"minecraft:egg":6,"minecraft:potato":2,"minecraft:stone_pickaxe":909,"minecraft:oak_planks":7,"minecraft:wooden_pickaxe":4,"minecraft:white_wool":8,"elevatorid:elevator_white":9,"minecraft:blast_furnace":2,"minecraft:crossbow":11,"securitycraft:universal_block_remover":7,"waystones:waystone":7,"sophisticatedbackpacks:backpack":5,"minecraft:firework_rocket":1,"biomesoplenty:hanging_cobweb":4,"minecraft:bread":47,"minecraft:stone_button":2,"minecraft:iron_door":4,"biomesoplenty:pink_cherry_sapling":4,"minecraft:birch_log":2,"minecraft:bone_meal":1,"minecraft:experience_bottle":3,"biomesoplenty:cherry_log":2,"sophisticatedbackpacks:iron_backpack":4,"minecraft:stone_sword":360,"minecraft:armor_stand":16,"securitycraft:keypad_chest":2,"minecraft:stone_shovel":2033,"minecraft:wooden_shovel":111,"simpletomb:grave_key":65,"minecraft:oak_door":3,"minecraft:torch":243,"biomesoplenty:stripped_cherry_log":3,"minecraft:dirt":2237,"scalinghealth:heart_crystal":5,"minecraft:wooden_axe":6,"minecraft:iron_boots":1,"evilcraft:flesh_humanoid":1,"minecraft:beef":4,"minecraft:iron_trapdoor":3,"minecraft:cooked_beef":26,"minecraft:cobbled_deepslate":190,"minecraft:iron_leggings":1,"minecraft:wheat_seeds":63,"minecraft:cooked_mutton":49,"minecraft:water_bucket":121,"runecraft:rune_q":15,"minecraft:magenta_stained_glass":207,"minecraft:crafting_table":10,"minecraft:white_bed":4,"minecraft:painting":4,"minecraft:oak_log":1,"minecraft:iron_pickaxe":743,"minecraft:stone_axe":383,"minecraft:cobblestone":641,"minecraft:porkchop":8,"minecraft:white_banner":2,"minecraft:cooked_porkchop":6,"minecraft:bucket":122,"minecraft:yellow_bed":7,"alexsmobs:animal_dictionary":1,"securitycraft:keypad_furnace":1,"minecraft:chainmail_leggings":1},"minecraft:dropped":{"sophisticatedbackpacks:iron_backpack":1,"minecraft:iron_sword":5,"minecraft:birch_planks":8,"biomesoplenty:hanging_cobweb":1,"biomesoplenty:cherry_button":1,"minecraft:leather":9,"aquaculture:minnow":2,"minecraft:saddle":1,"biomesoplenty:cherry_stairs":5,"minecraft:emerald":1,"minecraft:dirt":51,"minecraft:bone_meal":2,"minecraft:iron_pickaxe":1,"alexsmobs:raccoon_tail":1,"minecraft:bone":5,"minecraft:armor_stand":1,"minecraft:gravel":1,"minecraft:stone_axe":1,"minecraft:birch_sapling":33,"minecraft:wheat":2,"biomesoplenty:cherry_log":44,"minecraft:pointed_dripstone":1,"minecraft:rotten_flesh":40,"evilcraft:poison_sac":1,"evilcraft:flesh_humanoid":1,"securitycraft:keypad_item":1,"minecraft:leather_chestplate":1,"biomesoplenty:pink_cherry_sapling":133,"minecraft:chest":1,"k_turrets:raw_titanium":10,"biomesoplenty:cherry_slab":18,"minecraft:glass":1,"minecraft:written_book":1,"minecraft:bread":2,"minecraft:wheat_seeds":6,"minecraft:lilac":17,"biomesoplenty:lavender":36,"minecraft:feather":1,"scalinghealth:heart_crystal_shard":8,"biomesoplenty:jacaranda_planks":1,"minecraft:stick":1,"minecraft:torch":1,"minecraft:rabbit":2,"minecraft:zombie_head":2,"minecraft:iron_door":1,"minecraft:chainmail_leggings":1,"minecraft:string":15,"minecraft:dandelion":3,"biomesoplenty:cherry_planks":595,"minecraft:stone_sword":1,"pfm:birch_table_dinner":1,"minecraft:stone_shovel":6,"biomesoplenty:white_cherry_sapling":59,"minecraft:light_gray_wool":1,"sophisticatedbackpacks:backpack":1,"evilcraft:origins_of_darkness":1,"scalinghealth:power_crystal_shard":4,"minecraft:lily_of_the_valley":1,"minecraft:peony":2,"minecraft:iron_chestplate":2,"minecraft:oak_sapling":3,"minecraft:spider_eye":19,"solarcraft:void_dust":2,"minecraft:stone_pickaxe":7},"minecraft:picked_up":{"minecraft:iron_chestplate":9,"minecraft:wheat":24,"securitycraft:keypad_item":9,"minecraft:redstone_block":1,"minecraft:iron_trapdoor":3,"solarcraft:ancient_fragment":7,"minecraft:golden_shovel":1,"minecraft:enchanted_book":1,"pfm:birch_table_dinner":4,"minecraft:string":31,"evilcraft:ender_tear":2,"minecraft:raw_copper":74,"minecraft:iron_leggings":12,"minecraft:armor_stand":20,"minecraft:experience_bottle":3,"minecraft:zombie_head":4,"minecraft:cobbled_deepslate":216,"minecraft:rose_bush":2,"minecraft:written_book":1,"minecraft:wooden_shovel":2,"minecraft:iron_pickaxe":1,"alexsmobs:raccoon_tail":3,"minecraft:furnace":11,"minecraft:iron_boots":14,"minecraft:golden_helmet":1,"minecraft:stick":256,"biomesoplenty:cherry_trapdoor":2,"minecraft:torch":121,"minecraft:porkchop":54,"minecraft:pointed_dripstone":1,"minecraft:diorite":38,"minecraft:stone_sword":4,"minecraft:rotten_flesh":40,"minecraft:iron_block":3,"biomesoplenty:pink_cherry_sapling":162,"biomesoplenty:cherry_button":1,"minecraft:cobblestone":1401,"biomesoplenty:lavender":69,"minecraft:birch_log":397,"minecraft:leather_chestplate":6,"minecraft:cooked_beef":33,"minecraft:feather":1,"minecraft:lilac":110,"minecraft:iron_door":3,"minecraft:andesite":34,"minecraft:potato":32,"minecraft:flint":1,"minecraft:tuff":30,"minecraft:lapis_lazuli":15,"minecraft:stripped_birch_log":3,"minecraft:dirt":2820,"minecraft:lantern":2,"minecraft:name_tag":1,"runecraft:rune_q":13,"minecraft:glass":7,"minecraft:bone":27,"minecraft:bow":1,"minecraft:wheat_seeds":133,"minecraft:raw_gold":1,"minecraft:rabbit":6,"solarcraft:empty_crystal":6,"biomesoplenty:cherry_log":445,"runecraft:rune_g":3,"minecraft:cooked_porkchop":40,"patchouli:guide_book":1,"minecraft:sand":630,"biomesoplenty:white_cherry_sapling":82,"sophisticatedbackpacks:iron_backpack":2,"minecraft:grass_block":7,"minecraft:lily_of_the_valley":2,"alexsmobs:animal_dictionary":1,"minecraft:diamond":20,"waystones:waystone":9,"minecraft:crossbow":1,"minecraft:granite":11,"minecraft:bone_meal":3,"minecraft:golden_apple":3,"minecraft:emerald":13,"minecraft:bread":6,"pfm:furniture_book":1,"biomesoplenty:pink_daffodil":5,"minecraft:oak_sapling":3,"minecraft:charcoal":236,"minecraft:crafting_table":8,"minecraft:ladder":8,"minecraft:pink_wool":2,"minecraft:chain":5,"minecraft:shield":1,"evilcraft:poison_sac":2,"minecraft:item_frame":20,"minecraft:compass":1,"minecraft:beef":57,"minecraft:music_disc_otherside":1,"minecraft:light_gray_wool":3,"biomesoplenty:cherry_planks":607,"minecraft:chest":5,"minecraft:birch_sapling":138,"biomesoplenty:hanging_cobweb":5,"minecraft:egg":7,"minecraft:raw_iron":81,"minecraft:oak_door":3,"evilcraft:origins_of_darkness":2,"sophisticatedbackpacks:backpack":1,"evilcraft:dark_spike":1,"minecraft:stone_button":5,"minecraft:carrot":4,"minecraft:redstone":15,"minecraft:iron_horse_armor":1,"minecraft:tnt":10,"minecraft:arrow":35,"minecraft:stone_shovel":1,"minecraft:peony":3,"k_turrets:raw_titanium":27,"minecraft:diamond_boots":2,"minecraft:hay_block":4,"minecraft:saddle":3,"minecraft:gold_ingot":5,"sophisticatedbackpacks:copper_backpack":3,"minecraft:mutton":62,"minecraft:skeleton_skull":2,"minecraft:white_wool":46,"minecraft:leather":40,"minecraft:birch_planks":16,"minecraft:oak_log":7,"securitycraft:keypad_chest":2,"minecraft:yellow_bed":7,"biomesoplenty:jacaranda_planks":1,"minecraft:gunpowder":3,"scalinghealth:heart_crystal":4,"scalinghealth:medkit":2,"minecraft:white_banner":3,"minecraft:cooked_mutton":1,"minecraft:apple":14,"biomesoplenty:stripped_cherry_log":4,"minecraft:stone_pickaxe":7,"scalinghealth:power_crystal_shard":12,"aquaculture:minnow":2,"minecraft:iron_sword":6,"minecraft:book":4,"elevatorid:elevator_white":6,"scalinghealth:heart_crystal_shard":29,"minecraft:dandelion":3,"minecraft:gravel":7,"minecraft:blast_furnace":2,"minecraft:white_bed":6,"minecraft:spider_eye":19,"minecraft:leather_helmet":2,"minecraft:firework_rocket":1,"solarcraft:void_dust":2,"securitycraft:keypad_furnace":1,"minecraft:stone_axe":1,"minecraft:chainmail_leggings":1,"minecraft:iron_helmet":10,"evilcraft:dark_gem":10,"minecraft:painting":5,"biomesoplenty:cherry_stairs":43,"minecraft:coal":80,"minecraft:ender_pearl":4}},"DataVersion":3120}