{"stats":{"minecraft:broken":{"minecraft:stone_sword":1,"minecraft:stone_pickaxe":3,"minecraft:stone_axe":3,"minecraft:wooden_axe":1},"minecraft:killed":{"alexsmobs:raccoon":1,"minecraft:spider":5,"minecraft:skeleton":2,"minecraft:pig":20,"minecraft:zombie_villager":2,"minecraft:sheep":25,"evilcraft:poisonous_libelle":1,"minecraft:zombie":4,"minecraft:enderman":2,"minecraft:cow":13},"minecraft:picked_up":{"minecraft:crafting_table":4,"minecraft:wheat":2,"minecraft:ladder":3,"minecraft:iron_trapdoor":1,"minecraft:pink_wool":1,"evilcraft:ender_tear":1,"minecraft:string":4,"minecraft:raw_copper":34,"evilcraft:poison_sac":2,"minecraft:item_frame":9,"minecraft:beef":29,"minecraft:rose_bush":2,"alexsmobs:raccoon_tail":1,"minecraft:light_gray_wool":2,"biomesoplenty:cherry_planks":108,"minecraft:birch_sapling":129,"minecraft:egg":5,"minecraft:furnace":2,"minecraft:stick":91,"minecraft:raw_iron":4,"minecraft:torch":2,"minecraft:porkchop":41,"minecraft:diorite":33,"minecraft:carrot":1,"minecraft:arrow":4,"minecraft:stone_sword":2,"minecraft:rotten_flesh":23,"k_turrets:raw_titanium":19,"minecraft:diamond_boots":1,"biomesoplenty:pink_cherry_sapling":3,"minecraft:mutton":40,"minecraft:white_wool":23,"minecraft:cobblestone":647,"biomesoplenty:lavender":44,"minecraft:birch_log":378,"minecraft:leather_chestplate":1,"minecraft:lilac":8,"minecraft:leather":11,"minecraft:oak_log":7,"biomesoplenty:jacaranda_planks":1,"minecraft:gunpowder":2,"minecraft:dirt":131,"minecraft:stripped_birch_log":3,"minecraft:cooked_mutton":1,"minecraft:bone":5,"minecraft:wheat_seeds":16,"minecraft:stone_pickaxe":4,"scalinghealth:power_crystal_shard":8,"biomesoplenty:cherry_log":81,"biomesoplenty:white_cherry_sapling":22,"minecraft:white_bed":4,"minecraft:grass_block":2,"minecraft:lily_of_the_valley":1,"minecraft:leather_helmet":1,"minecraft:firework_rocket":1,"waystones:waystone":4,"evilcraft:dark_gem":10,"minecraft:granite":3,"minecraft:bone_meal":2,"minecraft:bread":5,"minecraft:oak_sapling":2,"minecraft:ender_pearl":1},"minecraft:mined":{"alexsmobs:skunk_spray":2,"biomesoplenty:cherry_log":10,"minecraft:white_bed":4,"minecraft:stripped_birch_log":3,"minecraft:granite":3,"minecraft:ladder":3,"minecraft:grass_block":52,"minecraft:tall_seagrass":1,"biomesoplenty:tall_lavender":1,"minecraft:furnace":2,"minecraft:iron_ore":4,"biomesoplenty:lavender":34,"evilcraft:dark_ore":2,"biomesoplenty:pink_cherry_leaves":15,"minecraft:stone":591,"minecraft:white_wool":2,"minecraft:lily_of_the_valley":1,"minecraft:crafting_table":4,"biomesoplenty:white_cherry_sapling":1,"minecraft:rose_bush":3,"minecraft:tall_grass":4,"minecraft:copper_ore":10,"minecraft:cobblestone":33,"biomesoplenty:sprout":1,"minecraft:diorite":33,"minecraft:wall_torch":2,"minecraft:birch_sapling":28,"minecraft:birch_log":6,"minecraft:lilac":4,"minecraft:birch_leaves":6,"k_turrets:titanium_ore":8,"minecraft:grass":57,"biomesoplenty:clover":5,"minecraft:oak_log":7,"minecraft:dirt":5,"minecraft:oak_leaves":10,"minecraft:iron_trapdoor":1},"minecraft:custom":{"minecraft:mob_kills":77,"minecraft:interact_with_crafting_table":60,"minecraft:open_barrel":6,"minecraft:bell_ring":1,"minecraft:leave_game":2,"minecraft:time_since_death":33769,"minecraft:climb_one_cm":48663,"minecraft:sprint_one_cm":870721,"minecraft:walk_one_cm":448937,"minecraft:damage_blocked_by_shield":232,"minecraft:drop":37,"minecraft:play_time":182839,"minecraft:deaths":5,"minecraft:sneak_time":4465,"minecraft:walk_under_water_one_cm":3873,"minecraft:jump":3106,"minecraft:interact_with_blast_furnace":2,"minecraft:walk_on_water_one_cm":14704,"minecraft:total_world_time":182839,"minecraft:interact_with_furnace":60,"minecraft:sleep_in_bed":15,"minecraft:time_since_rest":32028,"minecraft:waystone_activated":3,"minecraft:damage_taken":4166,"minecraft:damage_dealt":10273,"minecraft:swim_one_cm":30242,"minecraft:fly_one_cm":533522,"minecraft:open_chest":50,"minecraft:crouch_one_cm":5995,"minecraft:fall_one_cm":82024},"minecraft:dropped":{"minecraft:bread":1,"minecraft:wheat_seeds":2,"minecraft:lilac":8,"biomesoplenty:lavender":33,"biomesoplenty:jacaranda_planks":1,"minecraft:stick":1,"minecraft:dirt":50,"minecraft:bone_meal":1,"minecraft:bone":2,"minecraft:armor_stand":1,"minecraft:birch_sapling":33,"minecraft:wheat":2,"minecraft:rotten_flesh":23,"minecraft:light_gray_wool":1,"evilcraft:poison_sac":1,"scalinghealth:power_crystal_shard":4,"minecraft:lily_of_the_valley":1,"minecraft:oak_sapling":2,"k_turrets:raw_titanium":10,"minecraft:stone_pickaxe":3},"minecraft:killed_by":{"minecraft:creeper":2,"minecraft:zombie":3},"minecraft:used":{"minecraft:stone_sword":355,"minecraft:ladder":24,"minecraft:chest":10,"minecraft:shield":9,"minecraft:wooden_shovel":50,"simpletomb:grave_key":9,"minecraft:torch":12,"minecraft:dirt":37,"minecraft:mutton":10,"securitycraft:keypad_item":1,"minecraft:wooden_axe":6,"minecraft:birch_sapling":34,"biomesoplenty:cherry_trapdoor":1,"minecraft:iron_boots":1,"evilcraft:flesh_humanoid":1,"minecraft:beef":4,"minecraft:iron_trapdoor":1,"minecraft:furnace":11,"minecraft:egg":4,"minecraft:cooked_beef":10,"minecraft:cooked_mutton":1,"minecraft:stone_pickaxe":694,"minecraft:oak_planks":7,"minecraft:wooden_pickaxe":4,"minecraft:white_wool":8,"minecraft:crafting_table":5,"minecraft:white_bed":4,"minecraft:crossbow":10,"minecraft:oak_log":1,"waystones:waystone":3,"minecraft:firework_rocket":1,"minecraft:bread":4,"minecraft:stone_axe":133,"minecraft:cobblestone":75,"minecraft:cooked_porkchop":6,"minecraft:porkchop":8,"minecraft:bone_meal":1,"minecraft:chainmail_leggings":1},"minecraft:crafted":{"minecraft:oak_planks":24,"biomesoplenty:cherry_planks":324,"minecraft:furnace":9,"minecraft:stone_button":13,"minecraft:stone":13,"securitycraft:keypad_item":1,"minecraft:heavy_weighted_pressure_plate":1,"minecraft:cooked_mutton":19,"minecraft:ladder":24,"minecraft:stone_pickaxe":10,"minecraft:chest":10,"minecraft:cooked_beef":16,"minecraft:wooden_shovel":2,"minecraft:cooked_porkchop":24,"minecraft:iron_trapdoor":1,"minecraft:crafting_table":2,"minecraft:wooden_pickaxe":1,"minecraft:birch_planks":8,"minecraft:stone_axe":4,"biomesoplenty:cherry_trapdoor":2,"minecraft:charcoal":181,"minecraft:shield":1,"minecraft:stick":56,"minecraft:iron_ingot":2,"minecraft:wooden_axe":1,"minecraft:stone_sword":2,"minecraft:torch":100}},"DataVersion":3120}