{"stats":{"minecraft:picked_up":{"minecraft:leather_chestplate":3,"minecraft:wheat":3,"minecraft:azure_bluet":1,"minecraft:leather_leggings":3,"minecraft:oak_log":28,"minecraft:string":2,"minecraft:oak_trapdoor":1,"minecraft:lapis_lazuli":2,"minecraft:dirt":10,"minecraft:item_frame":2,"minecraft:leather_boots":3,"minecraft:armor_stand":4,"minecraft:beetroot":1,"minecraft:stone_bricks":2,"minecraft:wheat_seeds":10,"minecraft:beef":6,"minecraft:rose_bush":5,"minecraft:bamboo":3,"minecraft:birch_sapling":1,"minecraft:book":2,"aquaculture:smallmouth_bass":1,"minecraft:stick":2,"scalinghealth:heart_crystal_shard":5,"aquaculture:gar":1,"minecraft:chiseled_stone_bricks":3,"minecraft:torch":5,"minecraft:porkchop":2,"minecraft:white_dye":2,"minecraft:redstone":2,"minecraft:leather_helmet":4,"minecraft:rotten_flesh":3,"minecraft:beetroot_seeds":3,"minecraft:gold_ingot":2,"minecraft:oak_sapling":12,"minecraft:mutton":2,"minecraft:coal":12,"minecraft:skeleton_skull":1,"minecraft:white_wool":1,"minecraft:cobblestone":24},"minecraft:killed_by":{"minecraft:creeper":1},"minecraft:mined":{"solarcraft:void_lily":1,"minecraft:torch":2,"minecraft:grass_block":3,"minecraft:rose_bush":4,"minecraft:wall_torch":3,"minecraft:chiseled_stone_bricks":3,"minecraft:skeleton_skull":1,"minecraft:oak_trapdoor":1,"minecraft:wheat":4,"minecraft:birch_leaves":1,"minecraft:grass":6,"minecraft:oak_log":28,"minecraft:coal_ore":12,"minecraft:vine":1,"minecraft:beetroots":1,"minecraft:dirt":7,"minecraft:stone_bricks":4,"minecraft:stone":24,"minecraft:oak_leaves":14},"minecraft:custom":{"minecraft:mob_kills":10,"minecraft:interact_with_crafting_table":5,"minecraft:leave_game":18,"minecraft:time_since_death":49531,"minecraft:sleep_in_bed":5,"minecraft:climb_one_cm":1299,"minecraft:time_since_rest":22966,"minecraft:sprint_one_cm":95546,"minecraft:damage_taken":546,"minecraft:walk_one_cm":92257,"minecraft:drop":21,"minecraft:damage_dealt":1286,"minecraft:swim_one_cm":2011,"minecraft:talked_to_villager":6,"minecraft:fly_one_cm":45158,"minecraft:open_chest":4,"minecraft:crouch_one_cm":3097,"minecraft:play_time":62478,"minecraft:deaths":2,"minecraft:sneak_time":994,"minecraft:walk_under_water_one_cm":3829,"minecraft:jump":233,"minecraft:walk_on_water_one_cm":2246,"minecraft:total_world_time":62478,"minecraft:fall_one_cm":6403},"minecraft:crafted":{"minecraft:oak_planks":112,"minecraft:wooden_shovel":2,"minecraft:stone_shovel":1,"minecraft:crafting_table":1,"minecraft:wooden_pickaxe":2,"minecraft:bread":1,"minecraft:stick":200,"minecraft:stone_pickaxe":1,"minecraft:stone_sword":1},"minecraft:used":{"minecraft:wheat_seeds":1,"minecraft:oak_trapdoor":1,"minecraft:leather_leggings":1,"minecraft:stone_sword":16,"minecraft:armor_stand":1,"minecraft:stone_pickaxe":7,"minecraft:leather_chestplate":1,"minecraft:wooden_pickaxe":45,"minecraft:wooden_shovel":4,"minecraft:leather_boots":1,"minecraft:rotten_flesh":3,"simpletomb:grave_key":2,"minecraft:torch":4,"minecraft:dirt":10,"minecraft:crafting_table":1,"minecraft:bread":1,"minecraft:beetroot_seeds":3},"minecraft:killed":{"minecraft:cat":1,"minecraft:pig":1,"aquaculture:gar":1,"aquaculture:smallmouth_bass":1,"minecraft:sheep":1,"minecraft:zombie":3,"minecraft:cow":2},"minecraft:dropped":{"alexsmobs:animal_dictionary":1,"simpletomb:grave_key":1,"minecraft:leather_helmet":4,"minecraft:leather_chestplate":3,"minecraft:leather_boots":3,"minecraft:oak_sapling":1,"minecraft:leather_leggings":3,"minecraft:stone_bricks":2,"minecraft:beef":1,"minecraft:white_wool":1,"minecraft:redstone":2}},"DataVersion":3120}