{"stats":{"minecraft:broken":{"minecraft:stone_sword":2,"minecraft:leather_leggings":1,"minecraft:stone_pickaxe":1},"minecraft:killed":{"minecraft:cave_spider":2,"minecraft:spider":3,"aquaculture:gar":1,"aquaculture:smallmouth_bass":1,"minecraft:skeleton":3,"alexsmobs:leafcutter_ant":1,"minecraft:chicken":1,"minecraft:cat":1,"minecraft:pig":5,"alexsmobs:skunk":1,"minecraft:creeper":4,"minecraft:sheep":4,"minecraft:zombie":11,"minecraft:cow":4},"minecraft:picked_up":{"minecraft:crafting_table":3,"minecraft:wheat":16,"minecraft:azure_bluet":2,"minecraft:chicken":1,"minecraft:leather_leggings":3,"solarcraft:ancient_fragment":1,"minecraft:amethyst_block":7,"minecraft:string":26,"minecraft:oak_trapdoor":1,"minecraft:item_frame":2,"minecraft:armor_stand":4,"biomesoplenty:tall_lavender":1,"minecraft:experience_bottle":1,"minecraft:beetroot":4,"minecraft:detector_rail":1,"minecraft:cobbled_deepslate":64,"minecraft:beef":7,"minecraft:rose_bush":5,"minecraft:melon_slice":11,"minecraft:birch_sapling":1,"minecraft:stick":10,"minecraft:raw_iron":64,"minecraft:oak_fence":5,"minecraft:torch":16,"minecraft:porkchop":10,"minecraft:white_dye":2,"minecraft:carrot":70,"minecraft:redstone":2,"minecraft:brown_carpet":2,"minecraft:stone_sword":1,"minecraft:arrow":4,"minecraft:rotten_flesh":13,"minecraft:beetroot_seeds":25,"k_turrets:raw_titanium":2,"minecraft:gold_ingot":3,"evilcraft:condensed_blood":32,"minecraft:glow_berries":6,"minecraft:mutton":6,"minecraft:rail":7,"minecraft:skeleton_skull":2,"minecraft:white_wool":5,"minecraft:cobblestone":141,"minecraft:leather_chestplate":3,"minecraft:andesite":2,"minecraft:jungle_log":1,"minecraft:leather":1,"minecraft:potato":51,"minecraft:tuff":28,"minecraft:oak_log":66,"minecraft:gunpowder":4,"minecraft:lapis_lazuli":17,"minecraft:dirt":29,"minecraft:lantern":1,"minecraft:name_tag":1,"minecraft:leather_boots":3,"minecraft:bone":3,"minecraft:stone_bricks":2,"minecraft:bow":1,"minecraft:wheat_seeds":58,"minecraft:raw_gold":8,"minecraft:stone_pickaxe":2,"minecraft:bamboo":6,"solarcraft:empty_crystal":4,"minecraft:oak_planks":61,"minecraft:book":11,"aquaculture:smallmouth_bass":1,"scalinghealth:heart_crystal_shard":5,"minecraft:smooth_basalt":1,"aquaculture:gar":1,"minecraft:chiseled_stone_bricks":9,"minecraft:jungle_planks":3,"minecraft:amethyst_shard":16,"minecraft:white_bed":1,"minecraft:leather_helmet":4,"minecraft:diamond":4,"evilcraft:dark_gem":5,"minecraft:granite":2,"minecraft:bread":3,"minecraft:oak_sapling":24,"minecraft:coal":26},"minecraft:mined":{"minecraft:large_amethyst_bud":2,"minecraft:tuff":30,"minecraft:white_bed":1,"minecraft:deepslate_diamond_ore":4,"solarcraft:crystal":3,"minecraft:granite":20,"minecraft:budding_amethyst":1,"minecraft:grass_block":13,"minecraft:jungle_planks":3,"minecraft:jungle_log":1,"minecraft:chiseled_stone_bricks":3,"minecraft:spawner":1,"biomesoplenty:tall_lavender":1,"minecraft:oak_trapdoor":1,"minecraft:carrots":20,"minecraft:iron_ore":50,"minecraft:fire":2,"minecraft:andesite":2,"evilcraft:dark_ore":1,"minecraft:bookshelf":3,"minecraft:potatoes":17,"minecraft:deepslate_iron_ore":15,"minecraft:vine":1,"minecraft:small_amethyst_bud":1,"biomesoplenty:webbing":4,"minecraft:bamboo_sapling":3,"biomesoplenty:spider_egg":1,"minecraft:stone":186,"minecraft:white_wool":1,"solarcraft:void_lily":2,"minecraft:scaffolding":1,"minecraft:amethyst_cluster":4,"minecraft:oak_fence":4,"minecraft:crafting_table":3,"minecraft:torch":3,"minecraft:melon":2,"minecraft:rose_bush":4,"minecraft:copper_ore":5,"biomesoplenty:sprout":1,"minecraft:lapis_ore":2,"minecraft:deepslate_gold_ore":8,"minecraft:oak_planks":1,"minecraft:diorite":6,"minecraft:wall_torch":5,"minecraft:amethyst_block":7,"minecraft:skeleton_skull":1,"minecraft:wheat":17,"minecraft:birch_leaves":1,"k_turrets:titanium_ore":2,"minecraft:grass":25,"minecraft:oak_log":64,"minecraft:coal_ore":26,"minecraft:beetroots":7,"minecraft:dirt":16,"biomesoplenty:stringy_cobweb":1,"minecraft:cobweb":21,"minecraft:smooth_basalt":1,"minecraft:stone_bricks":4,"solarcraft:solar_stone_bricks":3,"solarcraft:solar_stone_collumn_horizontal":1,"minecraft:oak_leaves":47,"minecraft:deepslate":116,"minecraft:fern":1},"minecraft:custom":{"minecraft:mob_kills":43,"minecraft:interact_with_crafting_table":31,"minecraft:leave_game":19,"minecraft:time_since_death":32694,"minecraft:climb_one_cm":1499,"minecraft:sprint_one_cm":561103,"minecraft:walk_one_cm":363191,"minecraft:damage_blocked_by_shield":1004,"minecraft:drop":72,"minecraft:talked_to_villager":8,"minecraft:play_time":178554,"minecraft:sneak_time":2313,"minecraft:deaths":3,"minecraft:walk_under_water_one_cm":6939,"minecraft:jump":1513,"minecraft:walk_on_water_one_cm":15833,"minecraft:total_world_time":178554,"minecraft:interact_with_furnace":15,"minecraft:sleep_in_bed":6,"minecraft:time_since_rest":31205,"minecraft:waystone_activated":1,"minecraft:damage_taken":2623,"minecraft:damage_absorbed":40,"minecraft:damage_dealt":7747,"minecraft:swim_one_cm":6803,"minecraft:fly_one_cm":243210,"minecraft:open_chest":32,"minecraft:crouch_one_cm":8832,"minecraft:fall_one_cm":38912,"minecraft:horse_one_cm":7253},"minecraft:dropped":{"minecraft:wheat_seeds":9,"evilcraft:condensed_blood":32,"simpletomb:grave_key":1,"minecraft:lantern":1,"minecraft:granite":2,"minecraft:rail":7,"minecraft:leather_helmet":4,"minecraft:dirt":12,"minecraft:torch":1,"minecraft:string":3,"minecraft:white_wool":2,"minecraft:redstone":2,"minecraft:stone_axe":1,"minecraft:stone_sword":1,"alexsmobs:animal_dictionary":1,"minecraft:birch_sapling":1,"minecraft:rotten_flesh":7,"minecraft:oak_planks":60,"minecraft:name_tag":2,"minecraft:azure_bluet":2,"minecraft:carrot":2,"minecraft:chiseled_stone_bricks":8,"minecraft:leather_chestplate":4,"minecraft:beetroot_seeds":4,"minecraft:leather_boots":3,"minecraft:oak_sapling":1,"minecraft:wooden_shovel":2,"minecraft:leather_leggings":3,"minecraft:stone_bricks":2,"minecraft:brown_carpet":1,"minecraft:white_dye":2,"minecraft:arrow":1,"minecraft:beef":2,"minecraft:stone_pickaxe":2,"biomesoplenty:tall_lavender":1},"minecraft:killed_by":{"minecraft:creeper":1,"minecraft:enderman":1},"minecraft:used":{"minecraft:oak_fence":1,"minecraft:beetroot":2,"minecraft:oak_trapdoor":1,"minecraft:stone_sword":240,"minecraft:armor_stand":1,"minecraft:stone_shovel":17,"minecraft:chest":2,"minecraft:shield":45,"minecraft:wooden_shovel":4,"minecraft:rotten_flesh":3,"minecraft:oak_door":3,"simpletomb:grave_key":25,"minecraft:torch":72,"minecraft:dirt":17,"minecraft:jungle_planks":3,"minecraft:carrot":34,"minecraft:tuff":5,"minecraft:smooth_basalt":1,"minecraft:bamboo":6,"minecraft:brown_carpet":1,"minecraft:oak_sapling":19,"minecraft:furnace":3,"minecraft:beetroot_seeds":3,"minecraft:cooked_beef":4,"minecraft:potato":17,"minecraft:cooked_mutton":2,"minecraft:wheat_seeds":1,"minecraft:leather_leggings":1,"minecraft:stone_pickaxe":262,"minecraft:oak_planks":68,"minecraft:wooden_pickaxe":45,"minecraft:leather_chestplate":1,"minecraft:leather_boots":1,"minecraft:white_wool":1,"minecraft:golden_apple":1,"minecraft:glow_berries":2,"minecraft:crafting_table":7,"minecraft:white_bed":1,"minecraft:bread":1,"minecraft:iron_pickaxe":231,"minecraft:chiseled_stone_bricks":1,"minecraft:stone_axe":77,"minecraft:experience_bottle":1},"minecraft:crafted":{"minecraft:golden_carrot":1,"minecraft:oak_door":3,"minecraft:oak_planks":264,"minecraft:stone_shovel":1,"minecraft:golden_chestplate":1,"minecraft:furnace":3,"minecraft:cooked_mutton":6,"minecraft:iron_boots":1,"minecraft:stone_pickaxe":2,"minecraft:chest":2,"minecraft:cooked_beef":5,"minecraft:wooden_shovel":2,"minecraft:crafting_table":4,"minecraft:wooden_pickaxe":2,"minecraft:stone_axe":2,"minecraft:bread":1,"minecraft:air":0,"minecraft:jungle_planks":4,"minecraft:shield":1,"minecraft:gold_nugget":117,"minecraft:stick":200,"minecraft:iron_ingot":7,"minecraft:iron_pickaxe":1,"minecraft:stone_sword":2,"minecraft:gold_ingot":5,"minecraft:torch":8}},"DataVersion":3120}