{"stats":{"minecraft:broken":{"minecraft:stone_sword":2,"minecraft:leather_leggings":1,"minecraft:stone_pickaxe":1,"minecraft:stone_axe":1,"minecraft:stone_shovel":1},"minecraft:killed":{"minecraft:cave_spider":3,"alexsmobs:raccoon":1,"minecraft:spider":4,"aquaculture:gar":1,"aquaculture:smallmouth_bass":1,"minecraft:skeleton":5,"alexsmobs:leafcutter_ant":1,"minecraft:chicken":1,"minecraft:cat":1,"minecraft:pig":5,"minecraft:zombie_villager":1,"alexsmobs:skunk":1,"minecraft:creeper":4,"minecraft:sheep":4,"minecraft:zombie":13,"minecraft:cow":4},"minecraft:killed_by":{"minecraft:creeper":1,"minecraft:enderman":1,"minecraft:skeleton":1},"minecraft:mined":{"minecraft:large_amethyst_bud":2,"minecraft:tuff":56,"minecraft:white_bed":1,"minecraft:deepslate_diamond_ore":4,"solarcraft:crystal":3,"minecraft:granite":20,"minecraft:budding_amethyst":1,"minecraft:grass_block":136,"minecraft:jungle_planks":3,"minecraft:jungle_log":1,"minecraft:chiseled_stone_bricks":3,"minecraft:spawner":1,"biomesoplenty:jacaranda_log":6,"biomesoplenty:tall_lavender":2,"minecraft:oak_trapdoor":1,"minecraft:carrots":20,"minecraft:iron_ore":50,"minecraft:fire":2,"biomesoplenty:lavender":207,"minecraft:andesite":4,"evilcraft:dark_ore":1,"minecraft:deepslate_lapis_ore":3,"minecraft:bookshelf":3,"minecraft:potatoes":17,"minecraft:deepslate_iron_ore":30,"minecraft:vine":1,"minecraft:small_amethyst_bud":1,"biomesoplenty:webbing":4,"minecraft:bamboo_sapling":3,"minecraft:bamboo":1,"minecraft:stone":186,"biomesoplenty:spider_egg":1,"minecraft:white_wool":1,"minecraft:smithing_table":1,"minecraft:oak_slab":1,"minecraft:deepslate_redstone_ore":5,"minecraft:scaffolding":1,"solarcraft:void_lily":2,"biomesoplenty:jacaranda_planks":1,"minecraft:amethyst_cluster":4,"minecraft:oak_fence":4,"minecraft:crafting_table":3,"minecraft:torch":5,"minecraft:poppy":1,"minecraft:melon":4,"minecraft:rose_bush":9,"minecraft:copper_ore":5,"minecraft:tall_grass":3,"biomesoplenty:sprout":1,"minecraft:deepslate_gold_ore":16,"minecraft:lapis_ore":2,"minecraft:oak_planks":3,"minecraft:diorite":6,"minecraft:wall_torch":5,"minecraft:amethyst_block":7,"minecraft:spruce_stairs":3,"minecraft:skeleton_skull":1,"minecraft:wheat":17,"minecraft:jukebox":1,"minecraft:birch_leaves":1,"k_turrets:titanium_ore":2,"minecraft:grass":75,"minecraft:oak_log":125,"minecraft:coal_ore":33,"minecraft:beetroots":7,"minecraft:gravel":6,"minecraft:dirt":108,"biomesoplenty:stringy_cobweb":1,"minecraft:cobweb":21,"minecraft:smooth_basalt":2,"solarcraft:solar_stone_collumn_horizontal":1,"solarcraft:solar_stone_bricks":3,"minecraft:stone_bricks":4,"minecraft:gold_ore":2,"minecraft:oak_leaves":71,"minecraft:deepslate":163,"minecraft:fern":2},"minecraft:crafted":{"minecraft:golden_carrot":1,"minecraft:oak_door":3,"minecraft:oak_planks":496,"minecraft:stone_shovel":1,"minecraft:golden_chestplate":1,"minecraft:stone_button":8,"minecraft:furnace":3,"minecraft:stone":17,"securitycraft:keypad_item":1,"minecraft:heavy_weighted_pressure_plate":1,"minecraft:cooked_mutton":6,"minecraft:iron_boots":1,"minecraft:stone_pickaxe":12,"minecraft:chest":7,"minecraft:cooked_beef":5,"minecraft:wooden_shovel":2,"biomesoplenty:jacaranda_planks":24,"minecraft:cooked_porkchop":10,"minecraft:crafting_table":4,"minecraft:wooden_pickaxe":2,"minecraft:stone_axe":2,"minecraft:bread":1,"minecraft:air":0,"minecraft:jungle_planks":4,"minecraft:shield":1,"minecraft:gold_nugget":117,"minecraft:stick":200,"minecraft:iron_ingot":79,"minecraft:iron_pickaxe":3,"minecraft:stone_sword":2,"minecraft:gold_ingot":20,"minecraft:torch":8},"minecraft:custom":{"minecraft:mob_kills":51,"minecraft:interact_with_crafting_table":46,"minecraft:open_barrel":2,"minecraft:eat_cake_slice":7,"minecraft:leave_game":25,"minecraft:time_since_death":40293,"minecraft:climb_one_cm":1816,"minecraft:sprint_one_cm":895167,"minecraft:walk_one_cm":528160,"minecraft:damage_blocked_by_shield":1545,"minecraft:drop":74,"minecraft:talked_to_villager":28,"minecraft:play_time":279915,"minecraft:sneak_time":6172,"minecraft:deaths":4,"minecraft:walk_under_water_one_cm":7032,"minecraft:jump":2452,"minecraft:walk_on_water_one_cm":17646,"minecraft:total_world_time":279915,"minecraft:interact_with_furnace":48,"minecraft:sleep_in_bed":7,"minecraft:time_since_rest":40315,"minecraft:waystone_activated":2,"minecraft:damage_taken":4249,"minecraft:damage_absorbed":40,"minecraft:damage_dealt":9511,"minecraft:swim_one_cm":10774,"minecraft:fly_one_cm":379247,"minecraft:open_chest":89,"minecraft:crouch_one_cm":29362,"minecraft:fall_one_cm":57524,"minecraft:horse_one_cm":7253},"minecraft:used":{"minecraft:oak_trapdoor":1,"minecraft:beetroot":2,"minecraft:oak_fence":1,"minecraft:stone_sword":240,"minecraft:armor_stand":1,"minecraft:stone_shovel":169,"minecraft:chest":7,"minecraft:shield":62,"minecraft:wooden_shovel":4,"minecraft:oak_door":3,"minecraft:torch":81,"minecraft:rotten_flesh":3,"simpletomb:grave_key":26,"minecraft:dirt":240,"securitycraft:keypad_item":1,"minecraft:jungle_planks":3,"minecraft:carrot":64,"minecraft:tuff":37,"minecraft:smooth_basalt":1,"minecraft:bamboo":13,"minecraft:brown_carpet":1,"minecraft:golden_carrot":1,"minecraft:oak_sapling":19,"minecraft:furnace":3,"minecraft:beetroot_seeds":3,"minecraft:cooked_beef":4,"minecraft:egg":1,"minecraft:potato":41,"minecraft:cooked_mutton":2,"minecraft:wheat_seeds":1,"minecraft:leather_leggings":1,"minecraft:oak_planks":90,"minecraft:stone_pickaxe":400,"minecraft:wooden_pickaxe":50,"minecraft:leather_chestplate":1,"minecraft:leather_boots":1,"minecraft:golden_apple":1,"minecraft:white_wool":1,"minecraft:glow_berries":2,"minecraft:crafting_table":7,"minecraft:white_bed":1,"minecraft:cake":1,"biomesoplenty:jacaranda_planks":1,"minecraft:bread":1,"minecraft:iron_pickaxe":278,"minecraft:gravel":1,"minecraft:chiseled_stone_bricks":1,"minecraft:stone_axe":190,"minecraft:cobblestone":53,"minecraft:experience_bottle":1},"minecraft:dropped":{"minecraft:wheat_seeds":9,"evilcraft:condensed_blood":32,"simpletomb:grave_key":1,"minecraft:lantern":1,"minecraft:granite":2,"minecraft:rail":7,"minecraft:leather_helmet":4,"minecraft:stick":1,"minecraft:dirt":12,"minecraft:torch":1,"minecraft:string":3,"minecraft:white_wool":2,"minecraft:redstone":2,"minecraft:stone_axe":1,"minecraft:stone_sword":1,"alexsmobs:animal_dictionary":1,"minecraft:birch_sapling":1,"minecraft:rotten_flesh":7,"minecraft:oak_planks":60,"minecraft:name_tag":2,"minecraft:azure_bluet":2,"minecraft:carrot":27,"minecraft:chiseled_stone_bricks":8,"minecraft:leather_chestplate":4,"minecraft:beetroot_seeds":4,"minecraft:leather_boots":3,"minecraft:oak_sapling":1,"minecraft:wooden_shovel":2,"minecraft:leather_leggings":3,"minecraft:stone_bricks":2,"minecraft:brown_carpet":1,"minecraft:white_dye":2,"minecraft:arrow":1,"minecraft:beef":2,"minecraft:stone_pickaxe":2,"biomesoplenty:tall_lavender":1},"minecraft:picked_up":{"minecraft:crafting_table":3,"minecraft:wheat":16,"minecraft:azure_bluet":2,"minecraft:chicken":1,"minecraft:leather_leggings":3,"minecraft:smithing_table":1,"minecraft:wooden_pickaxe":1,"solarcraft:ancient_fragment":1,"biomesoplenty:jacaranda_sapling":3,"minecraft:amethyst_block":7,"minecraft:string":29,"minecraft:oak_trapdoor":1,"minecraft:item_frame":7,"minecraft:armor_stand":8,"biomesoplenty:tall_lavender":2,"minecraft:experience_bottle":1,"minecraft:beetroot":4,"minecraft:cobbled_deepslate":111,"minecraft:detector_rail":1,"minecraft:beef":7,"minecraft:rose_bush":9,"minecraft:poppy":1,"minecraft:melon_slice":18,"minecraft:birch_sapling":1,"minecraft:egg":3,"minecraft:golden_helmet":4,"minecraft:stick":16,"minecraft:raw_iron":79,"minecraft:jukebox":1,"minecraft:oak_fence":5,"minecraft:torch":19,"minecraft:spruce_stairs":3,"minecraft:porkchop":10,"minecraft:white_dye":2,"minecraft:cake":1,"minecraft:cookie":2,"minecraft:carrot":95,"minecraft:redstone":23,"minecraft:brown_carpet":2,"minecraft:stone_sword":1,"minecraft:arrow":6,"minecraft:rotten_flesh":16,"biomesoplenty:jacaranda_log":6,"minecraft:beetroot_seeds":25,"k_turrets:raw_titanium":2,"minecraft:gold_ingot":3,"evilcraft:condensed_blood":32,"minecraft:glow_berries":6,"minecraft:mutton":6,"minecraft:rail":8,"minecraft:skeleton_skull":2,"minecraft:white_wool":5,"minecraft:cobblestone":141,"biomesoplenty:lavender":174,"minecraft:leather_chestplate":3,"minecraft:andesite":3,"minecraft:jungle_log":1,"minecraft:leather":1,"minecraft:golden_leggings":4,"minecraft:potato":51,"minecraft:tuff":54,"minecraft:oak_log":127,"biomesoplenty:jacaranda_planks":1,"minecraft:gunpowder":4,"minecraft:lapis_lazuli":36,"minecraft:dirt":255,"minecraft:lantern":1,"minecraft:name_tag":1,"minecraft:leather_boots":3,"minecraft:bone":6,"minecraft:apple":3,"minecraft:stone_bricks":2,"minecraft:bow":1,"minecraft:wheat_seeds":62,"minecraft:raw_gold":15,"minecraft:stone_pickaxe":2,"minecraft:rabbit":1,"minecraft:bamboo":15,"solarcraft:empty_crystal":4,"minecraft:oak_planks":63,"minecraft:book":11,"minecraft:oak_slab":1,"aquaculture:smallmouth_bass":1,"scalinghealth:heart_crystal_shard":5,"minecraft:smooth_basalt":1,"aquaculture:gar":1,"minecraft:chiseled_stone_bricks":9,"minecraft:gravel":6,"minecraft:jungle_planks":3,"minecraft:amethyst_shard":16,"minecraft:white_bed":1,"minecraft:spider_eye":1,"minecraft:leather_helmet":4,"minecraft:diamond":4,"evilcraft:dark_gem":5,"minecraft:granite":2,"minecraft:emerald":1,"minecraft:bread":3,"minecraft:oak_sapling":42,"minecraft:coal":33}},"DataVersion":3120}