{"stats":{"minecraft:killed":{"minecraft:sheep":1,"minecraft:zombie":2,"minecraft:pig":1},"minecraft:picked_up":{"minecraft:book":2,"minecraft:stick":2,"minecraft:wheat":3,"minecraft:porkchop":2,"minecraft:white_dye":2,"minecraft:oak_log":25,"minecraft:redstone":2,"minecraft:lapis_lazuli":2,"minecraft:oak_trapdoor":1,"minecraft:item_frame":2,"minecraft:rotten_flesh":3,"minecraft:beetroot":1,"minecraft:beetroot_seeds":3,"minecraft:wheat_seeds":10,"minecraft:rose_bush":5,"minecraft:gold_ingot":2,"minecraft:bamboo":3,"minecraft:oak_sapling":12,"minecraft:birch_sapling":1,"minecraft:mutton":2,"minecraft:skeleton_skull":1,"minecraft:white_wool":1},"minecraft:mined":{"minecraft:skeleton_skull":1,"minecraft:oak_trapdoor":1,"minecraft:wheat":4,"minecraft:birch_leaves":1,"minecraft:grass":5,"minecraft:oak_log":25,"minecraft:beetroots":1,"minecraft:rose_bush":4,"minecraft:oak_leaves":11},"minecraft:custom":{"minecraft:time_since_rest":13842,"minecraft:sprint_one_cm":60618,"minecraft:damage_taken":322,"minecraft:walk_one_cm":36932,"minecraft:mob_kills":4,"minecraft:drop":3,"minecraft:damage_dealt":598,"minecraft:talked_to_villager":5,"minecraft:fly_one_cm":27644,"minecraft:crouch_one_cm":1537,"minecraft:play_time":33761,"minecraft:deaths":2,"minecraft:sneak_time":585,"minecraft:jump":123,"minecraft:leave_game":17,"minecraft:walk_on_water_one_cm":38,"minecraft:time_since_death":20814,"minecraft:sleep_in_bed":1,"minecraft:climb_one_cm":155,"minecraft:total_world_time":33761,"minecraft:fall_one_cm":4679},"minecraft:dropped":{"alexsmobs:animal_dictionary":1,"simpletomb:grave_key":1,"minecraft:oak_sapling":1},"minecraft:killed_by":{"minecraft:creeper":1},"minecraft:used":{"minecraft:oak_trapdoor":1,"minecraft:wheat_seeds":1,"minecraft:rotten_flesh":3,"simpletomb:grave_key":2,"minecraft:beetroot_seeds":3}},"DataVersion":3120}