{"stats":{"minecraft:killed":{"minecraft:spider":1,"aquaculture:gar":1,"aquaculture:smallmouth_bass":1,"alexsmobs:leafcutter_ant":1,"minecraft:chicken":1,"minecraft:cat":1,"minecraft:pig":5,"alexsmobs:skunk":1,"minecraft:creeper":2,"minecraft:sheep":4,"minecraft:zombie":5,"minecraft:cow":4},"minecraft:picked_up":{"minecraft:crafting_table":2,"minecraft:wheat":16,"minecraft:azure_bluet":2,"minecraft:chicken":1,"minecraft:leather_leggings":3,"minecraft:oak_trapdoor":1,"minecraft:string":3,"minecraft:item_frame":2,"minecraft:armor_stand":4,"biomesoplenty:tall_lavender":1,"minecraft:experience_bottle":1,"minecraft:beetroot":2,"minecraft:beef":7,"minecraft:rose_bush":5,"minecraft:melon_slice":7,"minecraft:birch_sapling":1,"minecraft:stick":10,"minecraft:raw_iron":11,"minecraft:oak_fence":2,"minecraft:torch":5,"minecraft:porkchop":10,"minecraft:white_dye":2,"minecraft:carrot":46,"minecraft:redstone":2,"minecraft:brown_carpet":2,"minecraft:stone_sword":1,"minecraft:rotten_flesh":5,"minecraft:beetroot_seeds":17,"minecraft:gold_ingot":2,"minecraft:mutton":6,"minecraft:white_wool":5,"minecraft:skeleton_skull":1,"minecraft:cobblestone":28,"minecraft:leather_chestplate":3,"minecraft:jungle_log":1,"minecraft:leather":1,"minecraft:potato":40,"minecraft:oak_log":66,"minecraft:gunpowder":2,"minecraft:lapis_lazuli":2,"minecraft:dirt":25,"minecraft:lantern":1,"minecraft:leather_boots":3,"minecraft:stone_bricks":2,"minecraft:wheat_seeds":58,"minecraft:stone_pickaxe":1,"minecraft:bamboo":6,"solarcraft:empty_crystal":4,"minecraft:oak_planks":5,"minecraft:book":11,"aquaculture:smallmouth_bass":1,"scalinghealth:heart_crystal_shard":5,"aquaculture:gar":1,"minecraft:chiseled_stone_bricks":9,"minecraft:jungle_planks":3,"minecraft:leather_helmet":4,"minecraft:oak_sapling":24,"minecraft:coal":26},"minecraft:mined":{"solarcraft:crystal":3,"minecraft:grass_block":7,"minecraft:jungle_planks":3,"minecraft:jungle_log":1,"minecraft:chiseled_stone_bricks":3,"biomesoplenty:tall_lavender":1,"minecraft:oak_trapdoor":1,"minecraft:carrots":14,"minecraft:iron_ore":11,"minecraft:bookshelf":3,"minecraft:potatoes":10,"minecraft:vine":1,"minecraft:bamboo_sapling":3,"minecraft:stone":29,"minecraft:white_wool":1,"solarcraft:void_lily":2,"minecraft:scaffolding":1,"minecraft:oak_fence":1,"minecraft:crafting_table":2,"minecraft:torch":2,"minecraft:melon":1,"minecraft:rose_bush":4,"biomesoplenty:sprout":1,"minecraft:oak_planks":1,"minecraft:wall_torch":3,"minecraft:skeleton_skull":1,"minecraft:wheat":17,"minecraft:birch_leaves":1,"minecraft:grass":25,"minecraft:coal_ore":26,"minecraft:oak_log":64,"minecraft:beetroots":4,"minecraft:dirt":7,"minecraft:stone_bricks":4,"solarcraft:solar_stone_bricks":3,"solarcraft:solar_stone_collumn_horizontal":1,"minecraft:oak_leaves":47,"minecraft:fern":1},"minecraft:custom":{"minecraft:mob_kills":27,"minecraft:interact_with_crafting_table":23,"minecraft:leave_game":18,"minecraft:time_since_death":110455,"minecraft:climb_one_cm":1499,"minecraft:sprint_one_cm":308560,"minecraft:walk_one_cm":212896,"minecraft:drop":62,"minecraft:talked_to_villager":8,"minecraft:play_time":123402,"minecraft:deaths":2,"minecraft:sneak_time":1290,"minecraft:walk_under_water_one_cm":4805,"minecraft:jump":759,"minecraft:walk_on_water_one_cm":4053,"minecraft:total_world_time":123402,"minecraft:interact_with_furnace":10,"minecraft:sleep_in_bed":5,"minecraft:time_since_rest":83890,"minecraft:damage_taken":810,"minecraft:damage_dealt":3537,"minecraft:swim_one_cm":4881,"minecraft:fly_one_cm":152796,"minecraft:open_chest":19,"minecraft:crouch_one_cm":4696,"minecraft:fall_one_cm":19387,"minecraft:horse_one_cm":7253},"minecraft:dropped":{"minecraft:wheat_seeds":9,"simpletomb:grave_key":1,"minecraft:lantern":1,"minecraft:leather_helmet":4,"minecraft:dirt":12,"minecraft:torch":1,"minecraft:string":3,"minecraft:white_wool":2,"minecraft:redstone":2,"minecraft:stone_sword":1,"alexsmobs:animal_dictionary":1,"minecraft:birch_sapling":1,"minecraft:rotten_flesh":5,"minecraft:oak_planks":4,"minecraft:azure_bluet":2,"minecraft:carrot":2,"minecraft:chiseled_stone_bricks":8,"minecraft:leather_chestplate":4,"minecraft:beetroot_seeds":4,"minecraft:leather_boots":3,"minecraft:oak_sapling":1,"minecraft:wooden_shovel":2,"minecraft:leather_leggings":3,"minecraft:stone_bricks":2,"minecraft:brown_carpet":1,"minecraft:white_dye":2,"minecraft:stone_pickaxe":1,"minecraft:beef":2,"biomesoplenty:tall_lavender":1},"minecraft:killed_by":{"minecraft:creeper":1},"minecraft:used":{"minecraft:beetroot":2,"minecraft:oak_trapdoor":1,"minecraft:stone_sword":91,"minecraft:armor_stand":1,"minecraft:stone_shovel":14,"minecraft:chest":1,"minecraft:wooden_shovel":4,"minecraft:rotten_flesh":3,"minecraft:oak_door":3,"simpletomb:grave_key":2,"minecraft:torch":8,"minecraft:dirt":10,"minecraft:jungle_planks":3,"minecraft:carrot":7,"minecraft:bamboo":6,"minecraft:brown_carpet":1,"minecraft:oak_sapling":19,"minecraft:furnace":2,"minecraft:beetroot_seeds":3,"minecraft:potato":17,"minecraft:cooked_beef":4,"minecraft:wheat_seeds":1,"minecraft:leather_leggings":1,"minecraft:stone_pickaxe":45,"minecraft:oak_planks":67,"minecraft:leather_chestplate":1,"minecraft:wooden_pickaxe":45,"minecraft:leather_boots":1,"minecraft:white_wool":1,"minecraft:crafting_table":3,"minecraft:bread":1,"minecraft:stone_axe":57,"minecraft:chiseled_stone_bricks":1,"minecraft:experience_bottle":1},"minecraft:crafted":{"minecraft:golden_carrot":1,"minecraft:oak_door":3,"minecraft:oak_planks":192,"minecraft:stone_shovel":1,"minecraft:golden_chestplate":1,"minecraft:furnace":2,"minecraft:cooked_mutton":6,"minecraft:stone_pickaxe":1,"minecraft:chest":1,"minecraft:cooked_beef":5,"minecraft:wooden_shovel":2,"minecraft:crafting_table":2,"minecraft:wooden_pickaxe":2,"minecraft:stone_axe":1,"minecraft:bread":1,"minecraft:air":0,"minecraft:jungle_planks":4,"minecraft:gold_nugget":117,"minecraft:stick":200,"minecraft:stone_sword":1,"minecraft:gold_ingot":5,"minecraft:torch":8}},"DataVersion":3120}