{"stats":{"minecraft:dropped":{"minecraft:iron_sword":1,"minecraft:oak_log":8,"minecraft:cooked_porkchop":1,"minecraft:lantern":1,"minecraft:leather":4,"minecraft:saddle":1,"minecraft:rail":7,"minecraft:leather_helmet":4,"minecraft:emerald":3,"minecraft:dirt":16,"minecraft:grass":1,"evilcraft:broom":3,"minecraft:pumpkin_pie":1,"minecraft:white_wool":2,"minecraft:armor_stand":4,"minecraft:stone_axe":1,"minecraft:sugar_cane":1,"securitycraft:dirt_mine":1,"biomesoplenty:bramble":2,"alexsmobs:animal_dictionary":1,"mcwbridges:glass_bridge_stair":24,"minecraft:birch_sapling":1,"minecraft:rotten_flesh":7,"minecraft:oak_planks":174,"minecraft:azure_bluet":2,"minecraft:carrot":27,"minecraft:chiseled_stone_bricks":8,"minecraft:poppy":3,"minecraft:leather_chestplate":4,"minecraft:skeleton_skull":1,"minecraft:beetroot_seeds":4,"minecraft:leather_boots":4,"minecraft:leather_leggings":3,"minecraft:white_dye":2,"minecraft:arrow":1,"minecraft:beef":2,"biomesoplenty:tall_lavender":1,"minecraft:enchanted_book":1,"biomesoplenty:mahogany_log":2,"minecraft:iron_ingot":31,"minecraft:oak_slab":1,"minecraft:wheat_seeds":11,"minecraft:golden_helmet":4,"minecraft:golden_horse_armor":1,"evilcraft:condensed_blood":32,"evilcraft:dark_gem_crushed":3,"simpletomb:grave_key":1,"biomesoplenty:lavender":130,"minecraft:cobblestone":1,"minecraft:lead":1,"minecraft:book":3,"minecraft:apple":22,"minecraft:granite":2,"evilcraft:dark_gem":17,"minecraft:golden_apple":2,"minecraft:stick":1,"minecraft:oxeye_daisy":1,"minecraft:torch":1,"solarcraft:empty_crystal":8,"minecraft:melon_slice":1,"minecraft:rose_bush":1,"aquaculture:jellyfish":1,"minecraft:golden_hoe":1,"biomesoplenty:jacaranda_door":1,"minecraft:paper":4,"minecraft:string":67,"minecraft:redstone":23,"minecraft:stone_sword":1,"minecraft:experience_bottle":1,"minecraft:name_tag":4,"minecraft:lily_of_the_valley":1,"securitycraft:universal_block_remover":1,"minecraft:potato":10,"minecraft:stone":1,"minecraft:golden_leggings":3,"minecraft:oak_sapling":1,"minecraft:wooden_shovel":2,"minecraft:spider_eye":2,"minecraft:stone_bricks":2,"minecraft:brown_carpet":1,"minecraft:diamond_boots":1,"minecraft:stone_pickaxe":2},"minecraft:picked_up":{"minecraft:wheat":16,"securitycraft:keypad_item":3,"minecraft:flower_pot":1,"minecraft:smithing_table":1,"minecraft:lead":6,"minecraft:oak_stairs":12,"solarcraft:ancient_fragment":1,"minecraft:enchanted_book":1,"minecraft:stone_brick_stairs":6,"minecraft:brewing_stand":1,"securitycraft:reinforced_oak_planks":2,"minecraft:amethyst_block":7,"minecraft:string":33,"minecraft:iron_leggings":1,"biomesoplenty:tall_lavender":6,"minecraft:armor_stand":8,"minecraft:experience_bottle":2,"minecraft:zombie_head":1,"minecraft:beetroot":4,"minecraft:gold_nugget":64,"minecraft:cobbled_deepslate":166,"mcwbridges:bridge_torch":2,"mcwbridges:stone_brick_bridge_stair":2,"minecraft:rose_bush":11,"minecraft:iron_pickaxe":2,"alexsmobs:raccoon_tail":1,"minecraft:melon_slice":27,"minecraft:golden_helmet":7,"minecraft:beehive":1,"minecraft:stick":22,"minecraft:jukebox":1,"minecraft:oak_fence":6,"minecraft:torch":35,"mcwbridges:glass_bridge_stair":2,"minecraft:spruce_stairs":5,"minecraft:porkchop":10,"minecraft:brown_carpet":2,"minecraft:stone_sword":1,"evilcraft:box_of_eternal_closure":1,"minecraft:rotten_flesh":17,"evilcraft:condensed_blood":32,"minecraft:deepslate_brick_stairs":1,"alexsmobs:flying_fish":2,"minecraft:cobblestone":395,"biomesoplenty:lavender":184,"minecraft:birch_log":3,"minecraft:leather_chestplate":3,"minecraft:andesite":3,"minecraft:jungle_log":1,"minecraft:golden_leggings":5,"minecraft:potato":75,"minecraft:tuff":54,"minecraft:lapis_lazuli":80,"minecraft:dirt":668,"minecraft:lantern":8,"minecraft:name_tag":4,"minecraft:leather_boots":3,"securitycraft:reinforced_tuff":2,"minecraft:bone":7,"minecraft:bow":3,"minecraft:stonecutter":1,"minecraft:wheat_seeds":75,"minecraft:raw_gold":16,"minecraft:rabbit":3,"minecraft:diamond_helmet":2,"minecraft:glowstone_dust":4,"minecraft:bamboo":126,"solarcraft:empty_crystal":4,"minecraft:oak_planks":206,"biomesoplenty:cherry_log":1,"aquaculture:jellyfish":1,"aquaculture:gar":3,"securitycraft:dirt_mine":2,"evilcraft:dark_gem_crushed":3,"minecraft:sand":153,"minecraft:jungle_planks":3,"sophisticatedbackpacks:iron_backpack":1,"minecraft:lily_of_the_valley":1,"minecraft:dark_oak_log":4,"securitycraft:universal_block_remover":1,"minecraft:diamond":47,"waystones:waystone":3,"evilcraft:broom":3,"minecraft:granite":2,"minecraft:grass":2,"minecraft:emerald":9,"minecraft:golden_horse_armor":1,"minecraft:bread":9,"minecraft:oak_sapling":47,"minecraft:oak_leaves":140,"minecraft:charcoal":10,"biomesoplenty:redwood_log":32,"sophisticatedbackpacks:gold_backpack":1,"minecraft:crafting_table":4,"minecraft:azure_bluet":2,"minecraft:chicken":3,"minecraft:clay_ball":24,"minecraft:leather_leggings":3,"minecraft:wooden_pickaxe":1,"minecraft:stone_brick_wall":1,"biomesoplenty:jacaranda_sapling":3,"minecraft:chain":1,"minecraft:oak_trapdoor":1,"minecraft:item_frame":10,"minecraft:cartography_table":2,"minecraft:detector_rail":1,"minecraft:beef":7,"minecraft:oak_boat":6,"minecraft:poppy":5,"minecraft:sugar_cane":1,"minecraft:birch_sapling":1,"biomesoplenty:hanging_cobweb":2,"minecraft:egg":5,"minecraft:raw_iron":112,"minecraft:stone":17,"securitycraft:reinforced_cobblestone":2,"minecraft:oak_door":5,"evilcraft:origins_of_darkness":1,"minecraft:white_dye":2,"minecraft:cake":1,"minecraft:cookie":2,"minecraft:carrot":125,"minecraft:redstone":80,"biomesoplenty:redwood_planks":2,"minecraft:arrow":9,"biomesoplenty:jacaranda_log":6,"minecraft:peony":1,"minecraft:beetroot_seeds":25,"minecraft:pumpkin_pie":2,"k_turrets:raw_titanium":2,"minecraft:diamond_boots":1,"minecraft:gold_ingot":35,"minecraft:glow_berries":31,"minecraft:mutton":9,"minecraft:rail":8,"minecraft:skeleton_skull":5,"minecraft:white_wool":5,"minecraft:oxeye_daisy":2,"mcwdoors:birch_japanese_door":2,"minecraft:leather":5,"alexsmobs:acacia_blossom":1,"biomesoplenty:jacaranda_door":3,"chococraft:chocobo_saddle":1,"minecraft:oak_log":161,"securitycraft:keypad_chest":1,"biomesoplenty:jacaranda_planks":7,"minecraft:gunpowder":6,"scalinghealth:heart_crystal":2,"minecraft:white_banner":1,"minecraft:cooked_mutton":4,"chococraft:chocobo_feather":4,"chococraft:gysahl_green":4,"minecraft:apple":4,"minecraft:stone_bricks":66,"minecraft:iron_ingot":29,"minecraft:stone_pickaxe":2,"scalinghealth:power_crystal_shard":6,"minecraft:iron_sword":4,"minecraft:acacia_sapling":2,"minecraft:book":73,"elevatorid:elevator_white":1,"minecraft:scaffolding":52,"minecraft:oak_slab":2,"aquaculture:smallmouth_bass":1,"scalinghealth:heart_crystal_shard":12,"minecraft:smooth_basalt":1,"minecraft:chiseled_stone_bricks":9,"minecraft:stone_brick_slab":15,"minecraft:gravel":6,"minecraft:amethyst_shard":32,"minecraft:white_bed":1,"minecraft:spider_eye":3,"minecraft:leather_helmet":4,"biomesoplenty:mahogany_log":2,"biomesoplenty:bramble":2,"securitycraft:reinforced_grass_block":5,"minecraft:stone_axe":1,"chococraft:chocobo_whistle":1,"evilcraft:dark_gem":5,"minecraft:baked_potato":29,"securitycraft:door_indestructible_iron_item":2,"mcwbridges:glass_bridge":3,"minecraft:coal":36,"minecraft:sunflower":1},"minecraft:crafted":{"securitycraft:mine":3,"minecraft:smooth_stone":9,"minecraft:oak_planks":708,"minecraft:cooked_chicken":7,"minecraft:stone":190,"securitycraft:keypad_item":4,"minecraft:heavy_weighted_pressure_plate":5,"minecraft:cooked_mutton":8,"securitycraft:laser_block":1,"minecraft:glass":137,"minecraft:stone_brick_slab":14,"minecraft:bow":1,"minecraft:iron_boots":1,"minecraft:chest":9,"minecraft:iron_door":3,"minecraft:stone_bricks":31,"minecraft:deepslate":100,"minecraft:wooden_shovel":3,"biomesoplenty:jacaranda_planks":24,"minecraft:cooked_porkchop":10,"minecraft:crafting_table":7,"minecraft:wooden_pickaxe":2,"mcwbridges:glass_bridge":28,"minecraft:baked_potato":21,"minecraft:birch_planks":12,"minecraft:dispenser":1,"minecraft:stone_brick_stairs":4,"mcwbridges:glass_bridge_stair":24,"minecraft:shield":1,"minecraft:stick":212,"minecraft:iron_ingot":209,"minecraft:iron_pickaxe":3,"minecraft:stone_sword":2,"minecraft:gold_ingot":21,"minecraft:redstone_torch":6,"minecraft:shears":1,"securitycraft:universal_block_reinforcer_lvl1":1,"minecraft:golden_carrot":1,"minecraft:oak_door":6,"minecraft:stone_shovel":1,"minecraft:smooth_stone_slab":18,"minecraft:golden_chestplate":1,"mcwbridges:stone_brick_bridge_stair":1,"minecraft:furnace":4,"minecraft:stone_button":41,"minecraft:bone_meal":9,"minecraft:glass_pane":176,"minecraft:iron_axe":1,"securitycraft:universal_block_remover":1,"minecraft:stone_pickaxe":12,"biomesoplenty:jacaranda_door":3,"minecraft:redstone_block":1,"minecraft:cooked_beef":23,"securitycraft:portable_radar":2,"biomesoplenty:redwood_planks":12,"sophisticatedbackpacks:gold_backpack":1,"mcwbridges:bridge_torch":2,"minecraft:bucket":2,"minecraft:stone_axe":3,"minecraft:bread":1,"minecraft:air":0,"minecraft:jungle_planks":4,"securitycraft:dirt_mine":3,"minecraft:oak_boat":1,"securitycraft:door_indestructible_iron_item":1,"minecraft:gold_nugget":117,"minecraft:oak_stairs":16,"minecraft:wooden_axe":2,"minecraft:iron_leggings":1,"minecraft:torch":8},"minecraft:used":{"minecraft:beetroot":4,"minecraft:shield":86,"minecraft:chest":9,"minecraft:stone":3,"minecraft:iron_sword":90,"minecraft:grass":1,"minecraft:rotten_flesh":3,"minecraft:mutton":5,"securitycraft:keypad_item":7,"minecraft:jungle_planks":3,"minecraft:carrot":80,"minecraft:acacia_sapling":2,"minecraft:tuff":54,"minecraft:glass":60,"minecraft:lantern":7,"mcwbridges:glass_bridge_stair":14,"minecraft:stone_brick_stairs":27,"minecraft:stone_bricks":157,"minecraft:brown_carpet":1,"minecraft:bow":11,"minecraft:scaffolding":27,"minecraft:oak_sapling":24,"minecraft:furnace":4,"minecraft:beetroot_seeds":3,"minecraft:egg":4,"minecraft:potato":100,"minecraft:leather_leggings":1,"securitycraft:door_indestructible_iron_item":3,"minecraft:oak_planks":406,"minecraft:stone_pickaxe":441,"minecraft:leather_chestplate":1,"minecraft:wooden_pickaxe":99,"minecraft:cookie":2,"minecraft:glow_berries":2,"minecraft:golden_apple":3,"minecraft:white_wool":1,"minecraft:oak_leaves":140,"elevatorid:elevator_white":1,"minecraft:sand":1,"securitycraft:universal_block_remover":16,"minecraft:shears":93,"biomesoplenty:jacaranda_planks":18,"minecraft:deepslate_brick_stairs":51,"waystones:waystone":3,"securitycraft:reinforced_grass_block":1,"minecraft:dark_oak_log":5,"minecraft:melon_slice":16,"minecraft:bread":19,"minecraft:deepslate":93,"minecraft:gravel":1,"minecraft:golden_helmet":1,"aquaculture:gar":2,"minecraft:oak_boat":6,"minecraft:oak_fence":1,"minecraft:oak_trapdoor":1,"minecraft:bone_meal":9,"minecraft:experience_bottle":1,"minecraft:stone_sword":240,"minecraft:armor_stand":1,"minecraft:flint_and_steel":2,"securitycraft:keypad_chest":1,"minecraft:stone_shovel":169,"biomesoplenty:redwood_planks":6,"minecraft:wooden_shovel":64,"simpletomb:grave_key":32,"minecraft:cooked_chicken":1,"minecraft:oak_door":6,"minecraft:torch":131,"minecraft:dirt":635,"scalinghealth:heart_crystal":1,"minecraft:spruce_stairs":3,"minecraft:golden_chestplate":1,"biomesoplenty:redwood_log":29,"minecraft:stone_brick_slab":85,"minecraft:wooden_axe":111,"minecraft:iron_axe":90,"minecraft:oak_stairs":24,"mcwbridges:glass_bridge":7,"minecraft:smooth_basalt":1,"minecraft:bamboo":76,"minecraft:golden_carrot":1,"securitycraft:dirt_mine":4,"minecraft:cooked_beef":8,"minecraft:cobbled_deepslate":14,"minecraft:golden_axe":16,"minecraft:wheat_seeds":1,"minecraft:cooked_mutton":4,"biomesoplenty:jacaranda_door":5,"minecraft:water_bucket":6,"minecraft:amethyst_block":7,"securitycraft:reinforced_oak_planks":2,"mcwdoors:birch_japanese_door":1,"minecraft:baked_potato":27,"minecraft:cartography_table":1,"minecraft:stonecutter":1,"minecraft:leather_boots":1,"minecraft:crafting_table":11,"minecraft:white_bed":1,"minecraft:cake":1,"mcwbridges:stone_brick_bridge_stair":2,"minecraft:apple":34,"minecraft:oxeye_daisy":1,"mcwbridges:bridge_torch":2,"minecraft:iron_pickaxe":658,"minecraft:chiseled_stone_bricks":1,"minecraft:stone_axe":222,"minecraft:cobblestone":121,"minecraft:white_banner":1,"minecraft:cooked_porkchop":7,"minecraft:bucket":6,"minecraft:glass_pane":159,"minecraft:pumpkin_pie":1},"minecraft:killed":{"minecraft:cave_spider":4,"minecraft:witch":2,"minecraft:spider":4,"aquaculture:gar":3,"aquaculture:smallmouth_bass":1,"minecraft:skeleton":7,"minecraft:bee":1,"alexsmobs:leafcutter_ant":1,"minecraft:chicken":1,"minecraft:cat":1,"minecraft:pig":5,"minecraft:zombie_villager":1,"minecraft:iron_golem":1,"minecraft:creeper":4,"minecraft:sheep":4,"minecraft:zombie":15,"minecraft:cow":4,"alexsmobs:raccoon":4,"alexsmobs:skunk":1,"aquaculture:jellyfish":1,"minecraft:villager":1,"minecraft:enderman":1},"minecraft:killed_by":{"minecraft:creeper":1,"minecraft:enderman":1,"minecraft:skeleton":1},"minecraft:mined":{"minecraft:large_amethyst_bud":2,"biomesoplenty:cherry_log":1,"minecraft:white_bed":1,"minecraft:jungle_leaves":1,"minecraft:brewing_stand":1,"minecraft:granite":20,"minecraft:stone_brick_wall":1,"minecraft:budding_amethyst":1,"minecraft:grass_block":182,"mcwbridges:glass_bridge":3,"sophisticatedbackpacks:iron_backpack":1,"minecraft:jungle_log":1,"minecraft:oxeye_daisy":2,"minecraft:chiseled_stone_bricks":3,"minecraft:spawner":2,"biomesoplenty:tall_lavender":2,"minecraft:glowstone":2,"minecraft:iron_ore":50,"minecraft:fire":4,"biomesoplenty:lavender":209,"minecraft:deepslate_lapis_ore":3,"biomesoplenty:hanging_cobweb":1,"mcwdoors:birch_japanese_door":1,"mcwbridges:bridge_torch":2,"minecraft:dirt_path":2,"biomesoplenty:redwood_log":34,"scalinghealth:deepslate_power_crystal_ore":1,"minecraft:small_amethyst_bud":1,"minecraft:oak_stairs":12,"biomesoplenty:webbing":16,"minecraft:deepslate_brick_stairs":1,"minecraft:white_banner":1,"minecraft:deepslate_redstone_ore":5,"solarcraft:void_lily":2,"biomesoplenty:jacaranda_planks":9,"minecraft:amethyst_cluster":4,"biomesoplenty:hanging_cobweb_strand":1,"minecraft:clay":6,"minecraft:torch":10,"minecraft:poppy":1,"minecraft:melon":5,"minecraft:white_stained_glass_pane":3,"minecraft:glass":4,"minecraft:cobblestone":52,"mcwbridges:stone_brick_bridge_stair":2,"minecraft:oak_planks":35,"mcwbridges:glass_bridge_stair":2,"minecraft:wall_torch":16,"minecraft:amethyst_block":7,"minecraft:skeleton_skull":3,"minecraft:birch_log":3,"minecraft:wheat":17,"minecraft:jukebox":1,"minecraft:stone_brick_stairs":7,"minecraft:grass":106,"minecraft:oak_log":151,"minecraft:beetroots":7,"minecraft:sand":156,"minecraft:dirt":195,"minecraft:smooth_basalt":2,"solarcraft:solar_stone_collumn_horizontal":1,"solarcraft:solar_stone_bricks":3,"minecraft:stonecutter":1,"minecraft:oak_leaves":191,"minecraft:deepslate":215,"minecraft:tuff":57,"minecraft:deepslate_diamond_ore":4,"minecraft:oak_door":5,"minecraft:dark_oak_log":5,"solarcraft:crystal":3,"minecraft:jungle_planks":3,"minecraft:cartography_table":2,"biomesoplenty:jacaranda_log":6,"minecraft:oak_trapdoor":1,"minecraft:carrots":23,"minecraft:andesite":4,"evilcraft:dark_ore":1,"minecraft:bookshelf":19,"minecraft:potatoes":17,"minecraft:deepslate_iron_ore":34,"minecraft:vine":1,"minecraft:lantern":2,"biomesoplenty:jacaranda_door":3,"minecraft:bamboo_sapling":9,"minecraft:bamboo":12,"minecraft:stone":380,"biomesoplenty:spider_egg":1,"minecraft:white_wool":1,"minecraft:smithing_table":1,"minecraft:oak_slab":1,"minecraft:acacia_leaves":23,"minecraft:scaffolding":31,"biomesoplenty:redwood_planks":2,"minecraft:glass_pane":2,"minecraft:potted_lily_of_the_valley":1,"minecraft:stone_brick_slab":12,"minecraft:oak_fence":5,"minecraft:crafting_table":4,"minecraft:rose_bush":11,"minecraft:campfire":5,"minecraft:copper_ore":5,"minecraft:tall_grass":12,"minecraft:lapis_ore":2,"biomesoplenty:sprout":1,"minecraft:deepslate_gold_ore":17,"minecraft:diorite":6,"minecraft:spruce_stairs":5,"minecraft:beehive":1,"biomesoplenty:mahogany_log":2,"solarcraft:solar_flower":1,"minecraft:birch_leaves":1,"securitycraft:dirt_mine":1,"k_turrets:titanium_ore":2,"elevatorid:elevator_white":1,"minecraft:coal_ore":36,"minecraft:zombie_head":1,"minecraft:gravel":6,"minecraft:sunflower":1,"biomesoplenty:stringy_cobweb":1,"minecraft:cobweb":21,"minecraft:stone_bricks":70,"minecraft:gold_ore":2,"minecraft:fern":10},"minecraft:broken":{"minecraft:wooden_shovel":1,"minecraft:leather_leggings":1,"minecraft:stone_pickaxe":1,"minecraft:stone_axe":1,"minecraft:wooden_axe":2,"minecraft:stone_shovel":1,"minecraft:stone_sword":2,"minecraft:wooden_pickaxe":1,"minecraft:golden_axe":1},"minecraft:custom":{"minecraft:interact_with_crafting_table":131,"minecraft:open_barrel":12,"minecraft:bell_ring":2,"minecraft:eat_cake_slice":8,"minecraft:leave_game":36,"minecraft:time_since_death":257978,"minecraft:sprint_one_cm":2536383,"minecraft:damage_blocked_by_shield":2393,"minecraft:drop":269,"minecraft:talked_to_villager":42,"minecraft:play_time":936752,"minecraft:deaths":7,"minecraft:jump":8946,"minecraft:walk_on_water_one_cm":85250,"minecraft:enchant_item":1,"minecraft:interact_with_furnace":153,"minecraft:interact_with_cartography_table":1,"minecraft:stove_opened":10,"minecraft:sleep_in_bed":19,"minecraft:waystone_activated":13,"minecraft:damage_dealt":17093,"minecraft:crouch_one_cm":105256,"minecraft:interact_with_smithing_table":1,"minecraft:horse_one_cm":7253,"minecraft:interact_with_anvil":3,"minecraft:mob_kills":66,"minecraft:damage_dealt_resisted":735,"minecraft:climb_one_cm":17400,"minecraft:walk_one_cm":1640098,"minecraft:chair_used":1,"minecraft:damage_dealt_absorbed":80,"minecraft:sneak_time":25752,"minecraft:walk_under_water_one_cm":44332,"minecraft:boat_one_cm":327193,"minecraft:total_world_time":936752,"minecraft:interact_with_stonecutter":34,"minecraft:time_since_rest":52033,"minecraft:damage_absorbed":80,"minecraft:damage_taken":15466,"minecraft:swim_one_cm":87269,"minecraft:fly_one_cm":1547249,"minecraft:open_chest":622,"minecraft:fall_one_cm":256493}},"DataVersion":3120}