{"stats":{"minecraft:picked_up":{"minecraft:wheat":16,"minecraft:smithing_table":1,"solarcraft:ancient_fragment":1,"minecraft:amethyst_block":7,"minecraft:string":29,"biomesoplenty:tall_lavender":2,"minecraft:armor_stand":8,"minecraft:zombie_head":1,"minecraft:experience_bottle":2,"minecraft:beetroot":4,"minecraft:cobbled_deepslate":111,"minecraft:rose_bush":9,"minecraft:iron_pickaxe":2,"alexsmobs:raccoon_tail":1,"minecraft:melon_slice":19,"minecraft:golden_helmet":7,"minecraft:stick":16,"minecraft:jukebox":1,"minecraft:oak_fence":6,"minecraft:torch":19,"minecraft:spruce_stairs":3,"minecraft:porkchop":10,"minecraft:brown_carpet":2,"minecraft:stone_sword":1,"minecraft:rotten_flesh":17,"evilcraft:condensed_blood":32,"minecraft:cobblestone":260,"biomesoplenty:lavender":176,"minecraft:leather_chestplate":3,"minecraft:andesite":3,"minecraft:jungle_log":1,"minecraft:golden_leggings":5,"minecraft:potato":63,"minecraft:tuff":54,"minecraft:lapis_lazuli":36,"minecraft:dirt":273,"minecraft:lantern":2,"minecraft:name_tag":1,"minecraft:leather_boots":3,"minecraft:bone":6,"minecraft:stonecutter":1,"minecraft:bow":1,"minecraft:wheat_seeds":64,"minecraft:raw_gold":15,"minecraft:rabbit":3,"minecraft:bamboo":15,"solarcraft:empty_crystal":4,"minecraft:oak_planks":75,"aquaculture:gar":1,"minecraft:jungle_planks":3,"minecraft:sand":41,"minecraft:diamond":4,"waystones:waystone":2,"minecraft:granite":2,"minecraft:bread":3,"minecraft:emerald":3,"minecraft:oak_sapling":42,"biomesoplenty:redwood_log":30,"minecraft:charcoal":10,"minecraft:crafting_table":3,"minecraft:azure_bluet":2,"minecraft:chicken":3,"minecraft:clay_ball":24,"minecraft:leather_leggings":3,"minecraft:wooden_pickaxe":1,"minecraft:stone_brick_wall":1,"biomesoplenty:jacaranda_sapling":3,"minecraft:oak_trapdoor":1,"minecraft:item_frame":7,"minecraft:cartography_table":2,"minecraft:detector_rail":1,"minecraft:beef":7,"minecraft:poppy":1,"minecraft:birch_sapling":1,"minecraft:egg":4,"minecraft:raw_iron":79,"minecraft:white_dye":2,"minecraft:cake":1,"minecraft:cookie":2,"minecraft:carrot":95,"minecraft:redstone":23,"minecraft:arrow":6,"biomesoplenty:jacaranda_log":6,"minecraft:beetroot_seeds":25,"minecraft:pumpkin_pie":1,"k_turrets:raw_titanium":2,"minecraft:gold_ingot":5,"minecraft:glow_berries":6,"minecraft:mutton":9,"minecraft:white_wool":5,"minecraft:skeleton_skull":4,"minecraft:rail":8,"minecraft:leather":1,"minecraft:oak_log":127,"biomesoplenty:jacaranda_planks":1,"minecraft:gunpowder":4,"scalinghealth:heart_crystal":1,"minecraft:apple":3,"minecraft:stone_bricks":61,"minecraft:stone_pickaxe":2,"minecraft:iron_ingot":2,"minecraft:book":23,"minecraft:oak_slab":2,"aquaculture:smallmouth_bass":1,"scalinghealth:heart_crystal_shard":7,"minecraft:smooth_basalt":1,"minecraft:chiseled_stone_bricks":9,"minecraft:gravel":6,"minecraft:amethyst_shard":16,"minecraft:white_bed":1,"minecraft:spider_eye":1,"minecraft:leather_helmet":4,"evilcraft:dark_gem":5,"minecraft:coal":36},"minecraft:killed_by":{"minecraft:creeper":1,"minecraft:enderman":1,"minecraft:skeleton":1},"minecraft:mined":{"minecraft:large_amethyst_bud":2,"minecraft:white_bed":1,"minecraft:granite":20,"minecraft:budding_amethyst":1,"minecraft:grass_block":148,"minecraft:stone_brick_wall":1,"minecraft:jungle_log":1,"minecraft:chiseled_stone_bricks":3,"minecraft:spawner":1,"biomesoplenty:tall_lavender":2,"minecraft:glowstone":1,"minecraft:iron_ore":50,"minecraft:fire":2,"biomesoplenty:lavender":209,"minecraft:deepslate_lapis_ore":3,"biomesoplenty:redwood_log":32,"biomesoplenty:webbing":4,"minecraft:small_amethyst_bud":1,"minecraft:deepslate_redstone_ore":5,"solarcraft:void_lily":2,"biomesoplenty:jacaranda_planks":1,"minecraft:amethyst_cluster":4,"minecraft:clay":6,"minecraft:torch":5,"minecraft:poppy":1,"minecraft:melon":4,"minecraft:white_stained_glass_pane":3,"minecraft:oak_planks":15,"minecraft:wall_torch":5,"minecraft:amethyst_block":7,"minecraft:skeleton_skull":3,"minecraft:wheat":17,"minecraft:jukebox":1,"minecraft:grass":80,"minecraft:oak_log":125,"minecraft:beetroots":7,"minecraft:sand":41,"minecraft:dirt":114,"minecraft:smooth_basalt":2,"minecraft:stonecutter":1,"solarcraft:solar_stone_bricks":3,"solarcraft:solar_stone_collumn_horizontal":1,"minecraft:oak_leaves":71,"minecraft:deepslate":163,"minecraft:tuff":56,"minecraft:deepslate_diamond_ore":4,"solarcraft:crystal":3,"minecraft:jungle_planks":3,"minecraft:cartography_table":2,"biomesoplenty:jacaranda_log":6,"minecraft:oak_trapdoor":1,"minecraft:carrots":20,"minecraft:andesite":4,"evilcraft:dark_ore":1,"minecraft:bookshelf":6,"minecraft:potatoes":17,"minecraft:deepslate_iron_ore":30,"minecraft:vine":1,"minecraft:bamboo_sapling":3,"minecraft:bamboo":1,"biomesoplenty:spider_egg":1,"minecraft:stone":305,"minecraft:white_wool":1,"minecraft:smithing_table":1,"minecraft:oak_slab":1,"minecraft:scaffolding":1,"minecraft:glass_pane":1,"minecraft:oak_fence":5,"minecraft:crafting_table":3,"minecraft:rose_bush":9,"minecraft:campfire":5,"minecraft:tall_grass":3,"minecraft:copper_ore":5,"minecraft:lapis_ore":2,"biomesoplenty:sprout":1,"minecraft:deepslate_gold_ore":16,"minecraft:diorite":6,"minecraft:spruce_stairs":3,"solarcraft:solar_flower":1,"minecraft:birch_leaves":1,"k_turrets:titanium_ore":2,"minecraft:coal_ore":36,"minecraft:zombie_head":1,"minecraft:gravel":6,"biomesoplenty:stringy_cobweb":1,"minecraft:cobweb":21,"minecraft:stone_bricks":64,"minecraft:gold_ore":2,"minecraft:fern":2},"minecraft:custom":{"minecraft:interact_with_crafting_table":53,"minecraft:open_barrel":4,"minecraft:bell_ring":1,"minecraft:eat_cake_slice":7,"minecraft:leave_game":26,"minecraft:time_since_death":143594,"minecraft:sprint_one_cm":1217351,"minecraft:damage_blocked_by_shield":1545,"minecraft:drop":108,"minecraft:talked_to_villager":31,"minecraft:play_time":383216,"minecraft:deaths":4,"minecraft:jump":3717,"minecraft:walk_on_water_one_cm":23168,"minecraft:interact_with_furnace":74,"minecraft:interact_with_cartography_table":1,"minecraft:sleep_in_bed":9,"minecraft:waystone_activated":6,"minecraft:damage_dealt":9960,"minecraft:crouch_one_cm":32681,"minecraft:horse_one_cm":7253,"minecraft:mob_kills":53,"minecraft:climb_one_cm":2787,"minecraft:walk_one_cm":695051,"minecraft:sneak_time":6888,"minecraft:walk_under_water_one_cm":7057,"minecraft:total_world_time":383216,"minecraft:interact_with_stonecutter":15,"minecraft:time_since_rest":61838,"minecraft:damage_taken":5860,"minecraft:damage_absorbed":40,"minecraft:swim_one_cm":10774,"minecraft:fly_one_cm":623631,"minecraft:open_chest":135,"minecraft:fall_one_cm":108815},"minecraft:crafted":{"minecraft:oak_planks":508,"minecraft:stone":136,"securitycraft:keypad_item":1,"minecraft:heavy_weighted_pressure_plate":1,"minecraft:cooked_mutton":6,"minecraft:glass":41,"minecraft:stone_brick_slab":2,"minecraft:iron_boots":1,"minecraft:chest":8,"minecraft:stone_bricks":31,"minecraft:wooden_shovel":2,"biomesoplenty:jacaranda_planks":24,"minecraft:cooked_porkchop":10,"minecraft:crafting_table":6,"minecraft:wooden_pickaxe":2,"minecraft:shield":1,"minecraft:stick":200,"minecraft:iron_ingot":79,"minecraft:iron_pickaxe":3,"minecraft:stone_sword":2,"minecraft:gold_ingot":20,"minecraft:golden_carrot":1,"minecraft:oak_door":3,"minecraft:stone_shovel":1,"minecraft:golden_chestplate":1,"mcwbridges:stone_brick_bridge_stair":1,"minecraft:furnace":3,"minecraft:stone_button":8,"minecraft:glass_pane":96,"minecraft:stone_pickaxe":12,"minecraft:cooked_beef":5,"biomesoplenty:redwood_planks":4,"minecraft:stone_axe":2,"minecraft:bread":1,"minecraft:air":0,"minecraft:jungle_planks":4,"minecraft:gold_nugget":117,"minecraft:oak_stairs":16,"minecraft:wooden_axe":2,"minecraft:torch":8},"minecraft:used":{"minecraft:beetroot":2,"minecraft:chest":8,"minecraft:shield":62,"minecraft:stone":2,"minecraft:rotten_flesh":3,"securitycraft:keypad_item":1,"minecraft:jungle_planks":3,"minecraft:carrot":64,"minecraft:tuff":37,"minecraft:lantern":1,"minecraft:stone_bricks":145,"minecraft:brown_carpet":1,"minecraft:furnace":3,"minecraft:oak_sapling":19,"minecraft:beetroot_seeds":3,"minecraft:egg":4,"minecraft:potato":41,"minecraft:leather_leggings":1,"minecraft:oak_planks":144,"minecraft:stone_pickaxe":400,"minecraft:wooden_pickaxe":99,"minecraft:leather_chestplate":1,"minecraft:cookie":2,"minecraft:golden_apple":1,"minecraft:white_wool":1,"minecraft:glow_berries":2,"biomesoplenty:jacaranda_planks":1,"waystones:waystone":2,"minecraft:melon_slice":13,"minecraft:bread":1,"minecraft:gravel":1,"minecraft:experience_bottle":1,"minecraft:oak_fence":1,"minecraft:oak_trapdoor":1,"minecraft:stone_sword":240,"minecraft:armor_stand":1,"minecraft:stone_shovel":169,"minecraft:wooden_shovel":4,"simpletomb:grave_key":26,"minecraft:oak_door":3,"minecraft:torch":81,"minecraft:dirt":257,"minecraft:spruce_stairs":2,"biomesoplenty:redwood_log":29,"minecraft:stone_brick_slab":21,"minecraft:wooden_axe":55,"minecraft:oak_stairs":2,"minecraft:smooth_basalt":1,"minecraft:bamboo":13,"minecraft:golden_carrot":1,"minecraft:cooked_beef":4,"minecraft:wheat_seeds":1,"minecraft:cooked_mutton":2,"minecraft:cartography_table":1,"minecraft:stonecutter":1,"minecraft:leather_boots":1,"minecraft:crafting_table":9,"minecraft:white_bed":1,"minecraft:cake":1,"mcwbridges:stone_brick_bridge_stair":1,"minecraft:apple":22,"minecraft:iron_pickaxe":449,"minecraft:stone_axe":190,"minecraft:chiseled_stone_bricks":1,"minecraft:cobblestone":53,"minecraft:glass_pane":64},"minecraft:broken":{"minecraft:leather_leggings":1,"minecraft:stone_pickaxe":1,"minecraft:stone_axe":1,"minecraft:stone_shovel":1,"minecraft:stone_sword":2,"minecraft:wooden_pickaxe":1},"minecraft:killed":{"minecraft:cave_spider":3,"minecraft:spider":4,"aquaculture:gar":1,"aquaculture:smallmouth_bass":1,"minecraft:skeleton":5,"alexsmobs:leafcutter_ant":1,"minecraft:chicken":1,"minecraft:cat":1,"minecraft:pig":5,"minecraft:zombie_villager":1,"minecraft:creeper":4,"minecraft:sheep":4,"minecraft:zombie":14,"minecraft:cow":4,"alexsmobs:raccoon":2,"alexsmobs:skunk":1},"minecraft:dropped":{"minecraft:lantern":1,"minecraft:rail":7,"minecraft:leather_helmet":4,"minecraft:emerald":2,"minecraft:dirt":12,"minecraft:pumpkin_pie":1,"minecraft:white_wool":2,"minecraft:armor_stand":4,"minecraft:stone_axe":1,"alexsmobs:animal_dictionary":1,"minecraft:birch_sapling":1,"minecraft:rotten_flesh":7,"minecraft:oak_planks":60,"minecraft:azure_bluet":2,"minecraft:carrot":27,"minecraft:chiseled_stone_bricks":8,"minecraft:leather_chestplate":4,"minecraft:skeleton_skull":1,"minecraft:beetroot_seeds":4,"minecraft:leather_boots":3,"minecraft:leather_leggings":3,"minecraft:white_dye":2,"minecraft:arrow":1,"minecraft:beef":2,"biomesoplenty:tall_lavender":1,"minecraft:oak_slab":1,"minecraft:wheat_seeds":11,"minecraft:golden_helmet":4,"evilcraft:condensed_blood":32,"simpletomb:grave_key":1,"biomesoplenty:lavender":130,"minecraft:book":3,"minecraft:apple":8,"minecraft:granite":2,"minecraft:stick":1,"minecraft:torch":1,"minecraft:melon_slice":1,"minecraft:paper":4,"minecraft:string":3,"minecraft:redstone":2,"minecraft:stone_sword":1,"minecraft:experience_bottle":1,"minecraft:name_tag":2,"minecraft:golden_leggings":3,"minecraft:oak_sapling":1,"minecraft:wooden_shovel":2,"minecraft:stone_bricks":2,"minecraft:brown_carpet":1,"minecraft:stone_pickaxe":2}},"DataVersion":3120}