{"stats":{"minecraft:picked_up":{"minecraft:leather_chestplate":3,"minecraft:wheat":13,"minecraft:azure_bluet":2,"minecraft:leather_leggings":3,"minecraft:potato":10,"minecraft:oak_log":28,"minecraft:string":3,"minecraft:oak_trapdoor":1,"minecraft:lapis_lazuli":2,"minecraft:dirt":10,"minecraft:item_frame":2,"minecraft:leather_boots":3,"minecraft:armor_stand":4,"minecraft:beetroot":2,"minecraft:stone_bricks":2,"minecraft:wheat_seeds":44,"minecraft:beef":6,"minecraft:rose_bush":5,"minecraft:bamboo":3,"minecraft:birch_sapling":1,"minecraft:book":2,"aquaculture:smallmouth_bass":1,"minecraft:stick":2,"scalinghealth:heart_crystal_shard":5,"aquaculture:gar":1,"minecraft:chiseled_stone_bricks":9,"minecraft:oak_fence":1,"minecraft:torch":5,"minecraft:porkchop":5,"minecraft:white_dye":2,"minecraft:carrot":18,"minecraft:redstone":2,"minecraft:leather_helmet":4,"minecraft:rotten_flesh":3,"minecraft:beetroot_seeds":7,"minecraft:gold_ingot":2,"minecraft:oak_sapling":13,"minecraft:mutton":2,"minecraft:coal":12,"minecraft:skeleton_skull":1,"minecraft:white_wool":1,"minecraft:cobblestone":24},"minecraft:killed_by":{"minecraft:creeper":1},"minecraft:mined":{"solarcraft:void_lily":1,"minecraft:oak_fence":1,"minecraft:torch":2,"minecraft:grass_block":3,"minecraft:rose_bush":4,"minecraft:wall_torch":3,"minecraft:chiseled_stone_bricks":3,"minecraft:skeleton_skull":1,"minecraft:oak_trapdoor":1,"minecraft:carrots":5,"minecraft:wheat":14,"minecraft:birch_leaves":1,"minecraft:grass":7,"minecraft:potatoes":2,"minecraft:oak_log":28,"minecraft:coal_ore":12,"minecraft:vine":1,"minecraft:beetroots":4,"minecraft:dirt":7,"minecraft:stone_bricks":4,"minecraft:stone":24,"minecraft:oak_leaves":26},"minecraft:custom":{"minecraft:mob_kills":14,"minecraft:interact_with_crafting_table":5,"minecraft:leave_game":18,"minecraft:time_since_death":57077,"minecraft:sleep_in_bed":5,"minecraft:climb_one_cm":1299,"minecraft:time_since_rest":30512,"minecraft:sprint_one_cm":111686,"minecraft:damage_taken":573,"minecraft:walk_one_cm":132772,"minecraft:drop":40,"minecraft:damage_dealt":1932,"minecraft:swim_one_cm":2011,"minecraft:talked_to_villager":6,"minecraft:fly_one_cm":54932,"minecraft:open_chest":4,"minecraft:crouch_one_cm":3534,"minecraft:play_time":70024,"minecraft:deaths":2,"minecraft:sneak_time":1012,"minecraft:walk_under_water_one_cm":3829,"minecraft:jump":294,"minecraft:walk_on_water_one_cm":2246,"minecraft:total_world_time":70024,"minecraft:fall_one_cm":8052,"minecraft:horse_one_cm":7253},"minecraft:crafted":{"minecraft:oak_planks":112,"minecraft:wooden_shovel":2,"minecraft:stone_shovel":1,"minecraft:crafting_table":1,"minecraft:wooden_pickaxe":2,"minecraft:bread":1,"minecraft:stick":200,"minecraft:stone_pickaxe":1,"minecraft:stone_sword":1},"minecraft:used":{"minecraft:beetroot":2,"minecraft:wheat_seeds":1,"minecraft:oak_trapdoor":1,"minecraft:leather_leggings":1,"minecraft:stone_sword":47,"minecraft:armor_stand":1,"minecraft:stone_pickaxe":7,"minecraft:leather_chestplate":1,"minecraft:wooden_pickaxe":45,"minecraft:wooden_shovel":4,"minecraft:leather_boots":1,"minecraft:rotten_flesh":3,"simpletomb:grave_key":2,"minecraft:torch":4,"minecraft:dirt":10,"minecraft:crafting_table":1,"minecraft:carrot":7,"minecraft:bread":1,"minecraft:beetroot_seeds":3},"minecraft:killed":{"minecraft:cat":1,"minecraft:pig":3,"minecraft:spider":1,"aquaculture:gar":1,"aquaculture:smallmouth_bass":1,"minecraft:creeper":1,"minecraft:sheep":1,"minecraft:zombie":3,"minecraft:cow":2},"minecraft:dropped":{"minecraft:wheat_seeds":9,"alexsmobs:animal_dictionary":1,"simpletomb:grave_key":1,"minecraft:birch_sapling":1,"minecraft:rotten_flesh":5,"minecraft:azure_bluet":2,"minecraft:carrot":2,"minecraft:leather_helmet":4,"minecraft:chiseled_stone_bricks":6,"minecraft:leather_chestplate":3,"minecraft:beetroot_seeds":4,"minecraft:leather_boots":3,"minecraft:oak_sapling":1,"minecraft:leather_leggings":3,"minecraft:stone_bricks":2,"minecraft:beef":1,"minecraft:string":3,"minecraft:white_wool":1,"minecraft:redstone":2}},"DataVersion":3120}