{"stats":{"minecraft:killed":{"minecraft:cat":1,"minecraft:pig":5,"minecraft:spider":1,"aquaculture:gar":1,"aquaculture:smallmouth_bass":1,"minecraft:creeper":1,"minecraft:sheep":3,"minecraft:zombie":3,"alexsmobs:leafcutter_ant":1,"minecraft:cow":4},"minecraft:picked_up":{"minecraft:leather_chestplate":3,"minecraft:wheat":16,"minecraft:azure_bluet":2,"minecraft:leather":1,"minecraft:jungle_log":1,"minecraft:leather_leggings":3,"minecraft:potato":40,"minecraft:oak_log":28,"minecraft:dirt":10,"minecraft:lapis_lazuli":2,"minecraft:string":3,"minecraft:oak_trapdoor":1,"minecraft:lantern":1,"biomesoplenty:tall_lavender":1,"minecraft:armor_stand":4,"minecraft:leather_boots":3,"minecraft:item_frame":2,"minecraft:experience_bottle":1,"minecraft:beetroot":2,"minecraft:stone_bricks":2,"minecraft:wheat_seeds":54,"minecraft:beef":7,"minecraft:rose_bush":5,"minecraft:bamboo":3,"minecraft:melon_slice":7,"minecraft:birch_sapling":1,"minecraft:book":11,"aquaculture:smallmouth_bass":1,"minecraft:stick":2,"scalinghealth:heart_crystal_shard":5,"aquaculture:gar":1,"minecraft:chiseled_stone_bricks":9,"minecraft:oak_fence":2,"minecraft:torch":5,"minecraft:porkchop":10,"minecraft:white_dye":2,"minecraft:carrot":46,"minecraft:redstone":2,"minecraft:leather_helmet":4,"minecraft:brown_carpet":2,"minecraft:stone_sword":1,"minecraft:rotten_flesh":3,"minecraft:beetroot_seeds":17,"minecraft:gold_ingot":2,"minecraft:oak_sapling":13,"minecraft:mutton":5,"minecraft:coal":12,"minecraft:skeleton_skull":1,"minecraft:white_wool":2,"minecraft:cobblestone":24},"minecraft:mined":{"minecraft:scaffolding":1,"solarcraft:void_lily":2,"minecraft:oak_fence":1,"minecraft:torch":2,"minecraft:grass_block":3,"minecraft:melon":1,"minecraft:jungle_log":1,"minecraft:rose_bush":4,"biomesoplenty:sprout":1,"minecraft:wall_torch":3,"minecraft:chiseled_stone_bricks":3,"minecraft:skeleton_skull":1,"biomesoplenty:tall_lavender":1,"minecraft:oak_trapdoor":1,"minecraft:carrots":14,"minecraft:wheat":17,"minecraft:birch_leaves":1,"minecraft:bookshelf":3,"minecraft:grass":8,"minecraft:oak_log":28,"minecraft:potatoes":10,"minecraft:coal_ore":12,"minecraft:beetroots":4,"minecraft:vine":1,"minecraft:dirt":7,"solarcraft:solar_stone_collumn_horizontal":1,"solarcraft:solar_stone_bricks":3,"minecraft:stone_bricks":4,"minecraft:stone":24,"minecraft:fern":1,"minecraft:oak_leaves":26},"minecraft:custom":{"minecraft:interact_with_furnace":5,"minecraft:mob_kills":21,"minecraft:interact_with_crafting_table":8,"minecraft:leave_game":18,"minecraft:time_since_death":86455,"minecraft:sleep_in_bed":5,"minecraft:climb_one_cm":1499,"minecraft:time_since_rest":59890,"minecraft:sprint_one_cm":218387,"minecraft:damage_taken":679,"minecraft:walk_one_cm":158829,"minecraft:drop":50,"minecraft:damage_dealt":2917,"minecraft:swim_one_cm":3566,"minecraft:talked_to_villager":8,"minecraft:fly_one_cm":119950,"minecraft:open_chest":5,"minecraft:play_time":99402,"minecraft:crouch_one_cm":3742,"minecraft:deaths":2,"minecraft:sneak_time":1042,"minecraft:walk_under_water_one_cm":4627,"minecraft:jump":561,"minecraft:walk_on_water_one_cm":3768,"minecraft:total_world_time":99402,"minecraft:fall_one_cm":14042,"minecraft:horse_one_cm":7253},"minecraft:dropped":{"minecraft:wheat_seeds":9,"minecraft:stone_sword":1,"alexsmobs:animal_dictionary":1,"simpletomb:grave_key":1,"minecraft:birch_sapling":1,"minecraft:lantern":1,"minecraft:rotten_flesh":5,"minecraft:azure_bluet":2,"minecraft:carrot":2,"minecraft:leather_helmet":4,"minecraft:chiseled_stone_bricks":8,"minecraft:leather_chestplate":4,"minecraft:torch":1,"minecraft:beetroot_seeds":4,"minecraft:white_dye":2,"minecraft:leather_boots":3,"minecraft:brown_carpet":1,"minecraft:oak_sapling":1,"minecraft:wooden_shovel":2,"minecraft:leather_leggings":3,"minecraft:stone_bricks":2,"minecraft:beef":1,"minecraft:string":3,"minecraft:white_wool":1,"biomesoplenty:tall_lavender":1,"minecraft:redstone":2},"minecraft:killed_by":{"minecraft:creeper":1},"minecraft:used":{"minecraft:oak_trapdoor":1,"minecraft:beetroot":2,"minecraft:wheat_seeds":1,"minecraft:leather_leggings":1,"minecraft:stone_sword":82,"minecraft:armor_stand":1,"minecraft:stone_pickaxe":11,"minecraft:wooden_pickaxe":45,"minecraft:leather_chestplate":1,"minecraft:wooden_shovel":4,"minecraft:leather_boots":1,"minecraft:rotten_flesh":3,"simpletomb:grave_key":2,"minecraft:torch":4,"minecraft:dirt":10,"minecraft:crafting_table":1,"minecraft:carrot":7,"minecraft:bread":1,"minecraft:chiseled_stone_bricks":1,"minecraft:brown_carpet":1,"minecraft:furnace":1,"minecraft:beetroot_seeds":3,"minecraft:cooked_beef":2,"minecraft:experience_bottle":1},"minecraft:crafted":{"minecraft:cooked_beef":5,"minecraft:oak_planks":112,"minecraft:wooden_shovel":2,"minecraft:stone_shovel":1,"minecraft:golden_chestplate":1,"minecraft:crafting_table":1,"minecraft:wooden_pickaxe":2,"minecraft:furnace":1,"minecraft:bread":1,"minecraft:air":0,"minecraft:jungle_planks":4,"minecraft:stick":200,"minecraft:stone_pickaxe":1,"minecraft:stone_sword":1}},"DataVersion":3120}