{"stats":{"minecraft:picked_up":{"minecraft:book":2,"minecraft:stick":2,"minecraft:wheat":3,"minecraft:leather_chestplate":3,"minecraft:leather_leggings":3,"minecraft:torch":1,"minecraft:porkchop":2,"minecraft:white_dye":2,"minecraft:oak_log":28,"minecraft:dirt":4,"minecraft:redstone":2,"minecraft:lapis_lazuli":2,"minecraft:oak_trapdoor":1,"minecraft:leather_helmet":4,"minecraft:armor_stand":4,"minecraft:leather_boots":3,"minecraft:item_frame":2,"minecraft:rotten_flesh":3,"minecraft:beetroot":1,"minecraft:beetroot_seeds":3,"minecraft:wheat_seeds":10,"minecraft:rose_bush":5,"minecraft:gold_ingot":2,"minecraft:bamboo":3,"minecraft:oak_sapling":12,"minecraft:birch_sapling":1,"minecraft:mutton":2,"minecraft:skeleton_skull":1,"minecraft:white_wool":1},"minecraft:killed_by":{"minecraft:creeper":1},"minecraft:mined":{"minecraft:skeleton_skull":1,"minecraft:oak_trapdoor":1,"minecraft:wheat":4,"minecraft:birch_leaves":1,"minecraft:torch":1,"minecraft:grass_block":1,"minecraft:grass":6,"minecraft:oak_log":28,"minecraft:beetroots":1,"minecraft:rose_bush":4,"minecraft:dirt":3,"minecraft:oak_leaves":11},"minecraft:crafted":{"minecraft:oak_planks":112,"minecraft:wooden_shovel":2,"minecraft:crafting_table":1,"minecraft:stick":200,"minecraft:wooden_pickaxe":2},"minecraft:custom":{"minecraft:time_since_rest":10966,"minecraft:sprint_one_cm":84421,"minecraft:damage_taken":410,"minecraft:walk_one_cm":68355,"minecraft:mob_kills":4,"minecraft:drop":16,"minecraft:damage_dealt":608,"minecraft:interact_with_crafting_table":3,"minecraft:fly_one_cm":31130,"minecraft:talked_to_villager":6,"minecraft:open_chest":2,"minecraft:play_time":50478,"minecraft:crouch_one_cm":2217,"minecraft:deaths":2,"minecraft:sneak_time":687,"minecraft:jump":150,"minecraft:leave_game":18,"minecraft:time_since_death":37531,"minecraft:walk_on_water_one_cm":38,"minecraft:sleep_in_bed":5,"minecraft:total_world_time":50478,"minecraft:climb_one_cm":1037,"minecraft:fall_one_cm":5163},"minecraft:used":{"minecraft:oak_trapdoor":1,"minecraft:wheat_seeds":1,"minecraft:leather_leggings":1,"minecraft:armor_stand":1,"minecraft:leather_chestplate":1,"minecraft:wooden_shovel":4,"minecraft:leather_boots":1,"minecraft:rotten_flesh":3,"simpletomb:grave_key":2,"minecraft:crafting_table":1,"minecraft:beetroot_seeds":3},"minecraft:killed":{"minecraft:sheep":1,"minecraft:zombie":2,"minecraft:pig":1},"minecraft:dropped":{"minecraft:leather_chestplate":3,"alexsmobs:animal_dictionary":1,"simpletomb:grave_key":1,"minecraft:leather_boots":3,"minecraft:oak_sapling":1,"minecraft:leather_leggings":3,"minecraft:leather_helmet":4}},"DataVersion":3120}