{"stats":{"minecraft:killed":{"minecraft:cat":1,"minecraft:pig":3,"minecraft:spider":1,"aquaculture:gar":1,"aquaculture:smallmouth_bass":1,"minecraft:creeper":1,"minecraft:sheep":1,"minecraft:zombie":3,"alexsmobs:leafcutter_ant":1,"minecraft:cow":2},"minecraft:picked_up":{"minecraft:leather_chestplate":3,"minecraft:wheat":16,"minecraft:azure_bluet":2,"minecraft:jungle_log":1,"minecraft:leather_leggings":3,"minecraft:potato":40,"minecraft:oak_log":28,"minecraft:dirt":10,"minecraft:lapis_lazuli":2,"minecraft:string":3,"minecraft:oak_trapdoor":1,"minecraft:armor_stand":4,"minecraft:leather_boots":3,"minecraft:item_frame":2,"minecraft:experience_bottle":1,"minecraft:beetroot":2,"minecraft:stone_bricks":2,"minecraft:wheat_seeds":54,"minecraft:beef":6,"minecraft:rose_bush":5,"minecraft:bamboo":3,"minecraft:melon_slice":7,"minecraft:birch_sapling":1,"minecraft:book":8,"aquaculture:smallmouth_bass":1,"minecraft:stick":2,"scalinghealth:heart_crystal_shard":5,"aquaculture:gar":1,"minecraft:chiseled_stone_bricks":9,"minecraft:oak_fence":1,"minecraft:torch":5,"minecraft:porkchop":5,"minecraft:white_dye":2,"minecraft:carrot":46,"minecraft:redstone":2,"minecraft:leather_helmet":4,"minecraft:brown_carpet":2,"minecraft:stone_sword":1,"minecraft:rotten_flesh":3,"minecraft:beetroot_seeds":17,"minecraft:gold_ingot":2,"minecraft:oak_sapling":13,"minecraft:mutton":2,"minecraft:coal":12,"minecraft:skeleton_skull":1,"minecraft:white_wool":1,"minecraft:cobblestone":24},"minecraft:mined":{"minecraft:scaffolding":1,"solarcraft:void_lily":1,"minecraft:oak_fence":1,"minecraft:torch":2,"minecraft:grass_block":3,"minecraft:melon":1,"minecraft:jungle_log":1,"minecraft:rose_bush":4,"minecraft:wall_torch":3,"minecraft:chiseled_stone_bricks":3,"minecraft:skeleton_skull":1,"minecraft:oak_trapdoor":1,"minecraft:carrots":14,"minecraft:wheat":17,"minecraft:birch_leaves":1,"minecraft:bookshelf":2,"minecraft:grass":7,"minecraft:oak_log":28,"minecraft:potatoes":10,"minecraft:coal_ore":12,"minecraft:beetroots":4,"minecraft:vine":1,"minecraft:dirt":7,"solarcraft:solar_stone_collumn_horizontal":1,"solarcraft:solar_stone_bricks":3,"minecraft:stone_bricks":4,"minecraft:stone":24,"minecraft:fern":1,"minecraft:oak_leaves":26},"minecraft:custom":{"minecraft:mob_kills":15,"minecraft:interact_with_crafting_table":6,"minecraft:leave_game":18,"minecraft:time_since_death":74455,"minecraft:sleep_in_bed":5,"minecraft:climb_one_cm":1499,"minecraft:time_since_rest":47890,"minecraft:sprint_one_cm":163548,"minecraft:damage_taken":649,"minecraft:walk_one_cm":147621,"minecraft:drop":44,"minecraft:damage_dealt":2334,"minecraft:swim_one_cm":3169,"minecraft:talked_to_villager":6,"minecraft:fly_one_cm":86246,"minecraft:open_chest":4,"minecraft:play_time":87402,"minecraft:crouch_one_cm":3645,"minecraft:deaths":2,"minecraft:sneak_time":1032,"minecraft:walk_under_water_one_cm":4571,"minecraft:jump":417,"minecraft:walk_on_water_one_cm":3324,"minecraft:total_world_time":87402,"minecraft:fall_one_cm":11224,"minecraft:horse_one_cm":7253},"minecraft:dropped":{"minecraft:wheat_seeds":9,"minecraft:stone_sword":1,"alexsmobs:animal_dictionary":1,"simpletomb:grave_key":1,"minecraft:birch_sapling":1,"minecraft:rotten_flesh":5,"minecraft:azure_bluet":2,"minecraft:carrot":2,"minecraft:leather_helmet":4,"minecraft:chiseled_stone_bricks":6,"minecraft:leather_chestplate":3,"minecraft:beetroot_seeds":4,"minecraft:leather_boots":3,"minecraft:brown_carpet":1,"minecraft:oak_sapling":1,"minecraft:wooden_shovel":2,"minecraft:leather_leggings":3,"minecraft:stone_bricks":2,"minecraft:beef":1,"minecraft:string":3,"minecraft:white_wool":1,"minecraft:redstone":2},"minecraft:killed_by":{"minecraft:creeper":1},"minecraft:used":{"minecraft:oak_trapdoor":1,"minecraft:beetroot":2,"minecraft:wheat_seeds":1,"minecraft:leather_leggings":1,"minecraft:stone_sword":61,"minecraft:armor_stand":1,"minecraft:stone_pickaxe":11,"minecraft:wooden_pickaxe":45,"minecraft:leather_chestplate":1,"minecraft:wooden_shovel":4,"minecraft:leather_boots":1,"minecraft:rotten_flesh":3,"simpletomb:grave_key":2,"minecraft:torch":4,"minecraft:dirt":10,"minecraft:crafting_table":1,"minecraft:carrot":7,"minecraft:bread":1,"minecraft:chiseled_stone_bricks":1,"minecraft:beetroot_seeds":3,"minecraft:experience_bottle":1},"minecraft:crafted":{"minecraft:oak_planks":112,"minecraft:wooden_shovel":2,"minecraft:stone_shovel":1,"minecraft:crafting_table":1,"minecraft:wooden_pickaxe":2,"minecraft:bread":1,"minecraft:jungle_planks":4,"minecraft:stick":200,"minecraft:stone_pickaxe":1,"minecraft:stone_sword":1}},"DataVersion":3120}