{"stats":{"minecraft:dropped":{"minecraft:bread":3,"minecraft:birch_planks":65,"minecraft:stone_sword":1,"alexsmobs:animal_dictionary":1,"minecraft:birch_sapling":15,"biomesoplenty:lavender":15,"minecraft:light_gray_wool":1,"minecraft:rotten_flesh":5,"minecraft:iron_boots":1,"minecraft:leather_helmet":6,"patchouli:guide_book":1,"minecraft:item_frame":8,"minecraft:stick":1,"minecraft:leather_chestplate":1,"minecraft:leather_leggings":1,"pfm:furniture_book":1,"minecraft:diamond_boots":1,"minecraft:stone_pickaxe":1,"minecraft:paper":1,"minecraft:bone":2,"minecraft:armor_stand":1},"minecraft:custom":{"minecraft:interact_with_smithing_table":1,"minecraft:interact_with_furnace":1,"minecraft:mob_kills":15,"minecraft:interact_with_crafting_table":14,"minecraft:open_barrel":1,"minecraft:time_since_death":70468,"minecraft:sleep_in_bed":4,"minecraft:climb_one_cm":4058,"minecraft:time_since_rest":2935,"minecraft:sprint_one_cm":80351,"minecraft:damage_taken":972,"minecraft:walk_one_cm":351705,"minecraft:drop":39,"minecraft:damage_dealt":1804,"minecraft:swim_one_cm":6608,"minecraft:fly_one_cm":60658,"minecraft:open_chest":10,"minecraft:crouch_one_cm":16352,"minecraft:play_time":70468,"minecraft:sneak_time":5477,"minecraft:walk_under_water_one_cm":869,"minecraft:jump":602,"minecraft:walk_on_water_one_cm":4868,"minecraft:total_world_time":70468,"minecraft:fall_one_cm":13563},"minecraft:killed":{"minecraft:spider":1,"minecraft:sheep":4,"minecraft:skeleton":1,"alexsmobs:banana_slug":1,"minecraft:zombie":4,"alexsmobs:fly":1,"alexsmobs:komodo_dragon":1},"minecraft:crafted":{"biomesoplenty:cherry_planks":60,"biomesoplenty:jacaranda_planks":16,"minecraft:crafting_table":2,"minecraft:wooden_pickaxe":1,"minecraft:birch_planks":179,"minecraft:stick":8,"minecraft:wooden_axe":2,"minecraft:chest":2,"minecraft:birch_door":3,"biomesoplenty:cherry_slab":36,"biomesoplenty:cherry_stairs":8,"biomesoplenty:cherry_fence":6,"minecraft:wheat":45},"minecraft:used":{"minecraft:stone_sword":5,"minecraft:birch_planks":160,"minecraft:wooden_pickaxe":6,"minecraft:chest":2,"minecraft:leather_chestplate":1,"minecraft:iron_sword":40,"biomesoplenty:cherry_stairs":11,"minecraft:white_wool":7,"minecraft:dirt":28,"minecraft:crafting_table":3,"minecraft:spruce_stairs":2,"scalinghealth:cursed_heart":1,"minecraft:white_bed":3,"biomesoplenty:jacaranda_planks":16,"minecraft:birch_door":1,"minecraft:wooden_axe":50,"biomesoplenty:cherry_planks":3,"biomesoplenty:cherry_fence":4,"minecraft:bread":11,"minecraft:birch_sapling":10,"biomesoplenty:cherry_slab":37,"minecraft:bow":1,"alexsmobs:animal_dictionary":2,"minecraft:experience_bottle":2},"minecraft:mined":{"minecraft:white_bed":3,"biomesoplenty:jacaranda_planks":6,"minecraft:stripped_birch_log":3,"minecraft:dandelion":1,"minecraft:crafting_table":1,"biomesoplenty:cherry_planks":1,"minecraft:poppy":1,"minecraft:grass_block":12,"minecraft:tall_grass":5,"biomesoplenty:cherry_slab":4,"minecraft:birch_planks":13,"minecraft:hay_block":5,"minecraft:spruce_stairs":2,"biomesoplenty:jacaranda_log":5,"minecraft:carrots":1,"minecraft:birch_log":10,"minecraft:wheat":1,"minecraft:fire":3,"biomesoplenty:lavender":6,"minecraft:birch_leaves":1,"minecraft:azure_bluet":1,"minecraft:grass":8,"biomesoplenty:cherry_stairs":5,"biomesoplenty:clover":1,"minecraft:beetroots":1,"minecraft:dirt":11,"minecraft:stone":6,"minecraft:white_wool":3},"minecraft:picked_up":{"biomesoplenty:lavender":15,"minecraft:birch_log":57,"minecraft:crafting_table":1,"minecraft:wheat":4,"minecraft:leather_chestplate":3,"minecraft:cooked_beef":1,"minecraft:leather_leggings":4,"minecraft:birch_planks":79,"minecraft:enchanted_book":1,"biomesoplenty:jacaranda_planks":6,"minecraft:stripped_birch_log":3,"biomesoplenty:cherry_slab":4,"minecraft:string":1,"minecraft:dirt":41,"minecraft:paper":1,"minecraft:white_banner":1,"minecraft:armor_stand":9,"minecraft:item_frame":8,"minecraft:white_carpet":2,"minecraft:bone":2,"minecraft:experience_bottle":2,"minecraft:beetroot":1,"alexsmobs:komodo_spit":1,"minecraft:bow":1,"minecraft:wheat_seeds":6,"minecraft:iron_ingot":4,"minecraft:stone_pickaxe":1,"minecraft:cooked_chicken":1,"minecraft:light_gray_wool":2,"minecraft:spruce_slab":1,"biomesoplenty:cherry_planks":1,"biomesoplenty:cherry_log":15,"minecraft:birch_sapling":30,"minecraft:iron_sword":1,"minecraft:spruce_trapdoor":3,"minecraft:iron_boots":4,"minecraft:book":1,"minecraft:stick":18,"minecraft:spruce_stairs":3,"minecraft:spruce_fence":1,"minecraft:stone_button":1,"minecraft:white_bed":3,"minecraft:carrot":1,"minecraft:leather_helmet":7,"minecraft:stone_sword":1,"minecraft:arrow":2,"minecraft:rotten_flesh":6,"biomesoplenty:jacaranda_log":4,"minecraft:beetroot_seeds":3,"minecraft:writable_book":1,"minecraft:diamond_boots":2,"minecraft:hay_block":5,"biomesoplenty:cherry_stairs":5,"scalinghealth:cursed_heart":1,"minecraft:cobblestone":6,"biomesoplenty:pink_cherry_sapling":1,"minecraft:mutton":6,"minecraft:white_wool":7},"minecraft:broken":{"minecraft:wooden_axe":1}},"DataVersion":3120}