{"stats":{"minecraft:custom":{"minecraft:jump":50,"minecraft:time_since_rest":5283,"minecraft:crouch_one_cm":995,"minecraft:damage_taken":50,"minecraft:leave_game":2,"minecraft:play_time":5283,"minecraft:sprint_one_cm":1978,"minecraft:time_since_death":5283,"minecraft:walk_on_water_one_cm":2275,"minecraft:walk_one_cm":12795,"minecraft:sneak_time":175,"minecraft:total_world_time":5283,"minecraft:walk_under_water_one_cm":2747,"minecraft:swim_one_cm":4209,"minecraft:fall_one_cm":3031,"minecraft:fly_one_cm":1247},"minecraft:picked_up":{"minecraft:oak_log":7,"minecraft:oak_sapling":1,"minecraft:dirt":2},"minecraft:used":{"minecraft:dirt":2},"minecraft:mined":{"minecraft:oak_log":7,"minecraft:grass_block":1,"minecraft:oak_leaves":1,"minecraft:dirt":1}},"DataVersion":3120}