{"stats":{"minecraft:broken":{"minecraft:leather_leggings":1,"minecraft:stone_pickaxe":4,"minecraft:stone_axe":1,"minecraft:iron_sword":1,"minecraft:wooden_axe":2,"minecraft:stone_shovel":4,"minecraft:leather_helmet":1,"minecraft:shield":1,"minecraft:iron_axe":2,"minecraft:golden_pickaxe":1},"minecraft:killed":{"minecraft:cave_spider":2,"minecraft:witch":2,"minecraft:spider":6,"minecraft:cod":1,"minecraft:skeleton":12,"alexsmobs:banana_slug":2,"minecraft:chicken":3,"alexsmobs:grizzly_bear":2,"minecraft:zombie_villager":2,"minecraft:creeper":2,"minecraft:sheep":7,"aquaculture:minnow":1,"minecraft:zombie":38,"alexsmobs:fly":1,"alexsmobs:komodo_dragon":1,"minecraft:cow":6,"alexsmobs:sugar_glider":1,"alexsmobs:flying_fish":4,"minecraft:squid":2,"evilcraft:poisonous_libelle":2,"alexsmobs:cockroach":1,"alexsmobs:crow":2,"minecraft:enderman":2},"minecraft:killed_by":{"alexsmobs:crocodile":1,"minecraft:zombie":1,"alexsmobs:grizzly_bear":1,"minecraft:skeleton":1},"minecraft:mined":{"minecraft:dark_oak_planks":1,"minecraft:large_amethyst_bud":1,"minecraft:spruce_planks":1,"minecraft:white_bed":4,"minecraft:jungle_leaves":1,"minecraft:brewing_stand":1,"minecraft:granite":28,"minecraft:grass_block":783,"sophisticatedbackpacks:iron_backpack":1,"ironchest:copper_chest":3,"biomesoplenty:cherry_slab":4,"minecraft:chiseled_stone_bricks":1,"minecraft:tall_seagrass":3,"biomesoplenty:tall_lavender":3,"minecraft:glowstone":1,"biomesoplenty:orange_cosmos":1,"minecraft:iron_ore":99,"minecraft:cobbled_deepslate":1,"minecraft:fire":3,"biomesoplenty:lavender":12,"minecraft:deepslate_lapis_ore":6,"minecraft:azure_bluet":1,"biomesoplenty:pink_cherry_leaves":1,"biomesoplenty:webbing":1,"minecraft:white_banner":1,"minecraft:deepslate_redstone_ore":2,"solarcraft:void_lily":19,"biomesoplenty:jacaranda_planks":6,"minecraft:amethyst_cluster":2,"minecraft:torch":10,"biomesoplenty:cherry_planks":8,"minecraft:poppy":1,"minecraft:chest":17,"minecraft:glass":8,"minecraft:cobblestone":12,"minecraft:oak_planks":3,"minecraft:sugar_cane":47,"minecraft:wall_torch":27,"minecraft:amethyst_block":1,"minecraft:birch_sapling":3,"minecraft:birch_log":17,"evilcraft:dark_ore_deepslate":4,"minecraft:wheat":33,"minecraft:lilac":13,"minecraft:birch_door":1,"minecraft:tnt":2,"minecraft:grass":86,"biomesoplenty:cherry_stairs":5,"biomesoplenty:clover":38,"minecraft:oak_log":2,"minecraft:beetroots":51,"minecraft:sand":202,"minecraft:dirt":239,"minecraft:stonecutter":2,"minecraft:piston":1,"minecraft:oak_leaves":3,"minecraft:deepslate":97,"minecraft:deepslate_diamond_ore":1,"minecraft:oak_door":2,"minecraft:stripped_birch_log":3,"solarcraft:crystal":9,"minecraft:sea_lantern":5,"minecraft:birch_fence_gate":1,"minecraft:ladder":4,"minecraft:stone_button":1,"biomesoplenty:cherry_fence":2,"biomesoplenty:jacaranda_sapling":1,"minecraft:hay_block":5,"solarcraft:lensing_crystal_ore":1,"biomesoplenty:jacaranda_log":5,"minecraft:redstone_ore":2,"minecraft:furnace":3,"minecraft:carrots":14,"minecraft:andesite":37,"evilcraft:dark_ore":2,"biomesoplenty:pink_cherry_sapling":1,"minecraft:peony":3,"minecraft:bookshelf":18,"minecraft:potatoes":98,"minecraft:deepslate_iron_ore":26,"minecraft:lantern":6,"minecraft:bamboo":116,"biomesoplenty:spider_egg":2,"minecraft:stone":777,"sophisticatedbackpacks:backpack":1,"minecraft:white_wool":17,"minecraft:podzol":1,"pfm:birch_chair":4,"minecraft:redstone_block":1,"pfm:birch_white_simple_bed":4,"minecraft:brown_carpet":1,"minecraft:dandelion":2,"minecraft:oak_fence":3,"minecraft:crafting_table":3,"minecraft:rose_bush":1,"minecraft:copper_ore":31,"minecraft:tall_grass":23,"minecraft:lapis_ore":2,"minecraft:deepslate_gold_ore":2,"minecraft:diorite":4,"minecraft:spruce_stairs":5,"minecraft:birch_planks":27,"minecraft:beehive":3,"biomesoplenty:pink_daffodil":1,"minecraft:birch_leaves":4,"minecraft:white_wall_banner":1,"pfm:working_table":3,"pfm:birch_table_dinner":8,"k_turrets:titanium_ore":18,"minecraft:coal_ore":78,"evilcraft:blood_stain":1,"minecraft:zombie_head":1,"minecraft:gravel":11,"biomesoplenty:stringy_cobweb":1,"minecraft:cobweb":35,"minecraft:cracked_stone_bricks":1,"minecraft:stone_bricks":1,"minecraft:mossy_stone_bricks":1,"minecraft:gold_ore":18,"minecraft:birch_fence":9,"minecraft:fern":4},"minecraft:crafted":{"minecraft:black_dye":4,"biomesoplenty:cherry_planks":408,"minecraft:birch_boat":1,"minecraft:birch_slab":48,"minecraft:stone":10,"securitycraft:keypad_item":1,"mcwdoors:birch_japanese_door":3,"minecraft:bookshelf":15,"minecraft:heavy_weighted_pressure_plate":1,"minecraft:cooked_mutton":6,"minecraft:glass":116,"minecraft:bow":1,"minecraft:iron_boots":1,"pfm:birch_chair":4,"evilcraft:blood_extractor":3,"minecraft:birch_fence_gate":1,"minecraft:chest":29,"minecraft:birch_door":3,"minecraft:stone_hoe":1,"minecraft:magenta_dye":14,"pfm:birch_table_dinner":4,"biomesoplenty:cherry_fence":51,"ironchest:wood_to_copper_chest_upgrade":2,"minecraft:emerald":46,"sophisticatedbackpacks:backpack":2,"biomesoplenty:jacaranda_planks":168,"minecraft:crafting_table":3,"minecraft:iron_helmet":1,"minecraft:baked_potato":76,"minecraft:wooden_pickaxe":1,"minecraft:copper_ingot":16,"minecraft:birch_planks":919,"biomesoplenty:cherry_fence_gate":4,"pfm:working_table":1,"minecraft:iron_chestplate":2,"minecraft:book":8,"minecraft:paper":30,"minecraft:charcoal":15,"minecraft:shield":2,"minecraft:birch_fence":9,"minecraft:stick":1501,"minecraft:iron_ingot":126,"minecraft:leather_chestplate":2,"minecraft:iron_pickaxe":1,"minecraft:iron_block":3,"minecraft:gold_ingot":15,"minecraft:shears":1,"evilcraft:dark_spike":16,"minecraft:redstone":9,"minecraft:stone_shovel":11,"minecraft:leather_leggings":1,"minecraft:iron_nugget":36,"minecraft:furnace":7,"minecraft:stone_button":8,"minecraft:bone_meal":6,"minecraft:pink_dye":6,"minecraft:glass_pane":16,"minecraft:flint_and_steel":1,"minecraft:lantern":4,"minecraft:iron_axe":2,"pfm:birch_white_simple_bed":1,"securitycraft:universal_block_remover":1,"minecraft:stone_pickaxe":13,"alexsmobs:flying_fish_boots":1,"minecraft:dark_oak_planks":192,"minecraft:birch_sign":3,"sophisticatedbackpacks:iron_backpack":2,"minecraft:wheat":45,"minecraft:red_dye":2,"minecraft:cooked_cod":1,"evilcraft:dark_tank":3,"elevatorid:elevator_white":2,"biomesoplenty:redwood_planks":572,"minecraft:iron_sword":1,"minecraft:bucket":1,"minecraft:stone_axe":3,"minecraft:enchanted_book":1,"minecraft:bread":19,"minecraft:air":0,"ironchest:iron_to_gold_chest_upgrade":1,"minecraft:white_wool":8,"pfm:iron_stove":1,"minecraft:wooden_axe":2,"minecraft:iron_leggings":1,"minecraft:anvil":1,"biomesoplenty:cherry_slab":36,"minecraft:torch":68,"biomesoplenty:cherry_stairs":48},"minecraft:custom":{"minecraft:animals_bred":1,"minecraft:interact_with_crafting_table":123,"minecraft:open_barrel":6,"minecraft:bell_ring":1,"minecraft:eat_cake_slice":4,"minecraft:leave_game":12,"minecraft:time_since_death":144833,"minecraft:sprint_one_cm":672513,"minecraft:damage_blocked_by_shield":3325,"minecraft:drop":70,"minecraft:talked_to_villager":35,"minecraft:play_time":692663,"minecraft:deaths":4,"minecraft:jump":6436,"minecraft:walk_on_water_one_cm":122849,"minecraft:interact_with_furnace":105,"minecraft:traded_with_villager":47,"minecraft:stove_opened":30,"minecraft:sleep_in_bed":31,"minecraft:waystone_activated":7,"minecraft:damage_dealt":25895,"minecraft:player_kills":1,"minecraft:crouch_one_cm":114810,"minecraft:interact_with_smithing_table":1,"minecraft:interact_with_anvil":4,"minecraft:mob_kills":106,"minecraft:damage_dealt_resisted":697,"minecraft:climb_one_cm":27298,"minecraft:walk_one_cm":2831516,"minecraft:chair_used":2,"minecraft:damage_dealt_absorbed":119,"minecraft:sneak_time":44989,"minecraft:walk_under_water_one_cm":167928,"minecraft:boat_one_cm":22511,"minecraft:total_world_time":692663,"minecraft:interact_with_stonecutter":1,"minecraft:time_since_rest":8883,"minecraft:damage_taken":6223,"minecraft:swim_one_cm":108052,"minecraft:fly_one_cm":999900,"minecraft:open_chest":708,"minecraft:fish_caught":13,"minecraft:fall_one_cm":116988},"minecraft:used":{"minecraft:beetroot":4,"minecraft:writable_book":2,"minecraft:ladder":8,"minecraft:shield":203,"minecraft:chest":46,"biomesoplenty:orange_cosmos":1,"minecraft:stone":2,"minecraft:iron_sword":445,"biomesoplenty:cherry_stairs":33,"securitycraft:keypad_item":1,"minecraft:carrot":31,"minecraft:beehive":2,"minecraft:glass":101,"minecraft:lava_bucket":2,"biomesoplenty:cherry_planks":231,"minecraft:lantern":10,"minecraft:birch_sapling":10,"minecraft:item_frame":6,"biomesoplenty:jacaranda_sapling":1,"pfm:iron_stove":1,"pfm:birch_table_dinner":10,"minecraft:brown_carpet":1,"minecraft:bow":4,"minecraft:written_book":1,"pfm:birch_chair":8,"minecraft:furnace":9,"minecraft:cooked_cod":1,"minecraft:beetroot_seeds":57,"minecraft:potato":154,"minecraft:mossy_stone_bricks":1,"minecraft:diorite":3,"minecraft:leather_leggings":1,"minecraft:stone_pickaxe":962,"minecraft:oak_planks":2,"alexsmobs:flying_fish_boots":1,"minecraft:leather_chestplate":1,"minecraft:wooden_pickaxe":15,"minecraft:sugar_cane":9,"minecraft:white_wool":7,"elevatorid:elevator_white":2,"minecraft:sand":1,"ironchest:copper_chest":3,"minecraft:crossbow":1,"scalinghealth:cursed_heart":1,"biomesoplenty:jacaranda_planks":16,"securitycraft:universal_block_remover":4,"minecraft:shears":12,"minecraft:birch_fence":9,"waystones:waystone":4,"sophisticatedbackpacks:backpack":6,"pfm:working_table":4,"minecraft:birch_fence_gate":1,"minecraft:stone_button":1,"minecraft:birch_slab":48,"minecraft:bread":30,"minecraft:gravel":2,"biomesoplenty:cherry_slab":38,"biomesoplenty:cherry_fence_gate":3,"minecraft:andesite":5,"biomesoplenty:pink_cherry_sapling":7,"minecraft:warped_button":1,"minecraft:bone_meal":7,"minecraft:golden_pickaxe":32,"minecraft:experience_bottle":2,"sophisticatedbackpacks:iron_backpack":3,"minecraft:stone_sword":5,"minecraft:armor_stand":1,"securitycraft:keypad_chest":4,"minecraft:stone_shovel":986,"minecraft:stone_hoe":66,"minecraft:cooked_chicken":1,"simpletomb:grave_key":4,"runecraft:rune_d":3,"minecraft:torch":110,"minecraft:brewing_stand":1,"minecraft:dirt":1024,"minecraft:anvil":1,"scalinghealth:heart_crystal":1,"minecraft:spruce_stairs":4,"runecraft:rune_b":3,"minecraft:birch_door":1,"minecraft:wooden_axe":55,"runecraft:rune_g":6,"minecraft:bookshelf":15,"minecraft:iron_axe":184,"evilcraft:flesh_humanoid":1,"minecraft:bamboo":56,"minecraft:cooked_beef":1,"minecraft:cobbled_deepslate":1,"minecraft:wheat_seeds":39,"minecraft:cooked_mutton":6,"minecraft:water_bucket":46,"runecraft:rune_q":3,"mcwdoors:birch_japanese_door":1,"minecraft:birch_planks":715,"minecraft:baked_potato":14,"minecraft:birch_boat":1,"minecraft:stonecutter":2,"ironchest:wood_to_copper_chest_upgrade":2,"minecraft:tnt":1,"minecraft:crafting_table":6,"minecraft:birch_sign":2,"minecraft:white_bed":3,"minecraft:painting":1,"minecraft:apple":1,"minecraft:chicken":1,"biomesoplenty:cherry_fence":50,"minecraft:iron_pickaxe":295,"minecraft:stone_axe":130,"minecraft:fishing_rod":15,"minecraft:cobblestone":147,"minecraft:white_banner":2,"minecraft:bucket":48,"minecraft:glass_pane":4,"minecraft:pumpkin_pie":1,"alexsmobs:animal_dictionary":2,"pfm:birch_white_simple_bed":5},"minecraft:dropped":{"sophisticatedbackpacks:iron_backpack":1,"minecraft:iron_sword":1,"minecraft:birch_planks":73,"aquaculture:minnow":1,"minecraft:leather_helmet":8,"minecraft:item_frame":8,"minecraft:grass":4,"minecraft:white_wool":3,"minecraft:armor_stand":4,"minecraft:bone":2,"minecraft:sugar_cane":2,"alexsmobs:animal_dictionary":1,"minecraft:wheat":1,"minecraft:birch_sapling":15,"minecraft:rotten_flesh":5,"patchouli:guide_book":1,"minecraft:chiseled_stone_bricks":1,"minecraft:leather_chestplate":4,"minecraft:beetroot_seeds":1,"minecraft:leather_leggings":3,"minecraft:written_book":1,"minecraft:bread":3,"minecraft:wheat_seeds":12,"biomesoplenty:lavender":15,"minecraft:stick":1,"minecraft:zombie_head":1,"minecraft:paper":1,"minecraft:stone_sword":1,"minecraft:light_gray_wool":1,"minecraft:iron_boots":1,"sophisticatedbackpacks:backpack":1,"minecraft:stone_bricks":1,"pfm:furniture_book":1,"minecraft:diamond_boots":1,"minecraft:stone_pickaxe":2},"minecraft:picked_up":{"minecraft:birch_door":1,"minecraft:wheat":31,"minecraft:redstone_block":1,"solarcraft:ancient_fragment":8,"minecraft:enchanted_book":3,"pfm:birch_table_dinner":8,"minecraft:brewing_stand":1,"minecraft:amethyst_block":1,"minecraft:string":44,"minecraft:raw_copper":104,"alexsmobs:ancient_dart":2,"biomesoplenty:tall_lavender":2,"minecraft:armor_stand":12,"minecraft:experience_bottle":2,"minecraft:pufferfish":2,"minecraft:zombie_head":4,"minecraft:beetroot":33,"minecraft:cobbled_deepslate":109,"minecraft:spruce_planks":1,"minecraft:rose_bush":1,"minecraft:written_book":1,"minecraft:iron_pickaxe":2,"evilcraft:blood_extractor":1,"minecraft:iron_boots":7,"minecraft:furnace":3,"minecraft:beehive":3,"minecraft:stick":121,"minecraft:oak_fence":3,"minecraft:torch":45,"minecraft:spruce_stairs":6,"minecraft:diorite":6,"minecraft:warped_button":1,"minecraft:brown_carpet":1,"minecraft:stone_sword":2,"minecraft:rotten_flesh":46,"runecraft:rune_b":2,"evilcraft:condensed_blood":30,"biomesoplenty:pink_cherry_sapling":40,"minecraft:cod":4,"biomesoplenty:orange_cosmos":1,"alexsmobs:flying_fish":4,"minecraft:cobblestone":784,"biomesoplenty:lavender":42,"minecraft:birch_log":245,"minecraft:leather_chestplate":7,"minecraft:cooked_beef":1,"minecraft:feather":3,"minecraft:lilac":14,"minecraft:andesite":36,"minecraft:potato":230,"ironchest:copper_chest":3,"minecraft:flint":2,"minecraft:lapis_lazuli":45,"minecraft:stripped_birch_log":3,"minecraft:dirt":1032,"minecraft:lantern":6,"minecraft:name_tag":1,"runecraft:rune_q":2,"minecraft:glass":28,"minecraft:bone":13,"minecraft:stonecutter":2,"minecraft:bow":7,"minecraft:wheat_seeds":109,"minecraft:raw_gold":20,"minecraft:stone_hoe":1,"minecraft:mossy_stone_bricks":1,"minecraft:glowstone_dust":3,"minecraft:bamboo":612,"solarcraft:empty_crystal":40,"biomesoplenty:cherry_log":102,"minecraft:oak_planks":2,"aquaculture:atlantic_herring":3,"runecraft:rune_g":2,"minecraft:poisonous_potato":1,"minecraft:birch_fence_gate":1,"minecraft:sand":235,"biomesoplenty:white_cherry_sapling":10,"sophisticatedbackpacks:iron_backpack":2,"minecraft:ink_sac":4,"minecraft:grass_block":4,"minecraft:lily_of_the_valley":2,"minecraft:dark_oak_log":48,"securitycraft:universal_block_remover":1,"minecraft:sugar":2,"minecraft:diamond":1,"waystones:waystone":4,"minecraft:writable_book":1,"minecraft:granite":28,"minecraft:grass":4,"minecraft:bone_meal":2,"minecraft:emerald":24,"scalinghealth:cursed_heart":1,"biomesoplenty:pink_daffodil":1,"minecraft:oak_leaves":1,"minecraft:charcoal":7,"biomesoplenty:redwood_log":143,"minecraft:fishing_rod":3,"minecraft:crafting_table":3,"minecraft:clay_ball":2,"minecraft:chicken":2,"minecraft:ladder":12,"minecraft:golden_pickaxe":1,"minecraft:leather_leggings":8,"minecraft:wooden_pickaxe":1,"biomesoplenty:jacaranda_sapling":22,"biomesoplenty:cherry_slab":4,"minecraft:flint_and_steel":1,"evilcraft:poison_sac":2,"minecraft:item_frame":14,"minecraft:white_carpet":2,"minecraft:birch_fence":9,"alexsmobs:komodo_spit":2,"minecraft:cracked_stone_bricks":1,"minecraft:beef":13,"minecraft:light_gray_wool":2,"minecraft:spruce_slab":1,"minecraft:chest":18,"biomesoplenty:cherry_planks":7,"minecraft:sugar_cane":66,"minecraft:birch_sapling":79,"minecraft:piston":2,"minecraft:spruce_trapdoor":3,"minecraft:egg":1,"minecraft:dark_oak_sapling":1,"minecraft:raw_iron":126,"minecraft:oak_door":2,"pfm:birch_chair":4,"minecraft:spruce_fence":1,"sophisticatedbackpacks:backpack":2,"aquaculture:perch":2,"minecraft:stone_button":2,"minecraft:carrot":45,"minecraft:redstone":22,"minecraft:prismarine_crystals":11,"minecraft:dark_oak_planks":1,"minecraft:tnt":3,"minecraft:arrow":26,"minecraft:stone_shovel":1,"biomesoplenty:jacaranda_log":42,"minecraft:beetroot_seeds":103,"minecraft:pumpkin_pie":1,"minecraft:peony":3,"k_turrets:raw_titanium":29,"minecraft:diamond_boots":7,"minecraft:hay_block":5,"pfm:working_table":3,"minecraft:saddle":2,"biomesoplenty:redwood_sapling":13,"minecraft:glow_berries":1,"minecraft:mutton":12,"minecraft:rail":1,"minecraft:white_wool":27,"minecraft:salmon":2,"minecraft:leather":16,"minecraft:birch_planks":93,"minecraft:oak_log":2,"scalinghealth:bandages":6,"securitycraft:keypad_chest":4,"biomesoplenty:jacaranda_planks":6,"minecraft:gunpowder":1,"scalinghealth:heart_crystal":1,"minecraft:paper":2,"minecraft:white_banner":3,"minecraft:stone_bricks":1,"minecraft:iron_ingot":6,"minecraft:stone_pickaxe":7,"minecraft:cooked_chicken":1,"aquaculture:minnow":2,"minecraft:iron_sword":5,"minecraft:book":55,"aquaculture:smallmouth_bass":1,"scalinghealth:heart_crystal_shard":3,"minecraft:chiseled_stone_bricks":1,"minecraft:quartz":1,"minecraft:dandelion":1,"minecraft:gravel":18,"pfm:birch_white_simple_bed":4,"minecraft:amethyst_shard":8,"minecraft:white_bed":4,"minecraft:spider_eye":3,"minecraft:leather_helmet":10,"minecraft:firework_rocket":1,"solarcraft:void_dust":53,"minecraft:stone_axe":2,"minecraft:chainmail_leggings":1,"evilcraft:dark_gem":28,"minecraft:painting":1,"biomesoplenty:cherry_fence":2,"biomesoplenty:cherry_stairs":5,"minecraft:coal":78,"runecraft:rune_d":2,"minecraft:ender_pearl":2}},"DataVersion":3120}