{"stats":{"minecraft:dropped":{"minecraft:bread":3,"minecraft:stone_sword":1,"alexsmobs:animal_dictionary":1,"biomesoplenty:lavender":15,"minecraft:rotten_flesh":5,"minecraft:iron_boots":1,"minecraft:leather_helmet":2,"patchouli:guide_book":1,"minecraft:item_frame":8,"minecraft:stick":1,"minecraft:leather_chestplate":1,"minecraft:leather_leggings":1,"pfm:furniture_book":1,"minecraft:diamond_boots":1,"minecraft:stone_pickaxe":1,"minecraft:paper":1,"minecraft:bone":2,"minecraft:armor_stand":1},"minecraft:custom":{"minecraft:interact_with_smithing_table":1,"minecraft:interact_with_furnace":1,"minecraft:mob_kills":14,"minecraft:open_barrel":1,"minecraft:time_since_death":46468,"minecraft:sleep_in_bed":2,"minecraft:climb_one_cm":4058,"minecraft:time_since_rest":7320,"minecraft:sprint_one_cm":54366,"minecraft:damage_taken":949,"minecraft:walk_one_cm":254025,"minecraft:drop":25,"minecraft:damage_dealt":1691,"minecraft:swim_one_cm":6608,"minecraft:fly_one_cm":36676,"minecraft:open_chest":6,"minecraft:crouch_one_cm":1624,"minecraft:play_time":46468,"minecraft:sneak_time":655,"minecraft:walk_under_water_one_cm":869,"minecraft:jump":451,"minecraft:walk_on_water_one_cm":4868,"minecraft:total_world_time":46468,"minecraft:fall_one_cm":9284},"minecraft:killed":{"minecraft:spider":1,"minecraft:sheep":4,"minecraft:skeleton":1,"alexsmobs:banana_slug":1,"minecraft:zombie":3,"alexsmobs:fly":1,"alexsmobs:komodo_dragon":1},"minecraft:crafted":{"biomesoplenty:jacaranda_planks":16,"minecraft:crafting_table":1,"minecraft:wheat":45},"minecraft:used":{"minecraft:stone_sword":5,"minecraft:leather_chestplate":1,"minecraft:iron_sword":38,"minecraft:white_wool":7,"minecraft:dirt":24,"minecraft:crafting_table":1,"minecraft:spruce_stairs":2,"scalinghealth:cursed_heart":1,"minecraft:white_bed":1,"biomesoplenty:jacaranda_planks":16,"minecraft:bread":10,"minecraft:bow":1,"alexsmobs:animal_dictionary":2,"minecraft:experience_bottle":2},"minecraft:mined":{"minecraft:white_bed":2,"biomesoplenty:jacaranda_planks":6,"minecraft:dandelion":1,"minecraft:poppy":1,"minecraft:grass_block":3,"minecraft:tall_grass":5,"minecraft:hay_block":5,"minecraft:spruce_stairs":2,"biomesoplenty:jacaranda_log":5,"minecraft:carrots":1,"minecraft:wheat":1,"minecraft:fire":3,"biomesoplenty:lavender":6,"minecraft:azure_bluet":1,"minecraft:grass":7,"minecraft:beetroots":1,"minecraft:dirt":3,"minecraft:white_wool":3},"minecraft:picked_up":{"biomesoplenty:lavender":15,"minecraft:wheat":4,"minecraft:leather_chestplate":3,"minecraft:cooked_beef":1,"minecraft:leather_leggings":4,"minecraft:enchanted_book":1,"biomesoplenty:jacaranda_planks":6,"minecraft:string":1,"minecraft:dirt":24,"minecraft:paper":1,"minecraft:white_banner":1,"minecraft:armor_stand":9,"minecraft:item_frame":8,"minecraft:white_carpet":2,"minecraft:bone":2,"minecraft:experience_bottle":2,"minecraft:beetroot":1,"alexsmobs:komodo_spit":1,"minecraft:bow":1,"minecraft:wheat_seeds":6,"minecraft:iron_ingot":4,"minecraft:stone_pickaxe":1,"minecraft:cooked_chicken":1,"minecraft:light_gray_wool":1,"minecraft:spruce_slab":1,"minecraft:iron_sword":1,"minecraft:spruce_trapdoor":3,"minecraft:iron_boots":4,"minecraft:book":1,"minecraft:stick":1,"minecraft:spruce_stairs":3,"minecraft:spruce_fence":1,"minecraft:stone_button":1,"minecraft:white_bed":2,"minecraft:carrot":1,"minecraft:leather_helmet":4,"minecraft:stone_sword":1,"minecraft:arrow":2,"minecraft:rotten_flesh":5,"biomesoplenty:jacaranda_log":4,"minecraft:beetroot_seeds":3,"minecraft:writable_book":1,"minecraft:diamond_boots":2,"minecraft:hay_block":5,"scalinghealth:cursed_heart":1,"minecraft:mutton":6,"minecraft:white_wool":7}},"DataVersion":3120}