{"stats":{"minecraft:picked_up":{"minecraft:birch_door":1,"minecraft:flower_pot":1,"minecraft:smithing_table":2,"minecraft:lead":2,"solarcraft:ancient_fragment":11,"biomesoplenty:violet":1,"minecraft:enchanted_book":4,"pfm:birch_table_dinner":8,"minecraft:brewing_stand":1,"minecraft:amethyst_block":1,"minecraft:polished_deepslate":4,"minecraft:string":230,"biomesoplenty:tall_lavender":2,"minecraft:pufferfish":3,"minecraft:beetroot":108,"minecraft:gold_nugget":2,"minecraft:cobbled_deepslate":1739,"minecraft:black_glazed_terracotta":6,"minecraft:spruce_planks":25,"minecraft:written_book":1,"minecraft:melon_slice":22,"minecraft:coal_block":30,"minecraft:beehive":5,"mcwbridges:glass_bridge_stair":12,"ironchest:gold_chest":1,"minecraft:warped_button":1,"minecraft:brown_carpet":1,"runecraft:altar":1,"minecraft:stone_sword":3,"biomesoplenty:redwood_fence":11,"alexsmobs:flying_fish_boots":1,"runecraft:rune_b":2,"minecraft:blaze_rod":8,"biomesoplenty:pink_cherry_sapling":46,"alexsmobs:flying_fish":6,"biomesoplenty:lavender":42,"minecraft:birch_log":322,"minecraft:feather":3,"minecraft:cooked_beef":1,"minecraft:birch_slab":5,"minecraft:water_bucket":1,"minecraft:smoker":2,"ironchest:copper_chest":6,"minecraft:flint":15,"minecraft:map":1,"minecraft:lantern":22,"solarcraft:energy_dust":11,"runecraft:rune_q":2,"minecraft:stonecutter":3,"minecraft:glowstone_dust":17,"minecraft:moss_block":18,"biomesoplenty:cherry_log":112,"runecraft:rune_g":2,"aquaculture:jellyfish":2,"securitycraft:reinforced_birch_slab":82,"minecraft:birch_fence_gate":1,"scalinghealth:enchanted_heart":2,"sophisticatedbackpacks:iron_backpack":2,"minecraft:ink_sac":5,"minecraft:loom":1,"minecraft:dark_oak_log":48,"securitycraft:universal_block_remover":7,"minecraft:polished_andesite":32,"immersive_armors:bone_boots":1,"minecraft:writable_book":1,"minecraft:granite":63,"solarcraft:magistone":22,"minecraft:golden_horse_armor":1,"minecraft:spruce_button":3,"alexsmobs:maggot":1,"minecraft:diamond_pickaxe":1,"biomesoplenty:redwood_log":641,"minecraft:crafting_table":4,"minecraft:coarse_dirt":4,"minecraft:clay_ball":2,"minecraft:leather_leggings":9,"minecraft:golden_pickaxe":1,"minecraft:redstone_lamp":1,"biomesoplenty:jacaranda_sapling":22,"biomesoplenty:cherry_slab":7,"minecraft:jungle_trapdoor":2,"evilcraft:poison_sac":2,"minecraft:flint_and_steel":1,"minecraft:white_carpet":2,"minecraft:iron_shovel":1,"alexsmobs:komodo_spit":2,"minecraft:cracked_stone_bricks":2,"minecraft:beef":19,"minecraft:spruce_slab":2,"biomesoplenty:cherry_planks":10,"minecraft:chest":29,"minecraft:birch_sapling":90,"minecraft:piston":2,"minecraft:egg":7,"minecraft:oak_door":2,"pfm:birch_chair":4,"sophisticatedbackpacks:crafting_upgrade":1,"minecraft:cyan_glazed_terracotta":4,"ironchest:iron_chest":4,"sophisticatedbackpacks:backpack":2,"securitycraft:reinforced_birch_planks":47,"alexsmobs:straddlite":1,"minecraft:spruce_fence":18,"minecraft:fire_charge":1,"minecraft:carrot":307,"minecraft:redstone":689,"minecraft:prismarine_crystals":11,"minecraft:tnt":5,"minecraft:stone_shovel":1,"biomesoplenty:jacaranda_log":42,"minecraft:beetroot_seeds":312,"minecraft:peony":4,"minecraft:diamond_boots":7,"minecraft:hay_block":77,"minecraft:gold_ingot":2,"sophisticatedbackpacks:copper_backpack":1,"biomesoplenty:redwood_sapling":81,"minecraft:glow_berries":8,"minecraft:mutton":18,"minecraft:white_wool":38,"minecraft:bone_block":3,"minecraft:rail":5,"biomesoplenty:redwood_sign":1,"minecraft:oak_log":37,"scalinghealth:bandages":9,"minecraft:paper":2,"securitycraft:reinforced_glass":3,"minecraft:white_banner":6,"biomesoplenty:glowing_moss_carpet":6,"chococraft:chocobo_feather":181,"chococraft:gysahl_green":826,"minecraft:stone_bricks":12,"alexsmobs:cockroach_wing_fragment":3,"minecraft:stone_pickaxe":8,"scalinghealth:power_crystal_shard":39,"minecraft:glass_bottle":5,"minecraft:iron_sword":6,"aquaculture:smallmouth_bass":1,"minecraft:smooth_basalt":1,"minecraft:sweet_berries":45,"minecraft:gravel":249,"aquaculture:red_grouper":1,"minecraft:spruce_sapling":160,"minecraft:spruce_log":330,"minecraft:leather_helmet":10,"biomesoplenty:redwood_stairs":1,"minecraft:firework_rocket":1,"biomesoplenty:maple_sapling":3,"solarcraft:void_dust":78,"minecraft:stone_axe":3,"minecraft:painting":3,"evilcraft:spikey_claws":1,"biomesoplenty:cherry_fence":2,"securitycraft:keypad":1,"minecraft:hopper":3,"minecraft:ender_pearl":6,"chococraft:loverly_gysahl_green":46,"minecraft:wheat":93,"minecraft:redstone_block":2,"minecraft:nether_brick_fence":3,"minecraft:potion":5,"minecraft:stone_brick_stairs":28,"minecraft:raw_copper":143,"alexsmobs:ancient_dart":2,"minecraft:armor_stand":19,"minecraft:experience_bottle":2,"minecraft:zombie_head":8,"solarcraft:solar_shard":4,"minecraft:oak_sign":1,"minecraft:sea_pickle":3,"minecraft:bucket":4,"minecraft:rose_bush":2,"minecraft:cobblestone_slab":16,"minecraft:calcite":15,"minecraft:iron_pickaxe":2,"evilcraft:blood_extractor":1,"minecraft:iron_boots":8,"alexsmobs:leafcutter_ant_chamber":19,"minecraft:furnace":11,"minecraft:tipped_arrow":4,"minecraft:stick":275,"biomesoplenty:redwood_boat":3,"ironchest:crystal_chest":1,"minecraft:oak_fence":11,"minecraft:torch":249,"minecraft:spruce_stairs":14,"solarcraft:solar_stone":72,"minecraft:target":1,"minecraft:diorite":16,"minecraft:cactus":1,"minecraft:rotten_flesh":139,"chococraft:chocobo_drumstick_raw":5,"evilcraft:condensed_blood":30,"minecraft:obsidian":19,"biomesoplenty:orange_cosmos":1,"minecraft:cod":6,"minecraft:cobblestone":2342,"immersive_armors:bone_helmet":1,"minecraft:leather_chestplate":8,"minecraft:lilac":16,"minecraft:andesite":62,"biomesoplenty:glowshroom":7,"minecraft:potato":840,"minecraft:tuff":237,"minecraft:lapis_lazuli":396,"minecraft:dirt":4389,"minecraft:stripped_birch_log":3,"minecraft:polished_granite":1,"minecraft:name_tag":2,"minecraft:leather_boots":2,"minecraft:glass":28,"minecraft:bone":97,"minecraft:bow":20,"minecraft:wheat_seeds":306,"minecraft:raw_gold":125,"minecraft:mossy_stone_bricks":1,"minecraft:fletching_table":5,"minecraft:bamboo":6445,"solarcraft:empty_crystal":79,"minecraft:oak_planks":17,"minecraft:stone_hoe":1,"aquaculture:atlantic_herring":3,"biomesoplenty:toadstool":4,"biomesoplenty:clover":2,"minecraft:music_disc_13":5,"securitycraft:dirt_mine":2,"minecraft:sand":444,"minecraft:poisonous_potato":4,"biomesoplenty:white_cherry_sapling":10,"minecraft:grass_block":5,"minecraft:lily_of_the_valley":2,"minecraft:mossy_cobblestone":2,"minecraft:spruce_fence_gate":1,"minecraft:sugar":6,"minecraft:yellow_carpet":9,"minecraft:diamond":32,"waystones:waystone":18,"minecraft:grass":15,"minecraft:bone_meal":2,"minecraft:golden_apple":2,"minecraft:emerald":48,"scalinghealth:cursed_heart":2,"alexsmobs:banana_slug_slime":2,"biomesoplenty:pink_daffodil":2,"minecraft:oak_sapling":1,"minecraft:netherrack":2,"minecraft:oak_leaves":1,"minecraft:fishing_rod":3,"minecraft:charcoal":7,"minecraft:azure_bluet":1,"minecraft:chicken":2,"minecraft:ladder":12,"minecraft:wooden_pickaxe":1,"minecraft:gold_block":2,"minecraft:chain":1,"minecraft:shield":2,"minecraft:item_frame":17,"minecraft:birch_fence":9,"minecraft:cyan_carpet":1,"minecraft:blackstone":3,"aquaculture:bluegill":1,"scalinghealth:chance_heart":2,"minecraft:player_head":2,"minecraft:light_gray_wool":2,"minecraft:lectern":14,"runecraft:ash":8,"minecraft:sugar_cane":106,"minecraft:spruce_trapdoor":3,"minecraft:dark_oak_sapling":1,"minecraft:raw_iron":547,"immersive_armors:bone_chestplate":1,"minecraft:bowl":1,"minecraft:note_block":4,"aquaculture:perch":2,"minecraft:stone_button":3,"alexsmobs:leafcutter_ant_pupa":4,"minecraft:dark_oak_planks":1,"biomesoplenty:redwood_planks":49,"minecraft:arrow":108,"minecraft:pumpkin_pie":1,"minecraft:nether_bricks":31,"k_turrets:raw_titanium":80,"pfm:working_table":3,"minecraft:saddle":3,"minecraft:skeleton_skull":3,"immersive_armors:bone_leggings":1,"minecraft:basalt":129,"minecraft:glow_ink_sac":8,"minecraft:salmon":2,"minecraft:leather":23,"minecraft:birch_planks":104,"biomesoplenty:jacaranda_planks":32,"securitycraft:keypad_chest":5,"minecraft:gunpowder":13,"scalinghealth:heart_crystal":19,"minecraft:gray_carpet":6,"chococraft:gold_gysahl":8,"biomesoplenty:glowworm_silk":2,"minecraft:iron_ingot":58,"minecraft:cooked_chicken":1,"securitycraft:universal_block_reinforcer_lvl1":2,"aquaculture:minnow":2,"minecraft:soul_sand":5,"minecraft:book":241,"minecraft:scaffolding":19,"scalinghealth:heart_crystal_shard":13,"minecraft:pumpkin":15,"minecraft:chiseled_stone_bricks":5,"minecraft:quartz":9,"minecraft:dandelion":1,"pfm:birch_white_simple_bed":4,"minecraft:amethyst_shard":8,"chococraft:gysahl_green_seeds":294,"minecraft:blast_furnace":7,"minecraft:white_bed":10,"biomesoplenty:glowing_moss_block":24,"minecraft:spider_eye":13,"minecraft:pumpkin_seeds":2,"chococraft:chocobo_whistle":1,"minecraft:chainmail_leggings":1,"evilcraft:dark_gem":127,"immersive_armors:heavy_boots":1,"biomesoplenty:cherry_stairs":26,"securitycraft:door_indestructible_iron_item":3,"minecraft:coal":561,"runecraft:rune_d":2},"minecraft:dropped":{"sophisticatedbackpacks:iron_backpack":1,"minecraft:iron_sword":1,"chococraft:loverly_gysahl_green":2,"minecraft:lapis_lazuli":21,"minecraft:glass_bottle":5,"minecraft:diamond":2,"alexsmobs:flying_fish_boots":1,"minecraft:leather_helmet":8,"minecraft:item_frame":8,"minecraft:dirt":2,"minecraft:grass":4,"minecraft:stone_button":1,"minecraft:gold_nugget":8,"minecraft:sugar":2,"minecraft:white_wool":3,"minecraft:cyan_carpet":1,"minecraft:bone":2,"biomesoplenty:toadstool":3,"minecraft:sugar_cane":2,"alexsmobs:animal_dictionary":1,"minecraft:wheat":3,"minecraft:birch_sapling":15,"minecraft:rotten_flesh":7,"minecraft:glowstone_dust":1,"minecraft:azure_bluet":1,"k_turrets:raw_titanium":3,"minecraft:leather_leggings":3,"chococraft:chocobo_saddle":1,"biomesoplenty:tall_lavender":2,"minecraft:egg":1,"minecraft:iron_ingot":1,"minecraft:wheat_seeds":17,"simpletomb:grave_key":2,"biomesoplenty:lavender":15,"minecraft:polished_andesite":16,"evilcraft:spikey_claws":1,"minecraft:potion":2,"minecraft:white_banner":2,"minecraft:paper":1,"minecraft:string":1,"minecraft:stone_sword":2,"minecraft:iron_boots":2,"sophisticatedbackpacks:backpack":1,"minecraft:cobblestone_slab":1,"minecraft:flower_pot":1,"minecraft:diamond_pickaxe":1,"minecraft:spider_eye":1,"minecraft:stone_bricks":2,"pfm:furniture_book":1,"minecraft:birch_planks":74,"minecraft:ender_pearl":1,"aquaculture:minnow":1,"immersive_armors:heavy_boots":1,"ironchest:iron_chest":2,"minecraft:armor_stand":4,"minecraft:gravel":1,"securitycraft:dirt_mine":5,"biomesoplenty:redwood_sapling":17,"immersive_armors:steampunk_leggings":1,"patchouli:guide_book":1,"minecraft:chiseled_stone_bricks":1,"minecraft:leather_chestplate":4,"aquaculture:bluegill":1,"minecraft:beetroot_seeds":1,"minecraft:written_book":1,"minecraft:water_bucket":1,"minecraft:bread":3,"minecraft:mossy_cobblestone":1,"minecraft:lead":1,"immersive_armors:steampunk_boots":1,"minecraft:stick":2,"biomesoplenty:violet":1,"minecraft:milk_bucket":2,"scalinghealth:heart_crystal":7,"minecraft:zombie_head":1,"minecraft:fire_charge":1,"sophisticatedbackpacks:crafting_upgrade":1,"minecraft:bucket":2,"chococraft:chocobo_feather":30,"minecraft:light_gray_wool":1,"minecraft:filled_map":1,"securitycraft:universal_block_remover":6,"minecraft:shield":1,"minecraft:diamond_boots":1,"minecraft:stone_pickaxe":2,"securitycraft:universal_block_reinforcer_lvl1":2,"chococraft:gysahl_green":25},"minecraft:crafted":{"minecraft:black_dye":4,"immersive_armors:warrior_boots":1,"chococraft:gysahl_cake":1,"minecraft:smooth_stone":2,"minecraft:oak_sign":3,"immersive_armors:warrior_helmet":1,"alexsmobs:animal_dictionary":1,"minecraft:blaze_powder":4,"minecraft:birch_boat":2,"minecraft:birch_slab":54,"sophisticatedbackpacks:crafting_upgrade":1,"securitycraft:keypad_item":2,"immersive_armors:steampunk_chestplate":1,"minecraft:bookshelf":16,"chococraft:red_gysahl":1,"minecraft:cooked_mutton":14,"immersive_armors:steampunk_leggings":1,"sophisticatedbackpacks:smelting_upgrade":1,"minecraft:glass":262,"pfm:birch_chair":4,"evilcraft:blood_extractor":3,"minecraft:birch_fence_gate":1,"minecraft:iron_door":3,"minecraft:birch_door":3,"minecraft:magenta_dye":14,"scalinghealth:power_crystal":3,"biomesoplenty:redwood_sign":3,"immersive_armors:bone_leggings":1,"minecraft:emerald":197,"minecraft:diamond_axe":1,"immersive_armors:warrior_chestplate":1,"minecraft:clock":1,"minecraft:copper_ingot":123,"immersive_armors:robe_chestplate":2,"pfm:working_table":1,"mcwbridges:glass_bridge_stair":12,"immersive_armors:warrior_leggings":1,"minecraft:compass":1,"minecraft:iron_pickaxe":11,"minecraft:iron_block":21,"minecraft:gold_ingot":90,"chococraft:gysahl_green_seeds":15,"immersive_armors:heavy_helmet":1,"minecraft:golden_carrot":1,"minecraft:stone_shovel":12,"minecraft:smooth_stone_slab":2,"minecraft:jukebox":1,"minecraft:leather_leggings":1,"minecraft:iron_nugget":36,"ironchest:diamond_to_crystal_chest_upgrade":1,"minecraft:bone_meal":351,"ironchest:gold_to_diamond_chest_upgrade":1,"minecraft:pink_dye":6,"chococraft:chocobo_saddle_bags":1,"minecraft:lantern":4,"chococraft:choco_disguise_leggings":1,"securitycraft:universal_block_remover":1,"solarcraft:solar_network_binder":1,"minecraft:stone_pickaxe":24,"immersive_armors:robe_leggings":2,"minecraft:redstone_block":38,"minecraft:dark_oak_planks":192,"minecraft:wheat":689,"minecraft:coal_block":17,"ironchest:wood_to_iron_chest_upgrade":1,"evilcraft:dark_tank":3,"biomesoplenty:redwood_door":3,"minecraft:enchanting_table":1,"biomesoplenty:redwood_planks":2456,"biomesoplenty:redwood_fence":42,"sophisticatedbackpacks:gold_backpack":1,"minecraft:glowstone":7,"minecraft:enchanted_book":7,"minecraft:white_stained_glass":8,"securitycraft:door_indestructible_iron_item":1,"ironchest:iron_to_gold_chest_upgrade":1,"immersive_armors:bone_helmet":1,"pfm:iron_stove":1,"minecraft:wooden_axe":2,"minecraft:iron_shovel":11,"minecraft:iron_leggings":11,"chococraft:chocobo_saddle":2,"minecraft:armor_stand":4,"minecraft:white_bed":1,"chococraft:choco_disguise_chestplate":1,"immersive_armors:robe_boots":2,"minecraft:oak_planks":148,"biomesoplenty:cherry_planks":448,"minecraft:cobblestone_slab":18,"minecraft:stone":1012,"mcwdoors:birch_japanese_door":3,"minecraft:heavy_weighted_pressure_plate":2,"minecraft:green_dye":1,"immersive_armors:heavy_boots":1,"immersive_armors:robe_helmet":2,"minecraft:hopper":1,"minecraft:iron_boots":1,"minecraft:bow":12,"minecraft:dead_bush":1,"minecraft:chest":33,"minecraft:stone_hoe":1,"pfm:birch_table_dinner":4,"biomesoplenty:cherry_fence":51,"minecraft:smoker":2,"immersive_armors:bone_chestplate":1,"ironchest:wood_to_copper_chest_upgrade":2,"minecraft:item_frame":1,"minecraft:arrow":16,"sophisticatedbackpacks:backpack":2,"biomesoplenty:jacaranda_planks":168,"minecraft:crafting_table":6,"immersive_armors:heavy_chestplate":1,"minecraft:spruce_planks":468,"minecraft:iron_helmet":4,"minecraft:baked_potato":386,"mcwbridges:glass_bridge":12,"minecraft:wooden_pickaxe":1,"chococraft:chocopedia":1,"immersive_armors:steampunk_boots":1,"immersive_armors:steampunk_helmet":1,"sophisticatedbackpacks:feeding_upgrade":1,"minecraft:birch_planks":1187,"sophisticatedbackpacks:upgrade_base":3,"biomesoplenty:cherry_fence_gate":4,"biomesoplenty:redwood_boat":1,"minecraft:iron_chestplate":3,"minecraft:book":8,"minecraft:paper":39,"minecraft:charcoal":15,"minecraft:diamond_pickaxe":1,"evilcraft:spikey_claws":1,"minecraft:purple_dye":4,"minecraft:shield":7,"sophisticatedbackpacks:diamond_backpack":1,"minecraft:birch_fence":9,"minecraft:stick":4434,"minecraft:iron_ingot":427,"minecraft:leather_chestplate":2,"minecraft:redstone_torch":1,"immersive_armors:bone_boots":1,"minecraft:shears":2,"ironchest:copper_to_iron_chest_upgrade":2,"evilcraft:dark_spike":16,"minecraft:redstone":18,"minecraft:coal":315,"minecraft:leather_boots":1,"minecraft:furnace":13,"minecraft:stone_button":16,"minecraft:piston":5,"securitycraft:keypad_frame":1,"minecraft:glass_pane":32,"minecraft:flint_and_steel":1,"minecraft:polished_deepslate":1068,"minecraft:iron_axe":8,"pfm:birch_white_simple_bed":1,"alexsmobs:flying_fish_boots":2,"minecraft:birch_sign":3,"minecraft:glistering_melon_slice":1,"sophisticatedbackpacks:iron_backpack":2,"minecraft:cooked_beef":3,"minecraft:red_dye":3,"minecraft:cooked_cod":1,"minecraft:diamond_sword":2,"elevatorid:elevator_white":2,"chococraft:choco_disguise_boots":1,"immersive_armors:heavy_leggings":1,"minecraft:iron_sword":5,"biomesoplenty:redwood_fence_gate":3,"scalinghealth:heart_crystal":2,"minecraft:bucket":2,"minecraft:stone_axe":4,"minecraft:air":0,"minecraft:bread":184,"minecraft:white_wool":8,"minecraft:gold_nugget":9,"minecraft:white_dye":9,"minecraft:anvil":2,"biomesoplenty:cherry_slab":54,"minecraft:torch":156,"minecraft:lapis_lazuli":9,"biomesoplenty:cherry_stairs":48,"chococraft:choco_disguise_helmet":1,"minecraft:lapis_block":19,"minecraft:diamond_chestplate":1},"minecraft:used":{"minecraft:beetroot":4,"minecraft:nether_brick_fence":1,"minecraft:writable_book":2,"solarcraft:magistone":5,"sophisticatedbackpacks:copper_backpack":3,"immersive_armors:steampunk_chestplate":2,"minecraft:spruce_slab":1,"minecraft:ladder":36,"minecraft:chest":71,"minecraft:stone":2,"biomesoplenty:cherry_stairs":34,"minecraft:rotten_flesh":6,"minecraft:soul_sand":4,"minecraft:skeleton_spawn_egg":1,"biomesoplenty:redwood_fence":170,"securitycraft:keypad_item":2,"ironchest:iron_chest":2,"solarcraft:solar_stone":2,"minecraft:lava_bucket":3,"mcwbridges:glass_bridge_stair":18,"minecraft:birch_sapling":11,"biomesoplenty:jacaranda_sapling":1,"minecraft:rabbit_stew":2,"minecraft:bow":239,"minecraft:sweet_berries":62,"minecraft:furnace":20,"minecraft:cooked_cod":1,"minecraft:egg":3,"minecraft:potato":354,"minecraft:mossy_stone_bricks":1,"minecraft:diorite":5,"minecraft:leather_leggings":1,"biomesoplenty:redwood_fence_gate":10,"securitycraft:door_indestructible_iron_item":3,"alexsmobs:flying_fish_boots":2,"minecraft:cactus":3,"minecraft:leather_chestplate":1,"immersive_armors:bone_helmet":1,"minecraft:wooden_pickaxe":15,"securitycraft:keypad_frame":1,"minecraft:black_glazed_terracotta":3,"elevatorid:elevator_white":2,"minecraft:golden_apple":2,"minecraft:glow_berries":5,"minecraft:sand":9,"minecraft:blast_furnace":6,"scalinghealth:cursed_heart":1,"securitycraft:universal_block_remover":145,"biomesoplenty:jacaranda_planks":37,"minecraft:pumpkin_seeds":4,"minecraft:birch_fence":9,"pfm:working_table":4,"scalinghealth:enchanted_heart":4,"minecraft:birch_slab":54,"minecraft:zombie_head":4,"minecraft:stone_button":1,"minecraft:lectern":14,"biomesoplenty:cherry_slab":74,"biomesoplenty:cherry_fence_gate":3,"minecraft:diamond_sword":571,"minecraft:smithing_table":2,"biomesoplenty:pink_cherry_sapling":10,"ironchest:wood_to_iron_chest_upgrade":1,"minecraft:stone_sword":5,"biomesoplenty:redwood_door":2,"minecraft:enchanting_table":1,"minecraft:armor_stand":15,"immersive_armors:bone_boots":2,"minecraft:tinted_glass":2,"minecraft:netherrack":1,"runecraft:rune_d":3,"minecraft:torch":438,"minecraft:brewing_stand":1,"minecraft:anvil":2,"immersive_armors:warrior_helmet":2,"runecraft:rune_b":3,"minecraft:golden_shovel":65,"minecraft:jungle_trapdoor":1,"runecraft:rune_g":6,"minecraft:iron_axe":1067,"immersive_armors:heavy_chestplate":3,"minecraft:melon_seeds":2,"minecraft:smooth_basalt":1,"minecraft:bamboo":171,"minecraft:basalt":78,"minecraft:glowstone":7,"minecraft:cobbled_deepslate":284,"minecraft:calcite":5,"minecraft:wheat_seeds":95,"minecraft:water_bucket":200,"immersive_armors:steampunk_boots":1,"minecraft:birch_planks":774,"ironchest:gold_to_diamond_chest_upgrade":1,"immersive_armors:heavy_leggings":3,"minecraft:fletching_table":4,"minecraft:cracked_stone_bricks":1,"minecraft:mossy_cobblestone":1,"immersive_armors:steampunk_leggings":2,"minecraft:tnt":1,"minecraft:crafting_table":9,"minecraft:birch_sign":2,"minecraft:white_bed":9,"minecraft:spruce_log":6,"minecraft:diamond_pickaxe":778,"chococraft:gysahl_green_seeds":308,"biomesoplenty:cherry_fence":62,"minecraft:iron_pickaxe":3955,"minecraft:cobblestone":679,"minecraft:potion":1,"minecraft:glass_pane":9,"biomesoplenty:redwood_stairs":19,"minecraft:jukebox":1,"minecraft:polished_deepslate":4,"minecraft:iron_shovel":2939,"minecraft:oak_sign":1,"minecraft:shield":501,"biomesoplenty:orange_cosmos":1,"minecraft:iron_sword":2044,"minecraft:grass":1,"minecraft:player_head":4,"immersive_armors:bone_chestplate":2,"minecraft:nether_bricks":31,"minecraft:carrot":121,"minecraft:music_disc_13":5,"ironchest:copper_to_iron_chest_upgrade":2,"minecraft:tuff":36,"minecraft:beehive":2,"biomesoplenty:redwood_sign":1,"minecraft:obsidian":10,"immersive_armors:warrior_chestplate":3,"minecraft:glass":114,"biomesoplenty:cherry_planks":231,"minecraft:lantern":22,"minecraft:iron_helmet":1,"minecraft:stone_bricks":43,"minecraft:item_frame":10,"pfm:iron_stove":1,"pfm:birch_table_dinner":10,"minecraft:brown_carpet":1,"minecraft:written_book":1,"pfm:birch_chair":8,"minecraft:beetroot_seeds":120,"minecraft:skeleton_skull":2,"minecraft:stone_pickaxe":1845,"minecraft:oak_planks":27,"minecraft:sugar_cane":9,"minecraft:diamond_axe":215,"minecraft:white_wool":7,"minecraft:loom":1,"ironchest:copper_chest":6,"chococraft:white_chocobo_spawn_egg":1,"minecraft:crossbow":21,"minecraft:shears":23,"waystones:waystone":18,"sophisticatedbackpacks:backpack":6,"minecraft:birch_fence_gate":1,"minecraft:bread":69,"ironchest:iron_to_gold_chest_upgrade":1,"minecraft:gravel":3,"chococraft:gold_chocobo_spawn_egg":1,"immersive_armors:heavy_helmet":3,"minecraft:andesite":18,"minecraft:coarse_dirt":19,"minecraft:golden_pickaxe":32,"immersive_armors:bone_leggings":2,"chococraft:gysahl_green":54,"minecraft:warped_button":1,"ironchest:crystal_chest":1,"minecraft:bone_meal":300,"minecraft:experience_bottle":254,"minecraft:oak_fence":6,"runecraft:altar":1,"sophisticatedbackpacks:iron_backpack":4,"immersive_armors:steampunk_helmet":2,"biomesoplenty:redwood_planks":299,"securitycraft:keypad_chest":5,"immersive_armors:warrior_leggings":2,"minecraft:stone_shovel":1117,"minecraft:spruce_planks":215,"biomesoplenty:glowshroom":1,"minecraft:stone_hoe":66,"minecraft:cooked_chicken":1,"simpletomb:grave_key":13,"minecraft:oak_door":4,"minecraft:dirt":1618,"scalinghealth:heart_crystal":18,"minecraft:hopper":5,"minecraft:spruce_stairs":5,"immersive_armors:warrior_boots":2,"minecraft:spruce_fence":1,"biomesoplenty:maple_sapling":3,"minecraft:birch_door":1,"minecraft:wooden_axe":55,"minecraft:bookshelf":16,"securitycraft:reinforced_birch_slab":82,"biomesoplenty:redwood_boat":4,"scalinghealth:power_crystal":4,"evilcraft:flesh_humanoid":1,"ironchest:diamond_to_crystal_chest_upgrade":1,"ironchest:gold_chest":1,"minecraft:cooked_beef":1,"minecraft:powder_snow_bucket":3,"minecraft:pumpkin":2,"minecraft:iron_leggings":1,"minecraft:cooked_mutton":6,"runecraft:rune_q":3,"minecraft:cobblestone_stairs":7,"mcwdoors:birch_japanese_door":1,"minecraft:baked_potato":291,"minecraft:birch_boat":2,"scalinghealth:chance_heart":6,"minecraft:stonecutter":3,"minecraft:cobblestone_slab":25,"ironchest:wood_to_copper_chest_upgrade":2,"minecraft:painting":3,"minecraft:smoker":4,"minecraft:apple":1,"evilcraft:spikey_claws":256,"minecraft:chicken":1,"minecraft:map":1,"biomesoplenty:toadstool":1,"immersive_armors:heavy_boots":3,"minecraft:stone_axe":253,"minecraft:fishing_rod":24,"minecraft:white_banner":3,"minecraft:bucket":205,"minecraft:pumpkin_pie":1,"alexsmobs:animal_dictionary":8,"pfm:birch_white_simple_bed":5},"minecraft:killed":{"minecraft:cave_spider":17,"minecraft:cod":1,"minecraft:skeleton":168,"alexsmobs:leafcutter_ant":1,"minecraft:chicken":3,"alexsmobs:straddler":3,"minecraft:magma_cube":14,"alexsmobs:seal":4,"minecraft:zombie":126,"minecraft:glow_squid":1,"minecraft:cow":8,"chococraft:chocobo":6,"alexsmobs:raccoon":2,"alexsmobs:tusklin":1,"evilcraft:poisonous_libelle":2,"minecraft:enderman":3,"evilcraft:netherfish":2,"minecraft:zombified_piglin":1,"minecraft:witch":88,"minecraft:spider":22,"alexsmobs:banana_slug":3,"minecraft:silverfish":1,"alexsmobs:grizzly_bear":2,"minecraft:zombie_villager":2,"alexsmobs:stradpole":2,"minecraft:creeper":13,"minecraft:sheep":11,"aquaculture:minnow":1,"minecraft:stray":9,"alexsmobs:fly":2,"alexsmobs:komodo_dragon":1,"minecraft:blaze":17,"aquaculture:bluegill":1,"alexsmobs:tasmanian_devil":2,"alexsmobs:sugar_glider":2,"minecraft:drowned":1,"alexsmobs:flying_fish":5,"alexsmobs:skunk":1,"minecraft:bat":1,"minecraft:squid":2,"alexsmobs:cockroach":5,"alexsmobs:crow":2,"minecraft:wither_skeleton":12},"minecraft:killed_by":{"minecraft:zombie":3,"alexsmobs:grizzly_bear":1,"minecraft:wither_skeleton":3,"evilcraft:netherfish":1,"alexsmobs:crocodile":1,"minecraft:enderman":1,"minecraft:iron_golem":1,"minecraft:skeleton":2},"minecraft:mined":{"minecraft:dark_oak_planks":1,"minecraft:white_bed":10,"alexsmobs:leafcutter_anthill":1,"minecraft:jungle_leaves":1,"minecraft:obsidian":19,"minecraft:granite":61,"minecraft:yellow_carpet":2,"minecraft:coal_block":30,"minecraft:hopper":3,"minecraft:oak_wall_sign":1,"ironchest:copper_chest":6,"biomesoplenty:cherry_slab":6,"minecraft:chiseled_stone_bricks":5,"minecraft:spawner":8,"ironchest:crystal_chest":1,"minecraft:tall_seagrass":3,"biomesoplenty:tall_lavender":3,"minecraft:fire":11,"minecraft:cobbled_deepslate":24,"ironchest:gold_chest":1,"biomesoplenty:lavender":12,"biomesoplenty:violet":1,"biomesoplenty:redwood_fence":12,"minecraft:pumpkin":15,"minecraft:deepslate_lapis_ore":36,"minecraft:fletching_table":5,"minecraft:cave_vines":6,"scalinghealth:deepslate_power_crystal_ore":23,"biomesoplenty:webbing":5,"biomesoplenty:redwood_wall_sign":1,"minecraft:white_banner":1,"minecraft:jungle_trapdoor":2,"solarcraft:void_lily":28,"biomesoplenty:glowworm_silk":8,"biomesoplenty:jacaranda_planks":32,"minecraft:smoker":2,"minecraft:amethyst_cluster":2,"minecraft:cyan_glazed_terracotta":4,"minecraft:powder_snow":9,"minecraft:torch":70,"minecraft:blast_furnace":7,"minecraft:melon":5,"minecraft:glass":15,"minecraft:sugar_cane":71,"minecraft:amethyst_block":1,"minecraft:birch_sapling":3,"minecraft:skeleton_skull":2,"minecraft:chain":2,"minecraft:wheat":89,"biomesoplenty:maple_sapling":1,"minecraft:lilac":15,"minecraft:birch_door":1,"minecraft:stone_brick_stairs":28,"minecraft:grass":174,"biomesoplenty:cherry_stairs":26,"minecraft:loom":1,"minecraft:zombie_wall_head":3,"minecraft:smooth_basalt":1,"minecraft:stonecutter":3,"minecraft:piston":1,"minecraft:deepslate":1706,"minecraft:attached_pumpkin_stem":1,"minecraft:mossy_cobblestone":2,"biomesoplenty:desert_grass":1,"minecraft:stripped_birch_log":3,"solarcraft:crystal":26,"minecraft:sea_lantern":5,"minecraft:birch_fence_gate":1,"minecraft:nether_bricks":33,"minecraft:spruce_fence":1,"alexsmobs:leafcutter_ant_chamber":22,"minecraft:moss_block":20,"solarcraft:lensing_crystal_ore":1,"biomesoplenty:jacaranda_log":5,"minecraft:redstone_ore":18,"minecraft:andesite":63,"biomesoplenty:pink_cherry_sapling":1,"minecraft:potatoes":273,"minecraft:vine":2,"minecraft:cobblestone_slab":18,"ironchest:iron_chest":4,"minecraft:bamboo":703,"minecraft:bone_block":2,"minecraft:white_wool":24,"minecraft:smithing_table":2,"biomesoplenty:redwood_planks":50,"minecraft:redstone_block":2,"minecraft:glass_pane":7,"pfm:birch_white_simple_bed":4,"minecraft:brown_carpet":1,"minecraft:dandelion":2,"minecraft:emerald_ore":12,"minecraft:copper_ore":41,"minecraft:tall_grass":28,"minecraft:deepslate_gold_ore":90,"minecraft:diorite":15,"minecraft:coarse_dirt":4,"solarcraft:solar_flower":5,"minecraft:spruce_log":33,"minecraft:birch_leaves":5,"pfm:birch_table_dinner":8,"minecraft:zombie_head":2,"minecraft:gravel":141,"biomesoplenty:stringy_cobweb":3,"minecraft:cobweb":193,"biomesoplenty:redwood_sapling":2,"minecraft:stone_bricks":12,"minecraft:gold_ore":35,"minecraft:infested_stone":1,"minecraft:fern":4,"minecraft:large_amethyst_bud":1,"minecraft:spruce_planks":29,"biomesoplenty:glowshroom":5,"minecraft:farmland":1,"minecraft:sculk_vein":2,"minecraft:brewing_stand":1,"minecraft:spruce_trapdoor":1,"minecraft:cave_vines_plant":3,"minecraft:grass_block":3081,"sophisticatedbackpacks:iron_backpack":1,"solarcraft:solar_stone":85,"minecraft:glowstone":5,"biomesoplenty:orange_cosmos":1,"minecraft:iron_ore":326,"runecraft:altar":1,"minecraft:target":1,"minecraft:azure_bluet":1,"chococraft:gysahl_green":295,"minecraft:skeleton_wall_skull":1,"biomesoplenty:pink_cherry_leaves":6,"sophisticatedbackpacks:copper_backpack":1,"minecraft:spruce_slab":3,"minecraft:deepslate_redstone_ore":133,"minecraft:blackstone":3,"biomesoplenty:hanging_cobweb_strand":1,"biomesoplenty:cherry_planks":11,"minecraft:calcite":15,"minecraft:poppy":1,"minecraft:chest":28,"minecraft:nether_quartz_ore":7,"minecraft:cobblestone":88,"minecraft:oak_planks":11,"minecraft:wall_torch":90,"evilcraft:dark_ore_deepslate":21,"minecraft:birch_log":17,"evilcraft:infested_nether_soul_sand":6,"minecraft:tnt":2,"biomesoplenty:clover":43,"minecraft:oak_log":25,"minecraft:beetroots":121,"minecraft:sand":354,"minecraft:dirt":853,"solarcraft:magistone":23,"minecraft:netherrack":1,"minecraft:oak_leaves":9,"minecraft:redstone_lamp":1,"biomesoplenty:glowing_moss_block":24,"minecraft:tuff":232,"minecraft:deepslate_diamond_ore":32,"minecraft:oak_door":2,"minecraft:glow_lichen":1,"minecraft:ladder":4,"minecraft:stone_button":1,"minecraft:birch_slab":5,"minecraft:spruce_leaves":217,"biomesoplenty:cherry_fence":2,"biomesoplenty:jacaranda_sapling":1,"minecraft:hay_block":77,"minecraft:spruce_sapling":55,"minecraft:furnace":11,"minecraft:carrots":82,"minecraft:black_glazed_terracotta":3,"biomesoplenty:toadstool":4,"evilcraft:dark_ore":7,"minecraft:peony":3,"biomesoplenty:redwood_stairs":1,"minecraft:gold_block":2,"minecraft:nether_brick_fence":3,"minecraft:polished_deepslate":4,"minecraft:bookshelf":78,"minecraft:deepslate_iron_ore":220,"minecraft:lantern":7,"solarcraft:solar_ores":4,"minecraft:packed_ice":8,"biomesoplenty:spider_egg":2,"minecraft:stone":2214,"sophisticatedbackpacks:backpack":1,"minecraft:podzol":1,"pfm:birch_chair":4,"minecraft:scaffolding":6,"minecraft:magenta_stained_glass":3,"minecraft:basalt":128,"minecraft:polished_granite":1,"minecraft:oak_fence":8,"minecraft:crafting_table":4,"minecraft:rose_bush":2,"minecraft:lectern":14,"biomesoplenty:sprout":2,"minecraft:lapis_ore":21,"minecraft:sculk":5,"minecraft:spruce_stairs":11,"minecraft:birch_planks":36,"minecraft:sea_pickle":1,"minecraft:beehive":5,"k_turrets:deepslate_titanium_ore":14,"minecraft:sweet_berry_bush":21,"biomesoplenty:pink_daffodil":2,"evilcraft:infested_nether_netherrack":1,"minecraft:white_wall_banner":1,"pfm:working_table":3,"k_turrets:titanium_ore":55,"minecraft:coal_ore":517,"evilcraft:blood_stain":2,"minecraft:cracked_stone_bricks":3,"minecraft:polished_andesite":16,"minecraft:mossy_stone_bricks":1,"minecraft:birch_fence":9},"minecraft:broken":{"minecraft:iron_boots":1,"minecraft:iron_chestplate":1,"minecraft:iron_leggings":1,"evilcraft:spikey_claws":1,"minecraft:iron_sword":5,"minecraft:leather_helmet":1,"minecraft:shield":6,"minecraft:iron_axe":5,"minecraft:iron_pickaxe":12,"minecraft:iron_helmet":1,"minecraft:iron_shovel":7,"minecraft:leather_leggings":1,"minecraft:golden_shovel":2,"minecraft:stone_pickaxe":5,"minecraft:stone_axe":3,"minecraft:wooden_axe":2,"minecraft:stone_shovel":5,"minecraft:golden_pickaxe":1},"minecraft:custom":{"minecraft:interact_with_crafting_table":251,"minecraft:open_barrel":10,"minecraft:bell_ring":2,"minecraft:eat_cake_slice":4,"minecraft:leave_game":50,"minecraft:time_since_death":269586,"minecraft:damage_blocked_by_shield":14068,"minecraft:play_time":2510308,"minecraft:deaths":13,"minecraft:jump":22986,"minecraft:enchant_item":36,"minecraft:interact_with_furnace":354,"minecraft:play_record":5,"minecraft:traded_with_villager":221,"minecraft:stove_opened":33,"minecraft:sleep_in_bed":79,"minecraft:waystone_activated":30,"minecraft:damage_dealt":177997,"minecraft:interact_with_smoker":60,"minecraft:horse_one_cm":161335,"minecraft:interact_with_smithing_table":3,"minecraft:interact_with_anvil":42,"minecraft:inspect_hopper":3,"minecraft:fridge_opened":1,"minecraft:chair_used":5,"minecraft:damage_dealt_absorbed":279,"minecraft:sneak_time":107907,"minecraft:interact_with_blast_furnace":53,"minecraft:drawer_searched":3,"minecraft:total_world_time":2510308,"minecraft:interact_with_stonecutter":5,"minecraft:cabinet_searched":1,"minecraft:time_since_rest":305,"minecraft:swim_one_cm":191252,"minecraft:fly_one_cm":3067952,"minecraft:open_chest":2725,"minecraft:fish_caught":17,"minecraft:fall_one_cm":345495,"minecraft:animals_bred":26,"minecraft:use_sink":2,"minecraft:damage_resisted":66,"minecraft:sprint_one_cm":2014350,"minecraft:drop":212,"minecraft:talked_to_villager":147,"minecraft:interact_with_brewingstand":1,"minecraft:walk_on_water_one_cm":379095,"minecraft:interact_with_loom":2,"minecraft:player_kills":2,"minecraft:crouch_one_cm":245860,"minecraft:mob_kills":589,"minecraft:damage_dealt_resisted":7318,"minecraft:climb_one_cm":180868,"minecraft:walk_one_cm":9163193,"minecraft:sink_filled":2,"minecraft:walk_under_water_one_cm":315696,"minecraft:boat_one_cm":289105,"minecraft:damage_taken":32499,"minecraft:damage_absorbed":80,"minecraft:trigger_trapped_chest":1}},"DataVersion":3120}