{"stats":{"minecraft:picked_up":{"minecraft:wheat":22,"minecraft:enchanted_book":1,"pfm:birch_table_dinner":6,"minecraft:string":40,"minecraft:raw_copper":84,"minecraft:armor_stand":9,"minecraft:zombie_head":2,"minecraft:experience_bottle":2,"minecraft:beetroot":9,"minecraft:rose_bush":1,"minecraft:written_book":1,"minecraft:iron_boots":5,"minecraft:furnace":1,"minecraft:beehive":1,"minecraft:stick":44,"minecraft:torch":15,"minecraft:spruce_stairs":3,"minecraft:warped_button":1,"minecraft:stone_sword":1,"minecraft:rotten_flesh":21,"runecraft:rune_b":2,"biomesoplenty:pink_cherry_sapling":12,"minecraft:cod":1,"alexsmobs:flying_fish":4,"minecraft:cobblestone":480,"biomesoplenty:lavender":15,"minecraft:birch_log":120,"minecraft:leather_chestplate":3,"minecraft:cooked_beef":1,"minecraft:feather":1,"minecraft:lilac":11,"minecraft:andesite":7,"minecraft:potato":88,"minecraft:flint":1,"minecraft:stripped_birch_log":3,"minecraft:dirt":909,"minecraft:lantern":2,"runecraft:rune_q":2,"minecraft:bone":4,"minecraft:bow":2,"minecraft:wheat_seeds":76,"minecraft:bamboo":14,"solarcraft:empty_crystal":2,"biomesoplenty:cherry_log":38,"runecraft:rune_g":2,"minecraft:poisonous_potato":1,"minecraft:birch_fence_gate":1,"minecraft:sand":11,"biomesoplenty:white_cherry_sapling":4,"sophisticatedbackpacks:iron_backpack":1,"minecraft:ink_sac":4,"minecraft:grass_block":2,"minecraft:lily_of_the_valley":2,"minecraft:dark_oak_log":48,"waystones:waystone":1,"minecraft:writable_book":1,"minecraft:granite":13,"minecraft:bone_meal":1,"scalinghealth:cursed_heart":1,"minecraft:emerald":1,"biomesoplenty:pink_daffodil":1,"minecraft:charcoal":7,"minecraft:crafting_table":1,"minecraft:chicken":1,"minecraft:leather_leggings":4,"biomesoplenty:cherry_slab":4,"evilcraft:poison_sac":1,"minecraft:white_carpet":2,"minecraft:item_frame":8,"minecraft:birch_fence":9,"alexsmobs:komodo_spit":1,"minecraft:beef":13,"minecraft:spruce_slab":1,"minecraft:light_gray_wool":2,"biomesoplenty:cherry_planks":1,"minecraft:sugar_cane":29,"minecraft:chest":2,"minecraft:birch_sapling":46,"minecraft:piston":1,"minecraft:spruce_trapdoor":3,"minecraft:egg":1,"minecraft:dark_oak_sapling":1,"minecraft:raw_iron":33,"pfm:birch_chair":4,"sophisticatedbackpacks:backpack":2,"minecraft:spruce_fence":1,"minecraft:stone_button":1,"minecraft:carrot":7,"minecraft:tnt":2,"minecraft:arrow":4,"biomesoplenty:jacaranda_log":4,"minecraft:beetroot_seeds":24,"minecraft:peony":3,"minecraft:diamond_boots":2,"k_turrets:raw_titanium":14,"minecraft:hay_block":5,"pfm:working_table":2,"minecraft:mutton":12,"minecraft:white_wool":13,"minecraft:leather":16,"minecraft:birch_planks":82,"scalinghealth:bandages":3,"biomesoplenty:jacaranda_planks":6,"minecraft:gunpowder":1,"minecraft:paper":1,"minecraft:white_banner":3,"minecraft:stone_bricks":1,"minecraft:iron_ingot":4,"minecraft:stone_pickaxe":2,"minecraft:cooked_chicken":1,"aquaculture:minnow":2,"minecraft:iron_sword":2,"minecraft:book":52,"scalinghealth:heart_crystal_shard":3,"minecraft:chiseled_stone_bricks":1,"minecraft:gravel":15,"pfm:birch_white_simple_bed":4,"minecraft:white_bed":4,"minecraft:spider_eye":1,"minecraft:leather_helmet":7,"solarcraft:void_dust":6,"evilcraft:dark_gem":5,"minecraft:painting":1,"biomesoplenty:cherry_stairs":5,"minecraft:coal":59,"runecraft:rune_d":2,"minecraft:ender_pearl":1},"minecraft:killed_by":{"alexsmobs:crocodile":1},"minecraft:mined":{"minecraft:white_bed":4,"minecraft:jungle_leaves":1,"minecraft:granite":13,"minecraft:grass_block":709,"sophisticatedbackpacks:iron_backpack":1,"biomesoplenty:cherry_slab":4,"minecraft:chiseled_stone_bricks":1,"minecraft:tall_seagrass":3,"minecraft:iron_ore":33,"minecraft:fire":3,"biomesoplenty:lavender":6,"minecraft:azure_bluet":1,"biomesoplenty:pink_cherry_leaves":1,"minecraft:white_banner":1,"solarcraft:void_lily":2,"biomesoplenty:jacaranda_planks":6,"minecraft:torch":6,"biomesoplenty:cherry_planks":1,"minecraft:poppy":1,"minecraft:chest":1,"minecraft:sugar_cane":24,"minecraft:wall_torch":2,"minecraft:birch_sapling":1,"minecraft:birch_log":17,"minecraft:wheat":25,"minecraft:lilac":10,"minecraft:tnt":2,"minecraft:grass":47,"biomesoplenty:clover":34,"biomesoplenty:cherry_stairs":5,"minecraft:beetroots":10,"minecraft:sand":11,"minecraft:dirt":186,"minecraft:piston":1,"minecraft:oak_leaves":2,"minecraft:stripped_birch_log":3,"solarcraft:crystal":1,"minecraft:birch_fence_gate":1,"minecraft:hay_block":5,"solarcraft:lensing_crystal_ore":1,"biomesoplenty:jacaranda_log":5,"minecraft:furnace":1,"minecraft:carrots":4,"minecraft:andesite":8,"evilcraft:dark_ore":1,"minecraft:peony":3,"minecraft:bookshelf":17,"minecraft:potatoes":36,"minecraft:lantern":2,"minecraft:bamboo":1,"minecraft:stone":479,"sophisticatedbackpacks:backpack":1,"minecraft:white_wool":6,"pfm:birch_chair":4,"pfm:birch_white_simple_bed":4,"minecraft:dandelion":1,"minecraft:crafting_table":1,"minecraft:rose_bush":1,"minecraft:tall_grass":5,"minecraft:copper_ore":25,"minecraft:spruce_stairs":2,"minecraft:birch_planks":16,"minecraft:beehive":1,"biomesoplenty:pink_daffodil":1,"minecraft:birch_leaves":1,"minecraft:white_wall_banner":1,"pfm:working_table":2,"pfm:birch_table_dinner":6,"k_turrets:titanium_ore":14,"minecraft:coal_ore":59,"minecraft:gravel":7,"minecraft:cobweb":33,"minecraft:stone_bricks":1,"minecraft:birch_fence":9},"minecraft:custom":{"minecraft:interact_with_crafting_table":60,"minecraft:open_barrel":5,"minecraft:leave_game":8,"minecraft:time_since_death":180342,"minecraft:sprint_one_cm":379260,"minecraft:drop":54,"minecraft:talked_to_villager":3,"minecraft:play_time":365366,"minecraft:deaths":1,"minecraft:jump":3291,"minecraft:walk_on_water_one_cm":52203,"minecraft:interact_with_furnace":41,"minecraft:stove_opened":18,"minecraft:sleep_in_bed":21,"minecraft:waystone_activated":2,"minecraft:damage_dealt":9286,"minecraft:player_kills":1,"minecraft:crouch_one_cm":73181,"minecraft:interact_with_smithing_table":1,"minecraft:mob_kills":58,"minecraft:climb_one_cm":15978,"minecraft:walk_one_cm":1347651,"minecraft:chair_used":2,"minecraft:sneak_time":25193,"minecraft:walk_under_water_one_cm":61820,"minecraft:boat_one_cm":22511,"minecraft:total_world_time":365366,"minecraft:time_since_rest":20481,"minecraft:damage_taken":2455,"minecraft:swim_one_cm":67469,"minecraft:fly_one_cm":571313,"minecraft:open_chest":212,"minecraft:fall_one_cm":70624},"minecraft:crafted":{"minecraft:black_dye":4,"biomesoplenty:cherry_planks":152,"minecraft:birch_boat":1,"minecraft:stone":10,"securitycraft:keypad_item":1,"minecraft:heavy_weighted_pressure_plate":1,"minecraft:cooked_mutton":6,"minecraft:glass":8,"minecraft:bow":1,"pfm:birch_chair":4,"minecraft:birch_fence_gate":1,"minecraft:chest":6,"minecraft:birch_door":3,"minecraft:stone_hoe":1,"minecraft:magenta_dye":14,"pfm:birch_table_dinner":4,"biomesoplenty:cherry_fence":36,"sophisticatedbackpacks:backpack":2,"biomesoplenty:jacaranda_planks":16,"minecraft:crafting_table":2,"minecraft:wooden_pickaxe":1,"minecraft:baked_potato":7,"minecraft:birch_planks":419,"biomesoplenty:cherry_fence_gate":2,"pfm:working_table":1,"minecraft:iron_chestplate":1,"minecraft:charcoal":15,"minecraft:birch_fence":9,"minecraft:stick":48,"minecraft:leather_chestplate":2,"minecraft:iron_ingot":33,"minecraft:iron_pickaxe":1,"minecraft:stone_shovel":6,"minecraft:leather_leggings":1,"minecraft:furnace":2,"minecraft:stone_button":8,"minecraft:pink_dye":6,"minecraft:glass_pane":16,"minecraft:flint_and_steel":1,"minecraft:iron_axe":1,"pfm:birch_white_simple_bed":1,"minecraft:stone_pickaxe":7,"alexsmobs:flying_fish_boots":1,"minecraft:dark_oak_planks":192,"minecraft:birch_sign":3,"minecraft:wheat":45,"sophisticatedbackpacks:iron_backpack":2,"minecraft:red_dye":2,"minecraft:bucket":1,"minecraft:stone_axe":1,"minecraft:bread":16,"minecraft:air":0,"pfm:iron_stove":1,"minecraft:wooden_axe":2,"biomesoplenty:cherry_slab":36,"minecraft:torch":24,"biomesoplenty:cherry_stairs":8},"minecraft:used":{"minecraft:writable_book":2,"minecraft:chest":7,"minecraft:iron_sword":227,"biomesoplenty:cherry_stairs":11,"securitycraft:keypad_item":1,"minecraft:carrot":5,"minecraft:beehive":1,"biomesoplenty:cherry_planks":3,"minecraft:birch_sapling":10,"pfm:iron_stove":1,"pfm:birch_table_dinner":8,"minecraft:bow":4,"minecraft:written_book":1,"pfm:birch_chair":8,"minecraft:furnace":2,"minecraft:beetroot_seeds":9,"minecraft:potato":37,"minecraft:stone_pickaxe":634,"minecraft:wooden_pickaxe":15,"minecraft:leather_chestplate":1,"minecraft:sugar_cane":9,"minecraft:white_wool":7,"minecraft:sand":1,"scalinghealth:cursed_heart":1,"biomesoplenty:jacaranda_planks":16,"minecraft:birch_fence":9,"sophisticatedbackpacks:backpack":3,"pfm:working_table":3,"minecraft:birch_fence_gate":1,"minecraft:bread":27,"biomesoplenty:cherry_slab":37,"biomesoplenty:cherry_fence_gate":1,"minecraft:andesite":3,"minecraft:warped_button":1,"minecraft:experience_bottle":2,"minecraft:stone_sword":5,"minecraft:armor_stand":1,"minecraft:stone_shovel":741,"minecraft:stone_hoe":31,"minecraft:cooked_chicken":1,"simpletomb:grave_key":1,"runecraft:rune_d":2,"minecraft:torch":36,"minecraft:dirt":909,"minecraft:spruce_stairs":2,"runecraft:rune_b":2,"minecraft:birch_door":1,"minecraft:wooden_axe":55,"runecraft:rune_g":5,"minecraft:iron_axe":19,"evilcraft:flesh_humanoid":1,"minecraft:cooked_beef":1,"minecraft:wheat_seeds":24,"minecraft:water_bucket":9,"runecraft:rune_q":2,"minecraft:birch_planks":229,"minecraft:baked_potato":1,"minecraft:birch_boat":1,"minecraft:tnt":1,"minecraft:crafting_table":3,"minecraft:birch_sign":2,"minecraft:white_bed":3,"minecraft:painting":1,"minecraft:apple":1,"biomesoplenty:cherry_fence":34,"minecraft:stone_axe":48,"minecraft:cobblestone":44,"minecraft:white_banner":2,"minecraft:bucket":10,"minecraft:glass_pane":4,"alexsmobs:animal_dictionary":2,"pfm:birch_white_simple_bed":5},"minecraft:broken":{"minecraft:stone_pickaxe":2,"minecraft:stone_axe":1,"minecraft:wooden_axe":2,"minecraft:stone_shovel":3,"minecraft:leather_helmet":1},"minecraft:killed":{"minecraft:spider":3,"minecraft:cod":1,"minecraft:skeleton":2,"alexsmobs:banana_slug":1,"minecraft:chicken":2,"minecraft:zombie_villager":1,"minecraft:creeper":1,"minecraft:sheep":7,"aquaculture:minnow":1,"minecraft:zombie":17,"alexsmobs:fly":1,"alexsmobs:komodo_dragon":1,"minecraft:cow":6,"alexsmobs:sugar_glider":1,"alexsmobs:flying_fish":4,"minecraft:squid":2,"evilcraft:poisonous_libelle":1,"alexsmobs:cockroach":1,"alexsmobs:crow":1,"minecraft:enderman":2},"minecraft:dropped":{"sophisticatedbackpacks:iron_backpack":1,"minecraft:iron_sword":1,"minecraft:birch_planks":73,"aquaculture:minnow":1,"minecraft:leather_helmet":6,"minecraft:item_frame":8,"minecraft:white_wool":3,"minecraft:bone":2,"minecraft:armor_stand":1,"minecraft:sugar_cane":2,"alexsmobs:animal_dictionary":1,"minecraft:birch_sapling":15,"minecraft:rotten_flesh":5,"patchouli:guide_book":1,"minecraft:chiseled_stone_bricks":1,"minecraft:leather_chestplate":2,"minecraft:leather_leggings":1,"minecraft:written_book":1,"minecraft:bread":3,"minecraft:wheat_seeds":9,"biomesoplenty:lavender":15,"minecraft:stick":1,"minecraft:zombie_head":1,"minecraft:paper":1,"minecraft:stone_sword":1,"minecraft:light_gray_wool":1,"minecraft:iron_boots":1,"sophisticatedbackpacks:backpack":1,"minecraft:stone_bricks":1,"minecraft:diamond_boots":1,"pfm:furniture_book":1,"minecraft:stone_pickaxe":2}},"DataVersion":3120}