{"stats":{"minecraft:broken":{"minecraft:stone_pickaxe":1,"minecraft:wooden_axe":2,"minecraft:stone_shovel":1},"minecraft:killed":{"minecraft:spider":3,"minecraft:skeleton":2,"alexsmobs:banana_slug":1,"minecraft:chicken":2,"minecraft:zombie_villager":1,"minecraft:squid":2,"minecraft:creeper":1,"minecraft:sheep":7,"aquaculture:minnow":1,"minecraft:zombie":14,"evilcraft:poisonous_libelle":1,"alexsmobs:cockroach":1,"alexsmobs:fly":1,"alexsmobs:komodo_dragon":1,"minecraft:enderman":1,"minecraft:cow":6},"minecraft:picked_up":{"minecraft:charcoal":7,"minecraft:crafting_table":1,"minecraft:wheat":13,"minecraft:chicken":1,"minecraft:leather_leggings":4,"minecraft:enchanted_book":1,"pfm:birch_table_dinner":6,"biomesoplenty:cherry_slab":4,"minecraft:zombie_head":2,"minecraft:string":40,"minecraft:raw_copper":57,"evilcraft:poison_sac":1,"minecraft:item_frame":8,"minecraft:armor_stand":9,"minecraft:white_carpet":2,"minecraft:experience_bottle":2,"minecraft:beetroot":4,"alexsmobs:komodo_spit":1,"minecraft:beef":13,"minecraft:rose_bush":1,"minecraft:egg":1,"minecraft:written_book":1,"minecraft:light_gray_wool":2,"minecraft:spruce_slab":1,"minecraft:spruce_trapdoor":3,"biomesoplenty:cherry_planks":1,"minecraft:furnace":1,"minecraft:sugar_cane":9,"minecraft:chest":2,"minecraft:birch_sapling":42,"minecraft:piston":1,"minecraft:iron_boots":4,"minecraft:beehive":1,"minecraft:stick":26,"minecraft:raw_iron":33,"pfm:birch_chair":4,"minecraft:torch":7,"minecraft:spruce_stairs":3,"sophisticatedbackpacks:backpack":1,"minecraft:spruce_fence":1,"minecraft:stone_button":1,"minecraft:warped_button":1,"minecraft:carrot":1,"minecraft:tnt":2,"minecraft:stone_sword":1,"minecraft:arrow":4,"minecraft:rotten_flesh":18,"biomesoplenty:jacaranda_log":4,"minecraft:beetroot_seeds":12,"k_turrets:raw_titanium":10,"minecraft:diamond_boots":2,"minecraft:hay_block":5,"pfm:working_table":2,"runecraft:rune_b":1,"biomesoplenty:pink_cherry_sapling":1,"minecraft:mutton":12,"minecraft:white_wool":13,"minecraft:cobblestone":146,"biomesoplenty:lavender":15,"minecraft:birch_log":107,"minecraft:leather_chestplate":3,"minecraft:cooked_beef":1,"minecraft:lilac":6,"minecraft:andesite":7,"minecraft:leather":16,"minecraft:potato":25,"minecraft:birch_planks":82,"minecraft:flint":1,"scalinghealth:bandages":1,"biomesoplenty:jacaranda_planks":6,"minecraft:gunpowder":1,"minecraft:stripped_birch_log":3,"minecraft:dirt":262,"minecraft:paper":1,"minecraft:lantern":2,"minecraft:white_banner":3,"runecraft:rune_q":1,"minecraft:bone":4,"minecraft:stone_bricks":1,"minecraft:bow":2,"minecraft:wheat_seeds":37,"minecraft:iron_ingot":4,"minecraft:stone_pickaxe":1,"minecraft:cooked_chicken":1,"aquaculture:minnow":2,"minecraft:bamboo":14,"solarcraft:empty_crystal":2,"minecraft:iron_sword":2,"biomesoplenty:cherry_log":15,"runecraft:rune_g":1,"minecraft:book":52,"scalinghealth:heart_crystal_shard":3,"minecraft:chiseled_stone_bricks":1,"minecraft:poisonous_potato":1,"minecraft:gravel":15,"pfm:birch_white_simple_bed":4,"minecraft:sand":11,"sophisticatedbackpacks:iron_backpack":1,"minecraft:ink_sac":4,"minecraft:white_bed":4,"minecraft:grass_block":1,"minecraft:spider_eye":1,"minecraft:leather_helmet":7,"solarcraft:void_dust":6,"waystones:waystone":1,"minecraft:writable_book":1,"minecraft:emerald":1,"evilcraft:dark_gem":5,"minecraft:painting":1,"minecraft:granite":13,"minecraft:bone_meal":1,"scalinghealth:cursed_heart":1,"biomesoplenty:cherry_stairs":5,"biomesoplenty:pink_daffodil":1,"minecraft:coal":59,"runecraft:rune_d":1,"minecraft:ender_pearl":1},"minecraft:mined":{"minecraft:white_bed":4,"solarcraft:crystal":1,"minecraft:jungle_leaves":1,"minecraft:stripped_birch_log":3,"minecraft:granite":13,"sophisticatedbackpacks:iron_backpack":1,"minecraft:grass_block":224,"biomesoplenty:cherry_slab":4,"minecraft:chiseled_stone_bricks":1,"minecraft:hay_block":5,"solarcraft:lensing_crystal_ore":1,"minecraft:tall_seagrass":3,"biomesoplenty:jacaranda_log":5,"minecraft:furnace":1,"minecraft:carrots":1,"minecraft:iron_ore":33,"minecraft:fire":3,"biomesoplenty:lavender":6,"minecraft:andesite":8,"evilcraft:dark_ore":1,"minecraft:azure_bluet":1,"minecraft:bookshelf":17,"minecraft:potatoes":7,"minecraft:lantern":2,"minecraft:bamboo":1,"sophisticatedbackpacks:backpack":1,"minecraft:stone":145,"minecraft:white_banner":1,"minecraft:white_wool":6,"pfm:birch_chair":4,"solarcraft:void_lily":2,"pfm:birch_white_simple_bed":4,"biomesoplenty:jacaranda_planks":6,"minecraft:dandelion":1,"minecraft:torch":4,"minecraft:crafting_table":1,"biomesoplenty:cherry_planks":1,"minecraft:poppy":1,"minecraft:chest":1,"minecraft:rose_bush":1,"minecraft:copper_ore":17,"minecraft:tall_grass":5,"minecraft:sugar_cane":4,"minecraft:wall_torch":2,"minecraft:spruce_stairs":2,"minecraft:birch_planks":16,"minecraft:beehive":1,"minecraft:birch_log":17,"minecraft:wheat":10,"biomesoplenty:pink_daffodil":1,"minecraft:lilac":5,"minecraft:white_wall_banner":1,"minecraft:birch_leaves":1,"minecraft:tnt":2,"pfm:birch_table_dinner":6,"pfm:working_table":2,"minecraft:grass":32,"k_turrets:titanium_ore":10,"biomesoplenty:cherry_stairs":5,"biomesoplenty:clover":26,"minecraft:coal_ore":59,"minecraft:beetroots":4,"minecraft:gravel":7,"minecraft:sand":11,"minecraft:dirt":21,"minecraft:cobweb":33,"minecraft:stone_bricks":1,"minecraft:piston":1,"minecraft:oak_leaves":2},"minecraft:custom":{"minecraft:interact_with_smithing_table":1,"minecraft:mob_kills":47,"minecraft:interact_with_crafting_table":44,"minecraft:open_barrel":5,"minecraft:leave_game":6,"minecraft:time_since_death":54789,"minecraft:climb_one_cm":14282,"minecraft:sprint_one_cm":293555,"minecraft:walk_one_cm":888980,"minecraft:drop":50,"minecraft:chair_used":2,"minecraft:talked_to_villager":3,"minecraft:play_time":239813,"minecraft:deaths":1,"minecraft:sneak_time":14714,"minecraft:walk_under_water_one_cm":11720,"minecraft:jump":2315,"minecraft:walk_on_water_one_cm":23477,"minecraft:total_world_time":239813,"minecraft:interact_with_furnace":41,"minecraft:stove_opened":13,"minecraft:sleep_in_bed":13,"minecraft:time_since_rest":1302,"minecraft:waystone_activated":1,"minecraft:damage_taken":2026,"minecraft:damage_dealt":7179,"minecraft:swim_one_cm":40655,"minecraft:fly_one_cm":305608,"minecraft:open_chest":150,"minecraft:crouch_one_cm":36345,"minecraft:fall_one_cm":53564},"minecraft:dropped":{"sophisticatedbackpacks:iron_backpack":1,"minecraft:bread":3,"minecraft:iron_sword":1,"minecraft:birch_planks":73,"minecraft:wheat_seeds":1,"biomesoplenty:lavender":15,"aquaculture:minnow":1,"minecraft:leather_helmet":6,"minecraft:stick":1,"minecraft:item_frame":8,"minecraft:zombie_head":1,"minecraft:paper":1,"minecraft:white_wool":3,"minecraft:armor_stand":1,"minecraft:bone":2,"minecraft:stone_sword":1,"alexsmobs:animal_dictionary":1,"minecraft:birch_sapling":15,"minecraft:rotten_flesh":5,"minecraft:light_gray_wool":1,"minecraft:iron_boots":1,"patchouli:guide_book":1,"minecraft:chiseled_stone_bricks":1,"minecraft:leather_chestplate":2,"minecraft:leather_leggings":1,"minecraft:stone_bricks":1,"pfm:furniture_book":1,"minecraft:diamond_boots":1,"minecraft:stone_pickaxe":1,"minecraft:written_book":1},"minecraft:killed_by":{"alexsmobs:crocodile":1},"minecraft:used":{"minecraft:writable_book":2,"minecraft:stone_sword":5,"minecraft:armor_stand":1,"minecraft:stone_shovel":138,"minecraft:chest":7,"minecraft:iron_sword":173,"biomesoplenty:cherry_stairs":11,"minecraft:stone_hoe":31,"simpletomb:grave_key":1,"runecraft:rune_d":1,"minecraft:torch":23,"minecraft:dirt":37,"securitycraft:keypad_item":1,"minecraft:spruce_stairs":2,"runecraft:rune_b":1,"minecraft:carrot":1,"minecraft:beehive":1,"minecraft:birch_door":1,"minecraft:wooden_axe":55,"runecraft:rune_g":4,"biomesoplenty:cherry_planks":3,"minecraft:birch_sapling":10,"pfm:birch_table_dinner":8,"pfm:iron_stove":1,"minecraft:bow":4,"minecraft:written_book":1,"pfm:birch_chair":8,"minecraft:furnace":2,"minecraft:beetroot_seeds":6,"minecraft:potato":24,"minecraft:wheat_seeds":19,"minecraft:water_bucket":8,"runecraft:rune_q":1,"minecraft:birch_planks":191,"minecraft:stone_pickaxe":286,"minecraft:wooden_pickaxe":15,"minecraft:leather_chestplate":1,"minecraft:sugar_cane":9,"minecraft:white_wool":7,"minecraft:sand":1,"minecraft:tnt":1,"minecraft:crafting_table":3,"minecraft:birch_sign":2,"scalinghealth:cursed_heart":1,"minecraft:white_bed":3,"minecraft:painting":1,"biomesoplenty:jacaranda_planks":16,"sophisticatedbackpacks:backpack":1,"minecraft:apple":1,"pfm:working_table":3,"biomesoplenty:cherry_fence":4,"minecraft:bread":26,"biomesoplenty:cherry_slab":37,"minecraft:stone_axe":48,"minecraft:cobblestone":44,"minecraft:white_banner":2,"minecraft:andesite":3,"minecraft:bucket":9,"minecraft:glass_pane":4,"alexsmobs:animal_dictionary":2,"pfm:birch_white_simple_bed":5,"minecraft:warped_button":1,"minecraft:experience_bottle":2},"minecraft:crafted":{"minecraft:black_dye":4,"biomesoplenty:cherry_planks":60,"minecraft:stone_shovel":1,"minecraft:leather_leggings":1,"minecraft:furnace":2,"minecraft:stone_button":8,"minecraft:stone":10,"securitycraft:keypad_item":1,"minecraft:heavy_weighted_pressure_plate":1,"minecraft:cooked_mutton":6,"minecraft:glass_pane":16,"minecraft:flint_and_steel":1,"minecraft:glass":8,"minecraft:bow":1,"pfm:birch_chair":4,"pfm:birch_white_simple_bed":1,"minecraft:stone_pickaxe":5,"minecraft:chest":6,"minecraft:birch_door":3,"minecraft:stone_hoe":1,"minecraft:magenta_dye":10,"pfm:birch_table_dinner":4,"minecraft:birch_sign":3,"sophisticatedbackpacks:iron_backpack":2,"minecraft:wheat":45,"biomesoplenty:cherry_fence":6,"minecraft:red_dye":2,"sophisticatedbackpacks:backpack":2,"biomesoplenty:jacaranda_planks":16,"minecraft:crafting_table":2,"minecraft:wooden_pickaxe":1,"minecraft:baked_potato":7,"minecraft:bucket":1,"minecraft:birch_planks":323,"minecraft:stone_axe":1,"minecraft:bread":16,"minecraft:air":0,"pfm:working_table":1,"minecraft:charcoal":15,"minecraft:birch_fence":3,"minecraft:stick":12,"pfm:iron_stove":1,"minecraft:iron_ingot":33,"minecraft:leather_chestplate":2,"minecraft:iron_pickaxe":1,"minecraft:wooden_axe":2,"biomesoplenty:cherry_slab":36,"minecraft:torch":16,"biomesoplenty:cherry_stairs":8}},"DataVersion":3120}