{"stats":{"minecraft:broken":{"minecraft:stone_pickaxe":3,"minecraft:stone_axe":1,"minecraft:iron_sword":1,"minecraft:wooden_axe":2,"minecraft:stone_shovel":4,"minecraft:leather_helmet":1,"minecraft:iron_axe":1},"minecraft:killed":{"minecraft:witch":2,"minecraft:spider":5,"minecraft:cod":1,"minecraft:skeleton":3,"alexsmobs:banana_slug":1,"minecraft:chicken":2,"alexsmobs:grizzly_bear":2,"minecraft:zombie_villager":1,"minecraft:creeper":2,"minecraft:sheep":7,"aquaculture:minnow":1,"minecraft:zombie":21,"alexsmobs:fly":1,"alexsmobs:komodo_dragon":1,"minecraft:cow":6,"alexsmobs:sugar_glider":1,"alexsmobs:flying_fish":4,"minecraft:squid":2,"evilcraft:poisonous_libelle":1,"alexsmobs:cockroach":1,"alexsmobs:crow":1,"minecraft:enderman":2},"minecraft:picked_up":{"minecraft:wheat":22,"minecraft:enchanted_book":1,"pfm:birch_table_dinner":6,"minecraft:string":40,"minecraft:raw_copper":90,"minecraft:armor_stand":9,"minecraft:zombie_head":2,"minecraft:experience_bottle":2,"minecraft:beetroot":18,"minecraft:spruce_planks":1,"minecraft:rose_bush":1,"minecraft:written_book":1,"minecraft:iron_boots":5,"minecraft:furnace":1,"minecraft:beehive":1,"minecraft:stick":71,"minecraft:torch":30,"minecraft:spruce_stairs":3,"minecraft:warped_button":1,"minecraft:stone_sword":1,"minecraft:rotten_flesh":25,"runecraft:rune_b":2,"biomesoplenty:pink_cherry_sapling":12,"minecraft:cod":2,"alexsmobs:flying_fish":4,"minecraft:cobblestone":606,"biomesoplenty:lavender":15,"minecraft:birch_log":245,"minecraft:leather_chestplate":3,"minecraft:cooked_beef":1,"minecraft:feather":1,"minecraft:lilac":11,"minecraft:andesite":7,"minecraft:potato":137,"minecraft:flint":1,"minecraft:stripped_birch_log":3,"minecraft:dirt":987,"minecraft:lantern":3,"runecraft:rune_q":2,"minecraft:bone":6,"minecraft:bow":2,"minecraft:wheat_seeds":77,"minecraft:mossy_stone_bricks":1,"minecraft:glowstone_dust":1,"minecraft:bamboo":233,"solarcraft:empty_crystal":2,"biomesoplenty:cherry_log":38,"runecraft:rune_g":2,"minecraft:poisonous_potato":1,"minecraft:birch_fence_gate":1,"minecraft:sand":202,"biomesoplenty:white_cherry_sapling":4,"sophisticatedbackpacks:iron_backpack":2,"minecraft:ink_sac":4,"minecraft:grass_block":2,"minecraft:lily_of_the_valley":2,"minecraft:dark_oak_log":48,"minecraft:sugar":2,"waystones:waystone":2,"minecraft:writable_book":1,"minecraft:granite":13,"minecraft:bone_meal":1,"minecraft:emerald":1,"scalinghealth:cursed_heart":1,"biomesoplenty:pink_daffodil":1,"minecraft:fishing_rod":1,"minecraft:charcoal":7,"minecraft:crafting_table":1,"minecraft:chicken":1,"minecraft:ladder":12,"minecraft:leather_leggings":4,"biomesoplenty:cherry_slab":4,"evilcraft:poison_sac":1,"minecraft:item_frame":8,"minecraft:white_carpet":2,"minecraft:birch_fence":9,"alexsmobs:komodo_spit":1,"minecraft:cracked_stone_bricks":1,"minecraft:beef":13,"minecraft:spruce_slab":1,"minecraft:light_gray_wool":2,"biomesoplenty:cherry_planks":1,"minecraft:sugar_cane":51,"minecraft:chest":5,"minecraft:birch_sapling":79,"minecraft:piston":1,"minecraft:spruce_trapdoor":3,"minecraft:egg":1,"minecraft:dark_oak_sapling":1,"minecraft:raw_iron":33,"pfm:birch_chair":4,"sophisticatedbackpacks:backpack":2,"minecraft:spruce_fence":1,"aquaculture:perch":2,"minecraft:stone_button":1,"minecraft:carrot":11,"minecraft:redstone":2,"minecraft:prismarine_crystals":11,"minecraft:dark_oak_planks":1,"minecraft:tnt":2,"minecraft:arrow":4,"biomesoplenty:jacaranda_log":4,"minecraft:beetroot_seeds":52,"minecraft:peony":3,"k_turrets:raw_titanium":14,"minecraft:diamond_boots":2,"minecraft:hay_block":5,"pfm:working_table":2,"minecraft:mutton":12,"minecraft:white_wool":13,"minecraft:salmon":1,"minecraft:leather":16,"minecraft:birch_planks":91,"scalinghealth:bandages":3,"biomesoplenty:jacaranda_planks":6,"minecraft:gunpowder":1,"minecraft:paper":1,"minecraft:white_banner":3,"minecraft:stone_bricks":1,"minecraft:iron_ingot":4,"minecraft:stone_pickaxe":2,"minecraft:cooked_chicken":1,"aquaculture:minnow":2,"minecraft:iron_sword":2,"minecraft:book":52,"aquaculture:smallmouth_bass":1,"scalinghealth:heart_crystal_shard":3,"minecraft:chiseled_stone_bricks":1,"minecraft:gravel":16,"pfm:birch_white_simple_bed":4,"minecraft:white_bed":4,"minecraft:spider_eye":2,"minecraft:leather_helmet":7,"solarcraft:void_dust":6,"minecraft:chainmail_leggings":1,"evilcraft:dark_gem":5,"minecraft:painting":1,"biomesoplenty:cherry_fence":2,"biomesoplenty:cherry_stairs":5,"minecraft:coal":59,"runecraft:rune_d":2,"minecraft:ender_pearl":1},"minecraft:mined":{"minecraft:dark_oak_planks":1,"minecraft:spruce_planks":1,"minecraft:white_bed":4,"minecraft:jungle_leaves":1,"minecraft:granite":13,"minecraft:grass_block":773,"sophisticatedbackpacks:iron_backpack":1,"biomesoplenty:cherry_slab":4,"minecraft:chiseled_stone_bricks":1,"minecraft:tall_seagrass":3,"minecraft:iron_ore":33,"minecraft:fire":3,"biomesoplenty:lavender":6,"minecraft:azure_bluet":1,"biomesoplenty:pink_cherry_leaves":1,"minecraft:white_banner":1,"solarcraft:void_lily":2,"biomesoplenty:jacaranda_planks":6,"minecraft:torch":7,"biomesoplenty:cherry_planks":1,"minecraft:poppy":1,"minecraft:chest":4,"minecraft:sugar_cane":37,"minecraft:wall_torch":17,"minecraft:birch_sapling":3,"minecraft:birch_log":17,"minecraft:wheat":25,"minecraft:lilac":10,"minecraft:tnt":2,"minecraft:grass":50,"biomesoplenty:clover":34,"biomesoplenty:cherry_stairs":5,"minecraft:beetroots":24,"minecraft:sand":202,"minecraft:dirt":219,"minecraft:piston":1,"minecraft:oak_leaves":2,"minecraft:stripped_birch_log":3,"solarcraft:crystal":1,"minecraft:sea_lantern":5,"minecraft:birch_fence_gate":1,"minecraft:ladder":4,"biomesoplenty:cherry_fence":2,"minecraft:hay_block":5,"solarcraft:lensing_crystal_ore":1,"biomesoplenty:jacaranda_log":5,"minecraft:furnace":1,"minecraft:carrots":5,"minecraft:andesite":8,"evilcraft:dark_ore":1,"minecraft:peony":3,"minecraft:bookshelf":17,"minecraft:potatoes":56,"minecraft:lantern":3,"minecraft:bamboo":41,"minecraft:stone":609,"sophisticatedbackpacks:backpack":1,"minecraft:white_wool":6,"pfm:birch_chair":4,"pfm:birch_white_simple_bed":4,"minecraft:dandelion":1,"minecraft:crafting_table":1,"minecraft:rose_bush":1,"minecraft:tall_grass":5,"minecraft:copper_ore":27,"minecraft:spruce_stairs":2,"minecraft:birch_planks":25,"minecraft:beehive":1,"biomesoplenty:pink_daffodil":1,"minecraft:birch_leaves":1,"minecraft:white_wall_banner":1,"pfm:working_table":2,"pfm:birch_table_dinner":6,"k_turrets:titanium_ore":14,"minecraft:coal_ore":59,"minecraft:gravel":8,"minecraft:cobweb":33,"minecraft:cracked_stone_bricks":1,"minecraft:stone_bricks":1,"minecraft:mossy_stone_bricks":1,"minecraft:birch_fence":9},"minecraft:custom":{"minecraft:interact_with_crafting_table":79,"minecraft:open_barrel":5,"minecraft:leave_game":8,"minecraft:time_since_death":78296,"minecraft:sprint_one_cm":441773,"minecraft:damage_blocked_by_shield":607,"minecraft:drop":55,"minecraft:talked_to_villager":3,"minecraft:play_time":450382,"minecraft:deaths":2,"minecraft:jump":3995,"minecraft:walk_on_water_one_cm":75602,"minecraft:interact_with_furnace":58,"minecraft:stove_opened":25,"minecraft:sleep_in_bed":27,"minecraft:waystone_activated":4,"minecraft:damage_dealt":15052,"minecraft:player_kills":1,"minecraft:crouch_one_cm":87952,"minecraft:interact_with_smithing_table":1,"minecraft:mob_kills":71,"minecraft:damage_dealt_resisted":532,"minecraft:climb_one_cm":22668,"minecraft:walk_one_cm":1726312,"minecraft:chair_used":2,"minecraft:damage_dealt_absorbed":119,"minecraft:sneak_time":31275,"minecraft:walk_under_water_one_cm":118169,"minecraft:boat_one_cm":22511,"minecraft:total_world_time":450382,"minecraft:time_since_rest":46769,"minecraft:damage_taken":3772,"minecraft:swim_one_cm":92973,"minecraft:fly_one_cm":688306,"minecraft:open_chest":297,"minecraft:fish_caught":5,"minecraft:fall_one_cm":79849},"minecraft:dropped":{"sophisticatedbackpacks:iron_backpack":1,"minecraft:iron_sword":1,"minecraft:birch_planks":73,"aquaculture:minnow":1,"minecraft:leather_helmet":6,"minecraft:item_frame":8,"minecraft:white_wool":3,"minecraft:bone":2,"minecraft:armor_stand":1,"minecraft:sugar_cane":2,"alexsmobs:animal_dictionary":1,"minecraft:birch_sapling":15,"minecraft:rotten_flesh":5,"patchouli:guide_book":1,"minecraft:chiseled_stone_bricks":1,"minecraft:leather_chestplate":2,"minecraft:beetroot_seeds":1,"minecraft:leather_leggings":1,"minecraft:written_book":1,"minecraft:bread":3,"minecraft:wheat_seeds":9,"biomesoplenty:lavender":15,"minecraft:stick":1,"minecraft:zombie_head":1,"minecraft:paper":1,"minecraft:stone_sword":1,"minecraft:light_gray_wool":1,"minecraft:iron_boots":1,"sophisticatedbackpacks:backpack":1,"minecraft:stone_bricks":1,"pfm:furniture_book":1,"minecraft:diamond_boots":1,"minecraft:stone_pickaxe":2},"minecraft:killed_by":{"alexsmobs:crocodile":1,"alexsmobs:grizzly_bear":1},"minecraft:used":{"minecraft:writable_book":2,"minecraft:ladder":8,"minecraft:chest":16,"minecraft:shield":16,"minecraft:stone":2,"minecraft:iron_sword":231,"biomesoplenty:cherry_stairs":11,"securitycraft:keypad_item":1,"minecraft:carrot":14,"minecraft:beehive":1,"minecraft:glass":65,"biomesoplenty:cherry_planks":3,"minecraft:lantern":7,"minecraft:birch_sapling":10,"pfm:iron_stove":1,"pfm:birch_table_dinner":8,"minecraft:bow":4,"minecraft:written_book":1,"pfm:birch_chair":8,"minecraft:furnace":3,"minecraft:cooked_cod":1,"minecraft:beetroot_seeds":37,"minecraft:potato":75,"minecraft:mossy_stone_bricks":1,"minecraft:stone_pickaxe":653,"minecraft:wooden_pickaxe":15,"minecraft:leather_chestplate":1,"minecraft:sugar_cane":9,"minecraft:white_wool":7,"minecraft:sand":1,"scalinghealth:cursed_heart":1,"biomesoplenty:jacaranda_planks":16,"minecraft:birch_fence":9,"waystones:waystone":2,"sophisticatedbackpacks:backpack":4,"pfm:working_table":3,"minecraft:birch_fence_gate":1,"minecraft:bread":30,"biomesoplenty:cherry_slab":37,"biomesoplenty:cherry_fence_gate":3,"minecraft:andesite":3,"minecraft:warped_button":1,"minecraft:experience_bottle":2,"sophisticatedbackpacks:iron_backpack":3,"minecraft:stone_sword":5,"minecraft:armor_stand":1,"minecraft:stone_shovel":960,"minecraft:stone_hoe":66,"minecraft:cooked_chicken":1,"simpletomb:grave_key":2,"runecraft:rune_d":3,"minecraft:torch":52,"minecraft:dirt":947,"minecraft:spruce_stairs":2,"runecraft:rune_b":3,"minecraft:birch_door":1,"minecraft:wooden_axe":55,"runecraft:rune_g":6,"minecraft:iron_axe":114,"evilcraft:flesh_humanoid":1,"minecraft:bamboo":27,"minecraft:cooked_beef":1,"minecraft:wheat_seeds":24,"minecraft:water_bucket":31,"runecraft:rune_q":3,"minecraft:birch_planks":714,"minecraft:baked_potato":4,"minecraft:birch_boat":1,"minecraft:tnt":1,"minecraft:crafting_table":3,"minecraft:birch_sign":2,"minecraft:white_bed":3,"minecraft:painting":1,"minecraft:apple":1,"biomesoplenty:cherry_fence":50,"minecraft:iron_pickaxe":125,"minecraft:stone_axe":102,"minecraft:fishing_rod":6,"minecraft:cobblestone":48,"minecraft:white_banner":2,"minecraft:bucket":31,"minecraft:glass_pane":4,"alexsmobs:animal_dictionary":2,"pfm:birch_white_simple_bed":5},"minecraft:crafted":{"minecraft:black_dye":4,"biomesoplenty:cherry_planks":152,"minecraft:birch_boat":1,"minecraft:stone":10,"securitycraft:keypad_item":1,"minecraft:heavy_weighted_pressure_plate":1,"minecraft:cooked_mutton":6,"minecraft:glass":72,"minecraft:bow":1,"pfm:birch_chair":4,"minecraft:birch_fence_gate":1,"minecraft:chest":12,"minecraft:birch_door":3,"minecraft:stone_hoe":1,"minecraft:magenta_dye":14,"pfm:birch_table_dinner":4,"biomesoplenty:cherry_fence":51,"sophisticatedbackpacks:backpack":2,"biomesoplenty:jacaranda_planks":16,"minecraft:crafting_table":2,"minecraft:wooden_pickaxe":1,"minecraft:baked_potato":19,"minecraft:birch_planks":919,"biomesoplenty:cherry_fence_gate":4,"pfm:working_table":1,"minecraft:iron_chestplate":1,"minecraft:charcoal":15,"minecraft:shield":1,"minecraft:birch_fence":9,"minecraft:stick":156,"minecraft:leather_chestplate":2,"minecraft:iron_ingot":33,"minecraft:iron_pickaxe":1,"minecraft:stone_shovel":9,"minecraft:leather_leggings":1,"minecraft:iron_nugget":36,"minecraft:furnace":3,"minecraft:stone_button":8,"minecraft:pink_dye":6,"minecraft:glass_pane":16,"minecraft:flint_and_steel":1,"minecraft:lantern":4,"minecraft:iron_axe":2,"pfm:birch_white_simple_bed":1,"minecraft:stone_pickaxe":7,"alexsmobs:flying_fish_boots":1,"minecraft:dark_oak_planks":192,"minecraft:birch_sign":3,"minecraft:wheat":45,"sophisticatedbackpacks:iron_backpack":2,"minecraft:red_dye":2,"minecraft:cooked_cod":1,"evilcraft:dark_tank":1,"minecraft:iron_sword":1,"minecraft:bucket":1,"minecraft:stone_axe":2,"minecraft:bread":19,"minecraft:air":0,"pfm:iron_stove":1,"minecraft:wooden_axe":2,"biomesoplenty:cherry_slab":36,"minecraft:torch":36,"biomesoplenty:cherry_stairs":8}},"DataVersion":3120}