{"stats":{"minecraft:mined":{"minecraft:white_bed":4,"minecraft:stripped_birch_log":3,"minecraft:granite":12,"minecraft:grass_block":215,"biomesoplenty:cherry_slab":4,"solarcraft:lensing_crystal_ore":1,"minecraft:hay_block":5,"biomesoplenty:jacaranda_log":5,"minecraft:carrots":1,"minecraft:iron_ore":3,"minecraft:fire":3,"biomesoplenty:lavender":6,"minecraft:andesite":2,"minecraft:azure_bluet":1,"minecraft:stone":91,"minecraft:white_wool":3,"pfm:birch_white_simple_bed":1,"biomesoplenty:jacaranda_planks":6,"minecraft:dandelion":1,"minecraft:crafting_table":1,"minecraft:torch":4,"biomesoplenty:cherry_planks":1,"minecraft:poppy":1,"minecraft:chest":1,"minecraft:copper_ore":17,"minecraft:tall_grass":5,"minecraft:wall_torch":2,"minecraft:spruce_stairs":2,"minecraft:birch_planks":15,"minecraft:birch_log":17,"minecraft:wheat":1,"minecraft:birch_leaves":1,"pfm:working_table":1,"pfm:birch_table_dinner":3,"biomesoplenty:clover":10,"minecraft:grass":12,"biomesoplenty:cherry_stairs":5,"minecraft:coal_ore":20,"minecraft:beetroots":1,"minecraft:gravel":7,"minecraft:dirt":20},"minecraft:custom":{"minecraft:interact_with_smithing_table":1,"minecraft:mob_kills":17,"minecraft:interact_with_crafting_table":32,"minecraft:open_barrel":1,"minecraft:leave_game":2,"minecraft:time_since_death":107325,"minecraft:climb_one_cm":4058,"minecraft:sprint_one_cm":101898,"minecraft:walk_one_cm":469384,"minecraft:drop":39,"minecraft:play_time":107325,"minecraft:sneak_time":6526,"minecraft:walk_under_water_one_cm":869,"minecraft:jump":772,"minecraft:walk_on_water_one_cm":4868,"minecraft:total_world_time":107325,"minecraft:interact_with_furnace":23,"minecraft:sleep_in_bed":6,"minecraft:time_since_rest":15924,"minecraft:damage_taken":1021,"minecraft:damage_dealt":2352,"minecraft:swim_one_cm":6608,"minecraft:fly_one_cm":78389,"minecraft:open_chest":65,"minecraft:crouch_one_cm":19103,"minecraft:fall_one_cm":17325},"minecraft:broken":{"minecraft:stone_pickaxe":1,"minecraft:wooden_axe":2,"minecraft:stone_shovel":1},"minecraft:killed":{"minecraft:spider":1,"minecraft:skeleton":2,"alexsmobs:banana_slug":1,"minecraft:sheep":4,"minecraft:zombie":5,"alexsmobs:fly":1,"alexsmobs:komodo_dragon":1},"minecraft:used":{"minecraft:stone_sword":5,"minecraft:armor_stand":1,"minecraft:stone_shovel":138,"minecraft:chest":5,"minecraft:iron_sword":48,"biomesoplenty:cherry_stairs":11,"minecraft:torch":17,"minecraft:dirt":29,"securitycraft:keypad_item":1,"minecraft:spruce_stairs":2,"minecraft:birch_door":1,"minecraft:wooden_axe":55,"biomesoplenty:cherry_planks":3,"minecraft:birch_sapling":10,"pfm:birch_table_dinner":4,"minecraft:bow":1,"minecraft:furnace":1,"minecraft:water_bucket":6,"minecraft:birch_planks":183,"minecraft:stone_pickaxe":132,"minecraft:leather_chestplate":1,"minecraft:wooden_pickaxe":15,"minecraft:white_wool":7,"minecraft:crafting_table":3,"scalinghealth:cursed_heart":1,"minecraft:white_bed":3,"biomesoplenty:jacaranda_planks":16,"pfm:working_table":2,"biomesoplenty:cherry_fence":4,"minecraft:bread":13,"biomesoplenty:cherry_slab":37,"minecraft:stone_axe":15,"minecraft:cobblestone":6,"minecraft:bucket":6,"alexsmobs:animal_dictionary":2,"pfm:birch_white_simple_bed":2,"minecraft:experience_bottle":2},"minecraft:picked_up":{"minecraft:crafting_table":1,"minecraft:wheat":4,"minecraft:leather_leggings":4,"minecraft:enchanted_book":1,"pfm:birch_table_dinner":3,"biomesoplenty:cherry_slab":4,"minecraft:string":1,"minecraft:raw_copper":57,"minecraft:white_carpet":2,"minecraft:armor_stand":9,"minecraft:item_frame":8,"minecraft:experience_bottle":2,"alexsmobs:komodo_spit":1,"minecraft:beetroot":1,"minecraft:light_gray_wool":2,"minecraft:spruce_slab":1,"biomesoplenty:cherry_planks":1,"minecraft:chest":1,"minecraft:birch_sapling":42,"minecraft:spruce_trapdoor":3,"minecraft:iron_boots":4,"minecraft:raw_iron":3,"minecraft:stick":26,"minecraft:torch":7,"minecraft:spruce_stairs":3,"minecraft:spruce_fence":1,"minecraft:stone_button":1,"minecraft:carrot":1,"minecraft:stone_sword":1,"minecraft:arrow":4,"biomesoplenty:jacaranda_log":4,"minecraft:rotten_flesh":6,"minecraft:beetroot_seeds":3,"minecraft:diamond_boots":2,"minecraft:hay_block":5,"pfm:working_table":1,"biomesoplenty:pink_cherry_sapling":1,"minecraft:mutton":6,"minecraft:cobblestone":92,"minecraft:white_wool":7,"biomesoplenty:lavender":15,"minecraft:birch_log":107,"minecraft:leather_chestplate":3,"minecraft:cooked_beef":1,"minecraft:andesite":2,"minecraft:birch_planks":81,"minecraft:flint":1,"biomesoplenty:jacaranda_planks":6,"minecraft:paper":1,"minecraft:dirt":252,"minecraft:stripped_birch_log":3,"minecraft:white_banner":1,"minecraft:bone":4,"minecraft:bow":2,"minecraft:wheat_seeds":10,"minecraft:stone_pickaxe":1,"minecraft:iron_ingot":4,"minecraft:cooked_chicken":1,"biomesoplenty:cherry_log":15,"minecraft:iron_sword":1,"minecraft:book":1,"minecraft:gravel":15,"pfm:birch_white_simple_bed":1,"minecraft:white_bed":4,"minecraft:leather_helmet":7,"minecraft:writable_book":1,"minecraft:granite":12,"scalinghealth:cursed_heart":1,"biomesoplenty:cherry_stairs":5,"minecraft:coal":20},"minecraft:crafted":{"biomesoplenty:cherry_planks":60,"minecraft:stone_shovel":1,"minecraft:stone_button":8,"minecraft:furnace":1,"minecraft:stone":10,"securitycraft:keypad_item":1,"minecraft:heavy_weighted_pressure_plate":1,"minecraft:flint_and_steel":1,"pfm:birch_white_simple_bed":1,"minecraft:stone_pickaxe":3,"minecraft:chest":4,"minecraft:birch_door":3,"minecraft:stone_hoe":1,"pfm:birch_table_dinner":4,"biomesoplenty:cherry_fence":6,"minecraft:wheat":45,"biomesoplenty:jacaranda_planks":16,"minecraft:crafting_table":2,"minecraft:wooden_pickaxe":1,"minecraft:bucket":1,"minecraft:birch_planks":267,"minecraft:stone_axe":1,"minecraft:bread":16,"minecraft:air":0,"pfm:working_table":1,"minecraft:charcoal":15,"minecraft:birch_fence":3,"minecraft:stick":8,"minecraft:iron_ingot":3,"minecraft:wooden_axe":2,"biomesoplenty:cherry_slab":36,"minecraft:torch":16,"biomesoplenty:cherry_stairs":8},"minecraft:dropped":{"minecraft:bread":3,"minecraft:birch_planks":65,"biomesoplenty:lavender":15,"minecraft:leather_helmet":6,"minecraft:item_frame":8,"minecraft:stick":1,"minecraft:paper":1,"minecraft:bone":2,"minecraft:armor_stand":1,"minecraft:stone_sword":1,"alexsmobs:animal_dictionary":1,"minecraft:birch_sapling":15,"minecraft:rotten_flesh":5,"minecraft:light_gray_wool":1,"minecraft:iron_boots":1,"patchouli:guide_book":1,"minecraft:leather_chestplate":1,"minecraft:leather_leggings":1,"minecraft:diamond_boots":1,"pfm:furniture_book":1,"minecraft:stone_pickaxe":1}},"DataVersion":3120}