{"stats":{"minecraft:dropped":{"minecraft:iron_boots":1,"pfm:furniture_book":1,"alexsmobs:animal_dictionary":1,"patchouli:guide_book":1},"minecraft:custom":{"minecraft:open_chest":3,"minecraft:time_since_rest":107,"minecraft:interact_with_smithing_table":1,"minecraft:interact_with_furnace":1,"minecraft:crouch_one_cm":111,"minecraft:play_time":10468,"minecraft:sprint_one_cm":9212,"minecraft:damage_taken":20,"minecraft:walk_one_cm":44673,"minecraft:sneak_time":20,"minecraft:mob_kills":1,"minecraft:drop":4,"minecraft:jump":83,"minecraft:damage_dealt":10,"minecraft:time_since_death":10468,"minecraft:walk_on_water_one_cm":456,"minecraft:sleep_in_bed":1,"minecraft:total_world_time":10468,"minecraft:climb_one_cm":252,"minecraft:fall_one_cm":1299,"minecraft:fly_one_cm":2141},"minecraft:used":{"minecraft:dirt":3,"alexsmobs:animal_dictionary":2,"minecraft:leather_chestplate":1,"minecraft:experience_bottle":1},"minecraft:mined":{"minecraft:grass_block":3,"minecraft:dirt":1,"minecraft:fire":3},"minecraft:picked_up":{"minecraft:armor_stand":4,"minecraft:experience_bottle":1,"minecraft:stone_button":1,"minecraft:dirt":4,"minecraft:iron_boots":4}},"DataVersion":3120}