{"stats":{"minecraft:broken":{"minecraft:leather_leggings":1,"minecraft:stone_pickaxe":4,"minecraft:stone_axe":1,"minecraft:iron_sword":1,"minecraft:wooden_axe":2,"minecraft:stone_shovel":4,"minecraft:leather_helmet":1,"minecraft:iron_axe":1},"minecraft:killed":{"minecraft:cave_spider":2,"minecraft:witch":2,"minecraft:spider":6,"minecraft:cod":1,"minecraft:skeleton":8,"alexsmobs:banana_slug":2,"minecraft:chicken":3,"alexsmobs:grizzly_bear":2,"minecraft:zombie_villager":1,"minecraft:creeper":2,"minecraft:sheep":7,"aquaculture:minnow":1,"minecraft:zombie":28,"alexsmobs:fly":1,"alexsmobs:komodo_dragon":1,"minecraft:cow":6,"alexsmobs:sugar_glider":1,"alexsmobs:flying_fish":4,"minecraft:squid":2,"evilcraft:poisonous_libelle":1,"alexsmobs:cockroach":1,"alexsmobs:crow":1,"minecraft:enderman":2},"minecraft:picked_up":{"minecraft:birch_door":1,"minecraft:wheat":23,"minecraft:redstone_block":1,"minecraft:enchanted_book":1,"pfm:birch_table_dinner":6,"minecraft:amethyst_block":1,"minecraft:string":40,"minecraft:raw_copper":104,"minecraft:armor_stand":9,"minecraft:experience_bottle":2,"minecraft:zombie_head":2,"minecraft:beetroot":27,"minecraft:cobbled_deepslate":107,"minecraft:spruce_planks":1,"minecraft:rose_bush":1,"minecraft:written_book":1,"minecraft:iron_boots":5,"minecraft:furnace":1,"minecraft:beehive":1,"minecraft:stick":90,"minecraft:oak_fence":3,"minecraft:torch":34,"minecraft:spruce_stairs":4,"minecraft:warped_button":1,"minecraft:stone_sword":1,"minecraft:rotten_flesh":30,"runecraft:rune_b":2,"biomesoplenty:pink_cherry_sapling":12,"minecraft:cod":2,"alexsmobs:flying_fish":4,"minecraft:cobblestone":761,"biomesoplenty:lavender":15,"minecraft:birch_log":245,"minecraft:leather_chestplate":3,"minecraft:cooked_beef":1,"minecraft:feather":3,"minecraft:lilac":11,"minecraft:andesite":34,"minecraft:potato":160,"minecraft:flint":2,"minecraft:lapis_lazuli":45,"minecraft:stripped_birch_log":3,"minecraft:dirt":1027,"minecraft:lantern":3,"minecraft:name_tag":1,"runecraft:rune_q":2,"minecraft:bone":9,"minecraft:stonecutter":1,"minecraft:bow":2,"minecraft:wheat_seeds":82,"minecraft:raw_gold":5,"minecraft:oak_planks":2,"minecraft:mossy_stone_bricks":1,"minecraft:glowstone_dust":1,"minecraft:bamboo":339,"solarcraft:empty_crystal":18,"biomesoplenty:cherry_log":38,"runecraft:rune_g":2,"minecraft:birch_fence_gate":1,"minecraft:poisonous_potato":1,"minecraft:sand":202,"biomesoplenty:white_cherry_sapling":4,"sophisticatedbackpacks:iron_backpack":2,"minecraft:ink_sac":4,"minecraft:grass_block":2,"minecraft:lily_of_the_valley":2,"minecraft:dark_oak_log":48,"minecraft:sugar":2,"minecraft:diamond":1,"waystones:waystone":3,"minecraft:writable_book":1,"minecraft:granite":28,"minecraft:grass":4,"minecraft:bone_meal":1,"minecraft:emerald":1,"scalinghealth:cursed_heart":1,"biomesoplenty:pink_daffodil":1,"minecraft:oak_leaves":1,"biomesoplenty:redwood_log":143,"minecraft:fishing_rod":1,"minecraft:charcoal":7,"minecraft:crafting_table":2,"minecraft:chicken":2,"minecraft:ladder":12,"minecraft:golden_pickaxe":1,"minecraft:leather_leggings":4,"biomesoplenty:cherry_slab":4,"evilcraft:poison_sac":1,"minecraft:item_frame":8,"minecraft:white_carpet":2,"minecraft:birch_fence":9,"alexsmobs:komodo_spit":1,"minecraft:cracked_stone_bricks":1,"minecraft:beef":13,"minecraft:spruce_slab":1,"minecraft:light_gray_wool":2,"biomesoplenty:cherry_planks":2,"minecraft:sugar_cane":66,"minecraft:chest":11,"minecraft:birch_sapling":79,"minecraft:piston":1,"minecraft:spruce_trapdoor":3,"minecraft:egg":1,"minecraft:dark_oak_sapling":1,"minecraft:raw_iron":83,"minecraft:oak_door":2,"pfm:birch_chair":4,"minecraft:spruce_fence":1,"sophisticatedbackpacks:backpack":2,"aquaculture:perch":2,"minecraft:stone_button":1,"minecraft:carrot":12,"minecraft:redstone":16,"minecraft:prismarine_crystals":11,"minecraft:dark_oak_planks":1,"minecraft:tnt":2,"minecraft:arrow":7,"biomesoplenty:jacaranda_log":4,"minecraft:beetroot_seeds":87,"minecraft:peony":3,"k_turrets:raw_titanium":15,"minecraft:diamond_boots":2,"minecraft:hay_block":5,"pfm:working_table":2,"biomesoplenty:redwood_sapling":13,"minecraft:mutton":12,"minecraft:rail":1,"minecraft:white_wool":27,"minecraft:salmon":1,"minecraft:leather":16,"minecraft:birch_planks":93,"scalinghealth:bandages":3,"biomesoplenty:jacaranda_planks":6,"minecraft:gunpowder":1,"scalinghealth:heart_crystal":1,"minecraft:paper":1,"minecraft:white_banner":3,"minecraft:stone_bricks":1,"minecraft:stone_pickaxe":2,"minecraft:iron_ingot":4,"minecraft:cooked_chicken":1,"aquaculture:minnow":2,"minecraft:iron_sword":2,"minecraft:book":52,"aquaculture:smallmouth_bass":1,"scalinghealth:heart_crystal_shard":3,"minecraft:chiseled_stone_bricks":1,"minecraft:quartz":1,"minecraft:gravel":18,"pfm:birch_white_simple_bed":4,"minecraft:amethyst_shard":8,"minecraft:white_bed":4,"minecraft:spider_eye":3,"minecraft:leather_helmet":7,"solarcraft:void_dust":6,"minecraft:chainmail_leggings":1,"evilcraft:dark_gem":28,"minecraft:painting":1,"biomesoplenty:cherry_fence":2,"biomesoplenty:cherry_stairs":5,"minecraft:coal":78,"runecraft:rune_d":2,"minecraft:ender_pearl":2},"minecraft:mined":{"minecraft:dark_oak_planks":1,"minecraft:large_amethyst_bud":1,"minecraft:spruce_planks":1,"minecraft:white_bed":4,"minecraft:jungle_leaves":1,"minecraft:granite":28,"minecraft:grass_block":782,"sophisticatedbackpacks:iron_backpack":1,"biomesoplenty:cherry_slab":4,"minecraft:chiseled_stone_bricks":1,"minecraft:tall_seagrass":3,"minecraft:iron_ore":63,"minecraft:fire":3,"biomesoplenty:lavender":6,"minecraft:deepslate_lapis_ore":6,"minecraft:azure_bluet":1,"biomesoplenty:pink_cherry_leaves":1,"biomesoplenty:webbing":1,"minecraft:white_banner":1,"minecraft:deepslate_redstone_ore":1,"solarcraft:void_lily":2,"biomesoplenty:jacaranda_planks":6,"minecraft:amethyst_cluster":2,"minecraft:torch":7,"biomesoplenty:cherry_planks":2,"minecraft:poppy":1,"minecraft:chest":10,"minecraft:glass":8,"minecraft:cobblestone":9,"minecraft:oak_planks":3,"minecraft:sugar_cane":47,"minecraft:wall_torch":19,"minecraft:amethyst_block":1,"minecraft:birch_sapling":3,"evilcraft:dark_ore_deepslate":4,"minecraft:birch_log":17,"minecraft:wheat":25,"minecraft:lilac":10,"minecraft:birch_door":1,"minecraft:tnt":2,"minecraft:grass":70,"biomesoplenty:cherry_stairs":5,"biomesoplenty:clover":38,"minecraft:beetroots":45,"minecraft:sand":202,"minecraft:dirt":235,"minecraft:stonecutter":1,"minecraft:piston":1,"minecraft:oak_leaves":3,"minecraft:deepslate":96,"minecraft:deepslate_diamond_ore":1,"minecraft:oak_door":2,"minecraft:stripped_birch_log":3,"solarcraft:crystal":7,"minecraft:sea_lantern":5,"minecraft:birch_fence_gate":1,"minecraft:ladder":4,"biomesoplenty:cherry_fence":2,"minecraft:hay_block":5,"solarcraft:lensing_crystal_ore":1,"biomesoplenty:jacaranda_log":5,"minecraft:redstone_ore":2,"minecraft:furnace":1,"minecraft:carrots":6,"minecraft:andesite":35,"evilcraft:dark_ore":2,"minecraft:peony":3,"minecraft:bookshelf":17,"minecraft:potatoes":71,"minecraft:deepslate_iron_ore":20,"minecraft:lantern":3,"minecraft:bamboo":93,"biomesoplenty:spider_egg":2,"minecraft:stone":757,"sophisticatedbackpacks:backpack":1,"minecraft:white_wool":17,"minecraft:podzol":1,"pfm:birch_chair":4,"minecraft:redstone_block":1,"pfm:birch_white_simple_bed":4,"minecraft:dandelion":1,"minecraft:oak_fence":3,"minecraft:crafting_table":2,"minecraft:rose_bush":1,"minecraft:tall_grass":7,"minecraft:copper_ore":31,"minecraft:deepslate_gold_ore":2,"minecraft:lapis_ore":2,"minecraft:spruce_stairs":3,"minecraft:birch_planks":27,"minecraft:beehive":1,"biomesoplenty:pink_daffodil":1,"minecraft:birch_leaves":1,"minecraft:white_wall_banner":1,"pfm:working_table":2,"pfm:birch_table_dinner":6,"k_turrets:titanium_ore":15,"minecraft:coal_ore":78,"minecraft:gravel":11,"biomesoplenty:stringy_cobweb":1,"minecraft:cobweb":33,"minecraft:cracked_stone_bricks":1,"minecraft:stone_bricks":1,"minecraft:gold_ore":3,"minecraft:mossy_stone_bricks":1,"minecraft:birch_fence":9,"minecraft:fern":4},"minecraft:custom":{"minecraft:animals_bred":1,"minecraft:interact_with_crafting_table":97,"minecraft:open_barrel":6,"minecraft:bell_ring":1,"minecraft:leave_game":9,"minecraft:time_since_death":5170,"minecraft:sprint_one_cm":551289,"minecraft:damage_blocked_by_shield":1333,"minecraft:drop":63,"minecraft:talked_to_villager":21,"minecraft:play_time":531233,"minecraft:deaths":3,"minecraft:jump":5143,"minecraft:walk_on_water_one_cm":113666,"minecraft:interact_with_furnace":72,"minecraft:traded_with_villager":21,"minecraft:stove_opened":27,"minecraft:sleep_in_bed":27,"minecraft:waystone_activated":5,"minecraft:damage_dealt":19428,"minecraft:player_kills":1,"minecraft:crouch_one_cm":98911,"minecraft:interact_with_smithing_table":1,"minecraft:mob_kills":88,"minecraft:damage_dealt_resisted":532,"minecraft:climb_one_cm":24566,"minecraft:walk_one_cm":2133444,"minecraft:chair_used":2,"minecraft:damage_dealt_absorbed":119,"minecraft:sneak_time":37613,"minecraft:walk_under_water_one_cm":164918,"minecraft:boat_one_cm":22511,"minecraft:total_world_time":531233,"minecraft:interact_with_stonecutter":1,"minecraft:time_since_rest":5192,"minecraft:damage_taken":5069,"minecraft:swim_one_cm":108028,"minecraft:fly_one_cm":843931,"minecraft:open_chest":373,"minecraft:fish_caught":5,"minecraft:fall_one_cm":98021},"minecraft:dropped":{"sophisticatedbackpacks:iron_backpack":1,"minecraft:iron_sword":1,"minecraft:birch_planks":73,"aquaculture:minnow":1,"minecraft:leather_helmet":6,"minecraft:item_frame":8,"minecraft:grass":4,"minecraft:white_wool":3,"minecraft:bone":2,"minecraft:armor_stand":1,"minecraft:sugar_cane":2,"alexsmobs:animal_dictionary":1,"minecraft:wheat":1,"minecraft:birch_sapling":15,"minecraft:rotten_flesh":5,"patchouli:guide_book":1,"minecraft:chiseled_stone_bricks":1,"minecraft:leather_chestplate":2,"minecraft:beetroot_seeds":1,"minecraft:leather_leggings":1,"minecraft:written_book":1,"minecraft:bread":3,"minecraft:wheat_seeds":12,"biomesoplenty:lavender":15,"minecraft:stick":1,"minecraft:zombie_head":1,"minecraft:paper":1,"minecraft:stone_sword":1,"minecraft:light_gray_wool":1,"minecraft:iron_boots":1,"sophisticatedbackpacks:backpack":1,"minecraft:stone_bricks":1,"pfm:furniture_book":1,"minecraft:diamond_boots":1,"minecraft:stone_pickaxe":2},"minecraft:killed_by":{"alexsmobs:crocodile":1,"alexsmobs:grizzly_bear":1,"minecraft:skeleton":1},"minecraft:used":{"minecraft:writable_book":2,"minecraft:ladder":8,"minecraft:chest":29,"minecraft:shield":144,"minecraft:stone":2,"minecraft:iron_sword":310,"biomesoplenty:cherry_stairs":11,"securitycraft:keypad_item":1,"minecraft:carrot":15,"minecraft:beehive":1,"minecraft:glass":101,"minecraft:lava_bucket":2,"biomesoplenty:cherry_planks":34,"minecraft:lantern":7,"minecraft:birch_sapling":10,"pfm:iron_stove":1,"pfm:birch_table_dinner":8,"minecraft:bow":4,"minecraft:written_book":1,"pfm:birch_chair":8,"minecraft:furnace":3,"minecraft:cooked_cod":1,"minecraft:beetroot_seeds":51,"minecraft:potato":90,"minecraft:mossy_stone_bricks":1,"minecraft:stone_pickaxe":921,"minecraft:oak_planks":2,"alexsmobs:flying_fish_boots":1,"minecraft:wooden_pickaxe":15,"minecraft:leather_chestplate":1,"minecraft:sugar_cane":9,"minecraft:white_wool":7,"elevatorid:elevator_white":2,"minecraft:sand":1,"scalinghealth:cursed_heart":1,"minecraft:shears":12,"biomesoplenty:jacaranda_planks":16,"minecraft:birch_fence":9,"waystones:waystone":3,"sophisticatedbackpacks:backpack":5,"pfm:working_table":3,"minecraft:birch_fence_gate":1,"minecraft:birch_slab":48,"minecraft:bread":30,"minecraft:gravel":2,"biomesoplenty:cherry_slab":37,"biomesoplenty:cherry_fence_gate":3,"minecraft:andesite":3,"minecraft:warped_button":1,"minecraft:golden_pickaxe":29,"minecraft:experience_bottle":2,"sophisticatedbackpacks:iron_backpack":3,"minecraft:stone_sword":5,"minecraft:armor_stand":1,"minecraft:stone_shovel":986,"minecraft:stone_hoe":66,"minecraft:cooked_chicken":1,"simpletomb:grave_key":3,"runecraft:rune_d":3,"minecraft:torch":72,"minecraft:dirt":1011,"minecraft:spruce_stairs":3,"runecraft:rune_b":3,"minecraft:birch_door":1,"minecraft:wooden_axe":55,"runecraft:rune_g":6,"minecraft:bookshelf":10,"minecraft:iron_axe":183,"evilcraft:flesh_humanoid":1,"minecraft:bamboo":56,"minecraft:cooked_beef":1,"minecraft:wheat_seeds":31,"minecraft:cooked_mutton":6,"minecraft:water_bucket":38,"runecraft:rune_q":3,"mcwdoors:birch_japanese_door":1,"minecraft:birch_planks":715,"minecraft:baked_potato":12,"minecraft:birch_boat":1,"minecraft:stonecutter":1,"minecraft:tnt":1,"minecraft:crafting_table":5,"minecraft:birch_sign":2,"minecraft:white_bed":3,"minecraft:painting":1,"minecraft:apple":1,"minecraft:chicken":1,"biomesoplenty:cherry_fence":50,"minecraft:iron_pickaxe":234,"minecraft:stone_axe":109,"minecraft:fishing_rod":6,"minecraft:cobblestone":108,"minecraft:white_banner":2,"minecraft:bucket":41,"minecraft:glass_pane":4,"alexsmobs:animal_dictionary":2,"pfm:birch_white_simple_bed":5},"minecraft:crafted":{"minecraft:black_dye":4,"biomesoplenty:cherry_planks":152,"minecraft:birch_boat":1,"minecraft:birch_slab":48,"minecraft:stone":10,"securitycraft:keypad_item":1,"mcwdoors:birch_japanese_door":3,"minecraft:bookshelf":10,"minecraft:heavy_weighted_pressure_plate":1,"minecraft:cooked_mutton":6,"minecraft:glass":116,"minecraft:bow":1,"pfm:birch_chair":4,"minecraft:birch_fence_gate":1,"minecraft:chest":20,"minecraft:birch_door":3,"minecraft:stone_hoe":1,"minecraft:magenta_dye":14,"pfm:birch_table_dinner":4,"biomesoplenty:cherry_fence":51,"sophisticatedbackpacks:backpack":2,"minecraft:emerald":21,"biomesoplenty:jacaranda_planks":16,"minecraft:crafting_table":3,"minecraft:wooden_pickaxe":1,"minecraft:baked_potato":19,"minecraft:birch_planks":919,"biomesoplenty:cherry_fence_gate":4,"pfm:working_table":1,"minecraft:iron_chestplate":1,"minecraft:book":8,"minecraft:paper":30,"minecraft:charcoal":15,"minecraft:shield":1,"minecraft:birch_fence":9,"minecraft:stick":1361,"minecraft:leather_chestplate":2,"minecraft:iron_ingot":33,"minecraft:iron_pickaxe":1,"minecraft:shears":1,"minecraft:redstone":9,"minecraft:stone_shovel":9,"minecraft:leather_leggings":1,"minecraft:iron_nugget":36,"minecraft:furnace":3,"minecraft:stone_button":8,"minecraft:pink_dye":6,"minecraft:glass_pane":16,"minecraft:flint_and_steel":1,"minecraft:lantern":4,"minecraft:iron_axe":2,"pfm:birch_white_simple_bed":1,"minecraft:stone_pickaxe":10,"alexsmobs:flying_fish_boots":1,"minecraft:dark_oak_planks":192,"minecraft:birch_sign":3,"minecraft:wheat":45,"sophisticatedbackpacks:iron_backpack":2,"minecraft:red_dye":2,"minecraft:cooked_cod":1,"evilcraft:dark_tank":1,"elevatorid:elevator_white":2,"biomesoplenty:redwood_planks":572,"minecraft:iron_sword":1,"minecraft:bucket":1,"minecraft:stone_axe":2,"minecraft:bread":19,"minecraft:air":0,"minecraft:white_wool":8,"pfm:iron_stove":1,"minecraft:wooden_axe":2,"biomesoplenty:cherry_slab":36,"minecraft:torch":68,"biomesoplenty:cherry_stairs":8}},"DataVersion":3120}