{"stats":{"minecraft:broken":{"minecraft:leather_leggings":1,"minecraft:stone_pickaxe":4,"minecraft:stone_axe":1,"minecraft:iron_sword":1,"minecraft:wooden_axe":2,"minecraft:stone_shovel":4,"minecraft:leather_helmet":1,"minecraft:shield":1,"minecraft:iron_axe":2,"minecraft:golden_pickaxe":1},"minecraft:killed":{"minecraft:cave_spider":2,"minecraft:witch":2,"minecraft:spider":6,"minecraft:cod":1,"minecraft:skeleton":8,"alexsmobs:banana_slug":2,"minecraft:chicken":3,"alexsmobs:grizzly_bear":2,"minecraft:zombie_villager":1,"minecraft:creeper":2,"minecraft:sheep":7,"aquaculture:minnow":1,"minecraft:zombie":30,"alexsmobs:fly":1,"alexsmobs:komodo_dragon":1,"minecraft:cow":6,"alexsmobs:sugar_glider":1,"alexsmobs:flying_fish":4,"minecraft:squid":2,"evilcraft:poisonous_libelle":1,"alexsmobs:cockroach":1,"alexsmobs:crow":2,"minecraft:enderman":2},"minecraft:picked_up":{"minecraft:birch_door":1,"minecraft:wheat":27,"minecraft:redstone_block":1,"solarcraft:ancient_fragment":8,"minecraft:enchanted_book":3,"pfm:birch_table_dinner":6,"minecraft:brewing_stand":1,"minecraft:amethyst_block":1,"minecraft:string":42,"minecraft:raw_copper":104,"alexsmobs:ancient_dart":2,"biomesoplenty:tall_lavender":2,"minecraft:armor_stand":12,"minecraft:pufferfish":2,"minecraft:experience_bottle":2,"minecraft:zombie_head":4,"minecraft:beetroot":27,"minecraft:cobbled_deepslate":108,"minecraft:spruce_planks":1,"minecraft:rose_bush":1,"minecraft:written_book":1,"minecraft:iron_boots":7,"minecraft:furnace":3,"minecraft:beehive":2,"minecraft:stick":121,"minecraft:oak_fence":3,"minecraft:torch":35,"minecraft:spruce_stairs":6,"minecraft:warped_button":1,"minecraft:brown_carpet":1,"minecraft:stone_sword":2,"minecraft:rotten_flesh":32,"runecraft:rune_b":2,"evilcraft:condensed_blood":30,"biomesoplenty:pink_cherry_sapling":40,"minecraft:cod":4,"biomesoplenty:orange_cosmos":1,"alexsmobs:flying_fish":4,"minecraft:cobblestone":764,"biomesoplenty:lavender":42,"minecraft:birch_log":245,"minecraft:leather_chestplate":7,"minecraft:cooked_beef":1,"minecraft:feather":3,"minecraft:lilac":11,"minecraft:andesite":34,"minecraft:potato":197,"minecraft:flint":2,"minecraft:stripped_birch_log":3,"minecraft:lapis_lazuli":45,"minecraft:dirt":1031,"minecraft:lantern":3,"minecraft:name_tag":1,"runecraft:rune_q":2,"minecraft:glass":28,"minecraft:bone":9,"minecraft:stonecutter":2,"minecraft:bow":5,"minecraft:wheat_seeds":98,"minecraft:raw_gold":5,"minecraft:mossy_stone_bricks":1,"minecraft:glowstone_dust":3,"minecraft:bamboo":339,"solarcraft:empty_crystal":36,"biomesoplenty:cherry_log":96,"minecraft:oak_planks":2,"aquaculture:atlantic_herring":3,"runecraft:rune_g":2,"minecraft:poisonous_potato":1,"minecraft:birch_fence_gate":1,"minecraft:sand":235,"biomesoplenty:white_cherry_sapling":4,"sophisticatedbackpacks:iron_backpack":2,"minecraft:ink_sac":4,"minecraft:grass_block":4,"minecraft:lily_of_the_valley":2,"minecraft:dark_oak_log":48,"minecraft:sugar":2,"minecraft:diamond":1,"waystones:waystone":4,"minecraft:writable_book":1,"minecraft:granite":28,"minecraft:grass":4,"minecraft:bone_meal":2,"minecraft:emerald":24,"scalinghealth:cursed_heart":1,"biomesoplenty:pink_daffodil":1,"minecraft:oak_leaves":1,"biomesoplenty:redwood_log":143,"minecraft:fishing_rod":2,"minecraft:charcoal":7,"minecraft:crafting_table":3,"minecraft:chicken":2,"minecraft:ladder":12,"minecraft:golden_pickaxe":1,"minecraft:leather_leggings":8,"biomesoplenty:jacaranda_sapling":22,"biomesoplenty:cherry_slab":4,"evilcraft:poison_sac":1,"minecraft:item_frame":12,"minecraft:white_carpet":2,"minecraft:birch_fence":9,"alexsmobs:komodo_spit":2,"minecraft:cracked_stone_bricks":1,"minecraft:beef":13,"minecraft:light_gray_wool":2,"minecraft:spruce_slab":1,"minecraft:chest":16,"biomesoplenty:cherry_planks":6,"minecraft:sugar_cane":66,"minecraft:birch_sapling":79,"minecraft:piston":2,"minecraft:spruce_trapdoor":3,"minecraft:egg":1,"minecraft:dark_oak_sapling":1,"minecraft:raw_iron":83,"minecraft:oak_door":2,"pfm:birch_chair":4,"minecraft:spruce_fence":1,"sophisticatedbackpacks:backpack":2,"aquaculture:perch":2,"minecraft:stone_button":2,"minecraft:carrot":30,"minecraft:redstone":18,"minecraft:prismarine_crystals":11,"minecraft:dark_oak_planks":1,"minecraft:tnt":3,"minecraft:arrow":7,"biomesoplenty:jacaranda_log":42,"minecraft:beetroot_seeds":87,"minecraft:pumpkin_pie":1,"minecraft:peony":3,"k_turrets:raw_titanium":26,"minecraft:diamond_boots":7,"minecraft:hay_block":5,"pfm:working_table":3,"minecraft:saddle":2,"biomesoplenty:redwood_sapling":13,"minecraft:mutton":12,"minecraft:rail":1,"minecraft:white_wool":27,"minecraft:salmon":2,"minecraft:leather":16,"minecraft:birch_planks":93,"scalinghealth:bandages":6,"securitycraft:keypad_chest":4,"biomesoplenty:jacaranda_planks":6,"minecraft:gunpowder":1,"scalinghealth:heart_crystal":1,"minecraft:paper":2,"minecraft:white_banner":3,"minecraft:stone_bricks":1,"minecraft:iron_ingot":5,"minecraft:stone_pickaxe":2,"minecraft:cooked_chicken":1,"aquaculture:minnow":2,"minecraft:iron_sword":3,"minecraft:book":55,"aquaculture:smallmouth_bass":1,"scalinghealth:heart_crystal_shard":3,"minecraft:chiseled_stone_bricks":1,"minecraft:quartz":1,"minecraft:dandelion":1,"minecraft:gravel":18,"pfm:birch_white_simple_bed":4,"minecraft:amethyst_shard":8,"minecraft:white_bed":4,"minecraft:spider_eye":3,"minecraft:leather_helmet":10,"minecraft:firework_rocket":1,"solarcraft:void_dust":53,"minecraft:chainmail_leggings":1,"evilcraft:dark_gem":28,"minecraft:painting":1,"biomesoplenty:cherry_fence":2,"biomesoplenty:cherry_stairs":5,"minecraft:coal":78,"runecraft:rune_d":2,"minecraft:ender_pearl":2},"minecraft:mined":{"minecraft:dark_oak_planks":1,"minecraft:large_amethyst_bud":1,"minecraft:spruce_planks":1,"minecraft:white_bed":4,"minecraft:jungle_leaves":1,"minecraft:brewing_stand":1,"minecraft:granite":28,"minecraft:grass_block":783,"sophisticatedbackpacks:iron_backpack":1,"biomesoplenty:cherry_slab":4,"minecraft:chiseled_stone_bricks":1,"minecraft:tall_seagrass":3,"biomesoplenty:tall_lavender":3,"minecraft:glowstone":1,"biomesoplenty:orange_cosmos":1,"minecraft:iron_ore":63,"minecraft:cobbled_deepslate":1,"minecraft:fire":3,"biomesoplenty:lavender":12,"minecraft:deepslate_lapis_ore":6,"minecraft:azure_bluet":1,"biomesoplenty:pink_cherry_leaves":1,"biomesoplenty:webbing":1,"minecraft:white_banner":1,"minecraft:deepslate_redstone_ore":1,"solarcraft:void_lily":19,"biomesoplenty:jacaranda_planks":6,"minecraft:amethyst_cluster":2,"minecraft:torch":8,"biomesoplenty:cherry_planks":7,"minecraft:poppy":1,"minecraft:chest":15,"minecraft:glass":8,"minecraft:cobblestone":12,"minecraft:oak_planks":3,"minecraft:sugar_cane":47,"minecraft:wall_torch":19,"minecraft:amethyst_block":1,"minecraft:birch_sapling":3,"evilcraft:dark_ore_deepslate":4,"minecraft:birch_log":17,"minecraft:wheat":29,"minecraft:lilac":10,"minecraft:birch_door":1,"minecraft:tnt":2,"minecraft:grass":86,"biomesoplenty:cherry_stairs":5,"biomesoplenty:clover":38,"minecraft:beetroots":45,"minecraft:sand":202,"minecraft:dirt":238,"minecraft:stonecutter":2,"minecraft:piston":1,"minecraft:oak_leaves":3,"minecraft:deepslate":96,"minecraft:deepslate_diamond_ore":1,"minecraft:oak_door":2,"minecraft:stripped_birch_log":3,"solarcraft:crystal":7,"minecraft:sea_lantern":5,"minecraft:birch_fence_gate":1,"minecraft:ladder":4,"minecraft:stone_button":1,"biomesoplenty:cherry_fence":2,"biomesoplenty:jacaranda_sapling":1,"minecraft:hay_block":5,"solarcraft:lensing_crystal_ore":1,"biomesoplenty:jacaranda_log":5,"minecraft:redstone_ore":2,"minecraft:furnace":3,"minecraft:carrots":10,"minecraft:andesite":35,"evilcraft:dark_ore":2,"biomesoplenty:pink_cherry_sapling":1,"minecraft:peony":3,"minecraft:bookshelf":18,"minecraft:potatoes":86,"minecraft:deepslate_iron_ore":20,"minecraft:lantern":3,"minecraft:bamboo":93,"biomesoplenty:spider_egg":2,"minecraft:stone":757,"sophisticatedbackpacks:backpack":1,"minecraft:white_wool":17,"minecraft:podzol":1,"pfm:birch_chair":4,"minecraft:redstone_block":1,"pfm:birch_white_simple_bed":4,"minecraft:brown_carpet":1,"minecraft:dandelion":2,"minecraft:oak_fence":3,"minecraft:crafting_table":3,"minecraft:rose_bush":1,"minecraft:copper_ore":31,"minecraft:tall_grass":23,"minecraft:lapis_ore":2,"minecraft:deepslate_gold_ore":2,"minecraft:spruce_stairs":5,"minecraft:birch_planks":27,"minecraft:beehive":2,"biomesoplenty:pink_daffodil":1,"minecraft:birch_leaves":4,"minecraft:white_wall_banner":1,"pfm:birch_table_dinner":6,"pfm:working_table":3,"k_turrets:titanium_ore":15,"minecraft:coal_ore":78,"minecraft:zombie_head":1,"minecraft:gravel":11,"biomesoplenty:stringy_cobweb":1,"minecraft:cobweb":33,"minecraft:cracked_stone_bricks":1,"minecraft:stone_bricks":1,"minecraft:mossy_stone_bricks":1,"minecraft:gold_ore":3,"minecraft:birch_fence":9,"minecraft:fern":4},"minecraft:custom":{"minecraft:animals_bred":1,"minecraft:interact_with_crafting_table":105,"minecraft:open_barrel":6,"minecraft:bell_ring":1,"minecraft:eat_cake_slice":4,"minecraft:leave_game":11,"minecraft:time_since_death":55391,"minecraft:sprint_one_cm":644418,"minecraft:damage_blocked_by_shield":2363,"minecraft:drop":70,"minecraft:talked_to_villager":31,"minecraft:play_time":603221,"minecraft:deaths":4,"minecraft:jump":5830,"minecraft:walk_on_water_one_cm":120735,"minecraft:interact_with_furnace":77,"minecraft:traded_with_villager":37,"minecraft:stove_opened":28,"minecraft:sleep_in_bed":29,"minecraft:waystone_activated":7,"minecraft:damage_dealt":20446,"minecraft:player_kills":1,"minecraft:crouch_one_cm":110252,"minecraft:interact_with_smithing_table":1,"minecraft:mob_kills":91,"minecraft:damage_dealt_resisted":673,"minecraft:climb_one_cm":24915,"minecraft:walk_one_cm":2431103,"minecraft:chair_used":2,"minecraft:damage_dealt_absorbed":119,"minecraft:sneak_time":41870,"minecraft:walk_under_water_one_cm":167664,"minecraft:boat_one_cm":22511,"minecraft:total_world_time":603221,"minecraft:interact_with_stonecutter":1,"minecraft:time_since_rest":49740,"minecraft:damage_taken":5865,"minecraft:swim_one_cm":108052,"minecraft:fly_one_cm":958749,"minecraft:open_chest":564,"minecraft:fish_caught":13,"minecraft:fall_one_cm":111249},"minecraft:dropped":{"sophisticatedbackpacks:iron_backpack":1,"minecraft:iron_sword":1,"minecraft:birch_planks":73,"aquaculture:minnow":1,"minecraft:leather_helmet":8,"minecraft:item_frame":8,"minecraft:grass":4,"minecraft:white_wool":3,"minecraft:armor_stand":4,"minecraft:bone":2,"minecraft:sugar_cane":2,"alexsmobs:animal_dictionary":1,"minecraft:birch_sapling":15,"minecraft:wheat":1,"minecraft:rotten_flesh":5,"patchouli:guide_book":1,"minecraft:chiseled_stone_bricks":1,"minecraft:leather_chestplate":4,"minecraft:beetroot_seeds":1,"minecraft:leather_leggings":3,"minecraft:written_book":1,"minecraft:bread":3,"minecraft:wheat_seeds":12,"biomesoplenty:lavender":15,"minecraft:stick":1,"minecraft:zombie_head":1,"minecraft:paper":1,"minecraft:stone_sword":1,"minecraft:light_gray_wool":1,"minecraft:iron_boots":1,"sophisticatedbackpacks:backpack":1,"minecraft:stone_bricks":1,"pfm:furniture_book":1,"minecraft:diamond_boots":1,"minecraft:stone_pickaxe":2},"minecraft:killed_by":{"alexsmobs:crocodile":1,"minecraft:zombie":1,"alexsmobs:grizzly_bear":1,"minecraft:skeleton":1},"minecraft:used":{"minecraft:writable_book":2,"minecraft:ladder":8,"minecraft:shield":177,"minecraft:chest":42,"biomesoplenty:orange_cosmos":1,"minecraft:stone":2,"minecraft:iron_sword":364,"biomesoplenty:cherry_stairs":33,"securitycraft:keypad_item":1,"minecraft:carrot":26,"minecraft:beehive":1,"minecraft:glass":101,"minecraft:lava_bucket":2,"biomesoplenty:cherry_planks":210,"minecraft:lantern":7,"minecraft:birch_sapling":10,"minecraft:item_frame":4,"biomesoplenty:jacaranda_sapling":1,"pfm:iron_stove":1,"pfm:birch_table_dinner":8,"minecraft:brown_carpet":1,"minecraft:bow":4,"minecraft:written_book":1,"pfm:birch_chair":8,"minecraft:furnace":9,"minecraft:cooked_cod":1,"minecraft:beetroot_seeds":51,"minecraft:potato":130,"minecraft:mossy_stone_bricks":1,"minecraft:leather_leggings":1,"minecraft:stone_pickaxe":928,"minecraft:oak_planks":2,"alexsmobs:flying_fish_boots":1,"minecraft:leather_chestplate":1,"minecraft:wooden_pickaxe":15,"minecraft:sugar_cane":9,"minecraft:white_wool":7,"elevatorid:elevator_white":2,"minecraft:sand":1,"scalinghealth:cursed_heart":1,"biomesoplenty:jacaranda_planks":16,"securitycraft:universal_block_remover":4,"minecraft:shears":12,"minecraft:birch_fence":9,"waystones:waystone":4,"sophisticatedbackpacks:backpack":5,"pfm:working_table":4,"minecraft:birch_fence_gate":1,"minecraft:stone_button":1,"minecraft:birch_slab":48,"minecraft:bread":30,"minecraft:gravel":2,"biomesoplenty:cherry_slab":37,"biomesoplenty:cherry_fence_gate":3,"minecraft:andesite":4,"biomesoplenty:pink_cherry_sapling":7,"minecraft:warped_button":1,"minecraft:bone_meal":7,"minecraft:golden_pickaxe":32,"minecraft:experience_bottle":2,"sophisticatedbackpacks:iron_backpack":3,"minecraft:stone_sword":5,"minecraft:armor_stand":1,"securitycraft:keypad_chest":4,"minecraft:stone_shovel":986,"minecraft:stone_hoe":66,"minecraft:cooked_chicken":1,"simpletomb:grave_key":4,"runecraft:rune_d":3,"minecraft:torch":79,"minecraft:dirt":1023,"scalinghealth:heart_crystal":1,"minecraft:spruce_stairs":4,"runecraft:rune_b":3,"minecraft:birch_door":1,"minecraft:wooden_axe":55,"runecraft:rune_g":6,"minecraft:bookshelf":10,"minecraft:iron_axe":184,"evilcraft:flesh_humanoid":1,"minecraft:bamboo":56,"minecraft:cooked_beef":1,"minecraft:cobbled_deepslate":1,"minecraft:wheat_seeds":35,"minecraft:cooked_mutton":6,"minecraft:water_bucket":46,"runecraft:rune_q":3,"mcwdoors:birch_japanese_door":1,"minecraft:birch_planks":715,"minecraft:baked_potato":12,"minecraft:birch_boat":1,"minecraft:stonecutter":2,"minecraft:tnt":1,"minecraft:crafting_table":6,"minecraft:birch_sign":2,"minecraft:white_bed":3,"minecraft:painting":1,"minecraft:apple":1,"minecraft:chicken":1,"biomesoplenty:cherry_fence":50,"minecraft:iron_pickaxe":234,"minecraft:stone_axe":122,"minecraft:fishing_rod":15,"minecraft:cobblestone":134,"minecraft:white_banner":2,"minecraft:bucket":48,"minecraft:glass_pane":4,"minecraft:pumpkin_pie":1,"alexsmobs:animal_dictionary":2,"pfm:birch_white_simple_bed":5},"minecraft:crafted":{"minecraft:black_dye":4,"biomesoplenty:cherry_planks":384,"minecraft:birch_boat":1,"minecraft:birch_slab":48,"minecraft:stone":10,"securitycraft:keypad_item":1,"mcwdoors:birch_japanese_door":3,"minecraft:bookshelf":10,"minecraft:heavy_weighted_pressure_plate":1,"minecraft:cooked_mutton":6,"minecraft:glass":116,"minecraft:bow":1,"pfm:birch_chair":4,"minecraft:birch_fence_gate":1,"minecraft:chest":28,"minecraft:birch_door":3,"minecraft:stone_hoe":1,"minecraft:magenta_dye":14,"pfm:birch_table_dinner":4,"biomesoplenty:cherry_fence":51,"minecraft:emerald":37,"sophisticatedbackpacks:backpack":2,"biomesoplenty:jacaranda_planks":168,"minecraft:crafting_table":3,"minecraft:wooden_pickaxe":1,"minecraft:baked_potato":19,"minecraft:birch_planks":919,"biomesoplenty:cherry_fence_gate":4,"pfm:working_table":1,"minecraft:paper":30,"minecraft:iron_chestplate":1,"minecraft:book":8,"minecraft:charcoal":15,"minecraft:shield":2,"minecraft:birch_fence":9,"minecraft:stick":1361,"minecraft:iron_ingot":34,"minecraft:leather_chestplate":2,"minecraft:iron_pickaxe":1,"minecraft:shears":1,"minecraft:redstone":9,"minecraft:stone_shovel":11,"minecraft:leather_leggings":1,"minecraft:iron_nugget":36,"minecraft:furnace":7,"minecraft:stone_button":8,"minecraft:bone_meal":6,"minecraft:pink_dye":6,"minecraft:glass_pane":16,"minecraft:flint_and_steel":1,"minecraft:lantern":4,"minecraft:iron_axe":2,"pfm:birch_white_simple_bed":1,"securitycraft:universal_block_remover":1,"minecraft:stone_pickaxe":11,"alexsmobs:flying_fish_boots":1,"minecraft:dark_oak_planks":192,"minecraft:birch_sign":3,"sophisticatedbackpacks:iron_backpack":2,"minecraft:wheat":45,"minecraft:red_dye":2,"minecraft:cooked_cod":1,"evilcraft:dark_tank":1,"elevatorid:elevator_white":2,"biomesoplenty:redwood_planks":572,"minecraft:iron_sword":1,"minecraft:bucket":1,"minecraft:stone_axe":3,"minecraft:bread":19,"minecraft:air":0,"minecraft:white_wool":8,"pfm:iron_stove":1,"minecraft:wooden_axe":2,"biomesoplenty:cherry_slab":36,"minecraft:torch":68,"biomesoplenty:cherry_stairs":48}},"DataVersion":3120}