{"stats":{"minecraft:dropped":{"minecraft:leather_chestplate":1,"minecraft:stone_sword":1,"alexsmobs:animal_dictionary":1,"minecraft:rotten_flesh":2,"minecraft:iron_boots":1,"minecraft:diamond_boots":1,"pfm:furniture_book":1,"minecraft:stone_pickaxe":1,"minecraft:leather_helmet":2,"patchouli:guide_book":1,"minecraft:item_frame":8},"minecraft:custom":{"minecraft:time_since_rest":12107,"minecraft:interact_with_smithing_table":1,"minecraft:interact_with_furnace":1,"minecraft:sprint_one_cm":11316,"minecraft:damage_taken":368,"minecraft:walk_one_cm":125699,"minecraft:mob_kills":2,"minecraft:drop":12,"minecraft:damage_dealt":214,"minecraft:fly_one_cm":3920,"minecraft:open_barrel":1,"minecraft:open_chest":4,"minecraft:crouch_one_cm":948,"minecraft:play_time":22468,"minecraft:sneak_time":260,"minecraft:jump":173,"minecraft:walk_on_water_one_cm":456,"minecraft:time_since_death":22468,"minecraft:sleep_in_bed":1,"minecraft:climb_one_cm":3498,"minecraft:total_world_time":22468,"minecraft:fall_one_cm":4615},"minecraft:killed":{"minecraft:zombie":1},"minecraft:crafted":{"minecraft:wheat":45},"minecraft:used":{"minecraft:stone_sword":5,"minecraft:bread":2,"minecraft:leather_chestplate":1,"minecraft:dirt":24,"minecraft:spruce_stairs":2,"scalinghealth:cursed_heart":1,"alexsmobs:animal_dictionary":2,"minecraft:experience_bottle":1},"minecraft:mined":{"minecraft:spruce_stairs":2,"minecraft:hay_block":5,"minecraft:carrots":1,"minecraft:fire":3,"minecraft:wheat":1,"minecraft:beetroots":1,"minecraft:grass":1,"minecraft:grass_block":3,"minecraft:dirt":3},"minecraft:picked_up":{"minecraft:book":1,"minecraft:leather_chestplate":3,"minecraft:wheat":2,"minecraft:cooked_beef":1,"minecraft:leather_leggings":3,"minecraft:spruce_fence":1,"minecraft:spruce_stairs":3,"minecraft:enchanted_book":1,"minecraft:stone_button":1,"minecraft:carrot":1,"minecraft:paper":1,"minecraft:dirt":24,"minecraft:leather_helmet":4,"minecraft:white_banner":1,"minecraft:white_carpet":2,"minecraft:item_frame":8,"minecraft:armor_stand":7,"minecraft:stone_sword":1,"minecraft:experience_bottle":1,"minecraft:rotten_flesh":2,"minecraft:beetroot":1,"minecraft:beetroot_seeds":3,"minecraft:bow":1,"minecraft:wheat_seeds":3,"minecraft:writable_book":1,"minecraft:diamond_boots":2,"minecraft:hay_block":5,"minecraft:iron_ingot":4,"minecraft:stone_pickaxe":1,"minecraft:cooked_chicken":1,"scalinghealth:cursed_heart":1,"minecraft:spruce_slab":1,"minecraft:iron_sword":1,"minecraft:spruce_trapdoor":3,"minecraft:iron_boots":4}},"DataVersion":3120}