{"stats":{"minecraft:dropped":{"simpletomb:grave_key":1},"minecraft:custom":{"minecraft:time_since_rest":11673,"minecraft:crouch_one_cm":707,"minecraft:sprint_one_cm":21043,"minecraft:play_time":20136,"minecraft:walk_one_cm":15813,"minecraft:damage_taken":1279,"minecraft:deaths":2,"minecraft:sneak_time":159,"minecraft:drop":1,"minecraft:jump":112,"minecraft:damage_dealt":263,"minecraft:leave_game":2,"minecraft:time_since_death":11641,"minecraft:climb_one_cm":1375,"minecraft:total_world_time":20136,"minecraft:talked_to_villager":2,"minecraft:fall_one_cm":10738,"minecraft:fly_one_cm":8905},"minecraft:used":{"alexsmobs:animal_dictionary":1},"minecraft:mined":{"minecraft:grass":1,"minecraft:grass_block":3,"minecraft:fern":1},"minecraft:picked_up":{"patchouli:guide_book":1,"simpletomb:grave_key":1,"minecraft:dirt":19,"alexsmobs:animal_dictionary":1,"minecraft:egg":1}},"DataVersion":3120}