{"stats":{"minecraft:custom":{"minecraft:jump":30,"minecraft:time_since_rest":4808,"minecraft:leave_game":1,"minecraft:damage_dealt":160,"minecraft:crouch_one_cm":325,"minecraft:sprint_one_cm":1603,"minecraft:damage_taken":569,"minecraft:play_time":4808,"minecraft:time_since_death":4808,"minecraft:walk_one_cm":4955,"minecraft:sneak_time":95,"minecraft:climb_one_cm":1267,"minecraft:total_world_time":4808,"minecraft:fly_one_cm":1758,"minecraft:fall_one_cm":1861},"minecraft:used":{"alexsmobs:animal_dictionary":1},"minecraft:mined":{"minecraft:grass":1,"minecraft:fern":1}},"DataVersion":3120}