{
  "minecraft:recipes/food/cooked_mutton_from_campfire_cooking": {
    "criteria": {
      "has_mutton": "2024-08-31 11:36:59 +0000"
    },
    "done": true
  },
  "minecraft:recipes/food/cooked_porkchop_from_campfire_cooking": {
    "criteria": {
      "has_porkchop": "2024-08-31 11:40:49 +0000"
    },
    "done": true
  },
  "pfm:recipes/pfm.furniture/jungle_white_classic_bed": {
    "criteria": {
      "has_bed": "2024-08-31 11:42:47 +0000"
    },
    "done": true
  },
  "aquaculture:recipes/aquaculture/note_hook": {
    "criteria": {
      "has_items": "2024-08-31 11:35:06 +0000"
    },
    "done": true
  },
  "aquaculture:recipes/misc/tin_can_to_iron_nugget_from_blasting": {
    "criteria": {
      "has_items": "2024-08-31 11:35:06 +0000"
    },
    "done": true
  },
  "dnl:util/entity_hit_matching/on_hit": {
    "criteria": {
      "not_projectile": "2024-08-31 11:40:47 +0000",
      "is_projectile": "2024-08-31 11:40:07 +0000",
      "not_magic": "2024-08-31 11:40:07 +0000"
    },
    "done": false
  },
  "pfm:recipes/pfm.furniture/oak_white_simple_bed": {
    "criteria": {
      "has_bed": "2024-08-31 11:42:47 +0000"
    },
    "done": true
  },
  "biomesoplenty:recipes/transportation/umbran_boat": {
    "criteria": {
      "in_water": "2024-08-31 11:36:20 +0000"
    },
    "done": true
  },
  "biomesoplenty:recipes/transportation/willow_boat": {
    "criteria": {
      "in_water": "2024-08-31 11:36:20 +0000"
    },
    "done": true
  },
  "biomesoplenty:recipes/transportation/palm_boat": {
    "criteria": {
      "in_water": "2024-08-31 11:36:20 +0000"
    },
    "done": true
  },
  "pfm:recipes/pfm.furniture/mangrove_white_classic_bed": {
    "criteria": {
      "has_bed": "2024-08-31 11:42:47 +0000"
    },
    "done": true
  },
  "pfm:recipes/pfm.furniture/spruce_white_classic_bed": {
    "criteria": {
      "has_bed": "2024-08-31 11:42:47 +0000"
    },
    "done": true
  },
  "pfm:recipes/pfm.furniture/spruce_white_simple_bed": {
    "criteria": {
      "has_bed": "2024-08-31 11:42:47 +0000"
    },
    "done": true
  },
  "pfm:recipes/pfm.furniture/mahogany_biomesoplenty_white_simple_bed": {
    "criteria": {
      "has_bed": "2024-08-31 11:42:47 +0000"
    },
    "done": true
  },
  "aquaculture:recipes/aquaculture/redstone_hook": {
    "criteria": {
      "has_items": "2024-08-31 11:35:06 +0000"
    },
    "done": true
  },
  "pfm:recipes/pfm.furniture/umbran_biomesoplenty_white_classic_bed": {
    "criteria": {
      "has_bed": "2024-08-31 11:42:47 +0000"
    },
    "done": true
  },
  "biomesoplenty:recipes/transportation/redwood_boat": {
    "criteria": {
      "in_water": "2024-08-31 11:36:20 +0000"
    },
    "done": true
  },
  "pfm:recipes/pfm.furniture/redwood_biomesoplenty_white_simple_bed": {
    "criteria": {
      "has_bed": "2024-08-31 11:42:47 +0000"
    },
    "done": true
  },
  "biomesoplenty:recipes/transportation/mahogany_boat": {
    "criteria": {
      "in_water": "2024-08-31 11:36:20 +0000"
    },
    "done": true
  },
  "aquaculture:recipes/food/cooked_fish_fillet": {
    "criteria": {
      "has_items": "2024-08-31 11:35:06 +0000"
    },
    "done": true
  },
  "minecraft:recipes/decorations/chest": {
    "criteria": {
      "has_lots_of_items": "2024-08-31 11:39:37 +0000"
    },
    "done": true
  },
  "minecraft:story/shiny_gear": {
    "criteria": {
      "diamond_boots": "2024-08-31 11:39:37 +0000"
    },
    "done": true
  },
  "dnl:story/structures/pillager_camp/locate": {
    "criteria": {
      "locate_pillager_camp": "2024-08-31 11:36:35 +0000"
    },
    "done": true
  },
  "minecraft:recipes/decorations/black_bed_from_white_bed": {
    "criteria": {
      "has_bed": "2024-08-31 11:42:47 +0000"
    },
    "done": true
  },
  "minecraft:recipes/transportation/mangrove_boat": {
    "criteria": {
      "in_water": "2024-08-31 11:36:20 +0000"
    },
    "done": true
  },
  "ironchest:recipes/ironchest/chests/vanilla_dirt_chest": {
    "criteria": {
      "has_iron_ingot": "2024-08-31 11:41:52 +0000"
    },
    "done": true
  },
  "pfm:recipes/pfm.furniture/radiant_solarcraft_white_simple_bed": {
    "criteria": {
      "has_bed": "2024-08-31 11:42:47 +0000"
    },
    "done": true
  },
  "aquaculture:recipes/tools/golden_fishing_rod": {
    "criteria": {
      "has_vanilla_rod": "2024-08-31 11:35:06 +0000"
    },
    "done": true
  },
  "minecraft:recipes/decorations/torch": {
    "criteria": {
      "has_stone_pickaxe": "2024-08-31 11:39:57 +0000"
    },
    "done": true
  },
  "aquaculture:recipes/food/cooked_fish_fillet_from_campfire": {
    "criteria": {
      "has_items": "2024-08-31 11:35:06 +0000"
    },
    "done": true
  },
  "minecraft:recipes/misc/white_dye": {
    "criteria": {
      "has_bone_meal": "2024-08-31 11:37:35 +0000"
    },
    "done": true
  },
  "biomesoplenty:recipes/transportation/dead_boat": {
    "criteria": {
      "in_water": "2024-08-31 11:36:20 +0000"
    },
    "done": true
  },
  "aquaculture:recipes/aquaculture/gold_hook": {
    "criteria": {
      "has_items": "2024-08-31 11:35:06 +0000"
    },
    "done": true
  },
  "minecraft:recipes/transportation/spruce_boat": {
    "criteria": {
      "in_water": "2024-08-31 11:36:20 +0000"
    },
    "done": true
  },
  "pfm:recipes/pfm.furniture/warped_white_simple_bed": {
    "criteria": {
      "has_bed": "2024-08-31 11:42:47 +0000"
    },
    "done": true
  },
  "pfm:recipes/pfm.furniture/runic_solarcraft_white_classic_bed": {
    "criteria": {
      "has_bed": "2024-08-31 11:42:47 +0000"
    },
    "done": true
  },
  "runecraft:grant_book_on_first_join": {
    "criteria": {
      "tick": "2024-08-31 11:35:06 +0000"
    },
    "done": true
  },
  "securitycraft:recipes/securitycraft/display_case": {
    "criteria": {
      "has_item_frame": "2024-08-31 11:39:35 +0000"
    },
    "done": true
  },
  "pfm:recipes/pfm.furniture/acacia_white_simple_bed": {
    "criteria": {
      "has_bed": "2024-08-31 11:42:47 +0000"
    },
    "done": true
  },
  "minecraft:husbandry/balanced_diet": {
    "criteria": {
      "cooked_mutton": "2024-08-31 11:40:39 +0000",
      "bread": "2024-08-31 11:38:16 +0000"
    },
    "done": false
  },
  "pfm:recipes/pfm.furniture/jungle_white_simple_bed": {
    "criteria": {
      "has_bed": "2024-08-31 11:42:47 +0000"
    },
    "done": true
  },
  "aquaculture:recipes/misc/neptunium_ingot_from_nuggets": {
    "criteria": {
      "has_items": "2024-08-31 11:35:06 +0000"
    },
    "done": true
  },
  "aquaculture:recipes/aquaculture/diamond_hook": {
    "criteria": {
      "has_items": "2024-08-31 11:35:06 +0000"
    },
    "done": true
  },
  "pfm:recipes/pfm.furniture/acacia_white_classic_bed": {
    "criteria": {
      "has_bed": "2024-08-31 11:42:47 +0000"
    },
    "done": true
  },
  "biomesoplenty:recipes/transportation/magic_boat": {
    "criteria": {
      "in_water": "2024-08-31 11:36:20 +0000"
    },
    "done": true
  },
  "pfm:recipes/pfm.furniture/palm_biomesoplenty_white_simple_bed": {
    "criteria": {
      "has_bed": "2024-08-31 11:42:47 +0000"
    },
    "done": true
  },
  "minecraft:recipes/decorations/yellow_bed_from_white_bed": {
    "criteria": {
      "has_bed": "2024-08-31 11:42:47 +0000"
    },
    "done": true
  },
  "aquaculture:recipes/misc/gold_nugget_from_gold_fish": {
    "criteria": {
      "has_items": "2024-08-31 11:35:06 +0000"
    },
    "done": true
  },
  "aquaculture:recipes/misc/tin_can_to_iron_nugget": {
    "criteria": {
      "has_items": "2024-08-31 11:35:06 +0000"
    },
    "done": true
  },
  "pfm:recipes/pfm.furniture/willow_biomesoplenty_white_simple_bed": {
    "criteria": {
      "has_bed": "2024-08-31 11:42:47 +0000"
    },
    "done": true
  },
  "pfm:recipes/pfm.furniture/birch_white_classic_bed": {
    "criteria": {
      "has_bed": "2024-08-31 11:42:47 +0000"
    },
    "done": true
  },
  "pfm:recipes/pfm.furniture/jacaranda_biomesoplenty_white_classic_bed": {
    "criteria": {
      "has_bed": "2024-08-31 11:42:47 +0000"
    },
    "done": true
  },
  "aquaculture:recipes/misc/gold_nugget_from_smelting": {
    "criteria": {
      "has_fishing_rod": "2024-08-31 11:35:06 +0000",
      "has_fillet_knife": "2024-08-31 11:35:06 +0000"
    },
    "done": true
  },
  "biomesoplenty:recipes/transportation/cherry_boat": {
    "criteria": {
      "in_water": "2024-08-31 11:36:20 +0000"
    },
    "done": true
  },
  "aquaculture:recipes/aquaculture/worm_farm": {
    "criteria": {
      "has_items": "2024-08-31 11:35:06 +0000"
    },
    "done": true
  },
  "aquaculture:recipes/food/cooked_fish_fillet_from_smoking": {
    "criteria": {
      "has_items": "2024-08-31 11:35:06 +0000"
    },
    "done": true
  },
  "minecraft:recipes/food/cooked_porkchop_from_smoking": {
    "criteria": {
      "has_porkchop": "2024-08-31 11:40:49 +0000"
    },
    "done": true
  },
  "pfm:recipes/pfm.furniture/dead_biomesoplenty_white_simple_bed": {
    "criteria": {
      "has_bed": "2024-08-31 11:42:47 +0000"
    },
    "done": true
  },
  "pfm:recipes/pfm.furniture/willow_biomesoplenty_white_classic_bed": {
    "criteria": {
      "has_bed": "2024-08-31 11:42:47 +0000"
    },
    "done": true
  },
  "biomesoplenty:recipes/transportation/fir_boat": {
    "criteria": {
      "in_water": "2024-08-31 11:36:20 +0000"
    },
    "done": true
  },
  "minecraft:recipes/decorations/light_blue_bed_from_white_bed": {
    "criteria": {
      "has_bed": "2024-08-31 11:42:47 +0000"
    },
    "done": true
  },
  "pfm:recipes/pfm.furniture/cherry_biomesoplenty_white_simple_bed": {
    "criteria": {
      "has_bed": "2024-08-31 11:42:47 +0000"
    },
    "done": true
  },
  "pfm:recipes/pfm.furniture/hellbark_biomesoplenty_white_simple_bed": {
    "criteria": {
      "has_bed": "2024-08-31 11:42:47 +0000"
    },
    "done": true
  },
  "minecraft:recipes/misc/iron_nugget_from_blasting": {
    "criteria": {
      "has_chainmail_leggings": "2024-08-31 11:36:40 +0000"
    },
    "done": true
  },
  "aquaculture:recipes/food/sushi": {
    "criteria": {
      "has_alt_items": "2024-08-31 11:35:06 +0000",
      "has_items": "2024-08-31 11:35:06 +0000"
    },
    "done": true
  },
  "pfm:grant_book_on_first_join": {
    "criteria": {
      "tick": "2024-08-31 11:35:06 +0000"
    },
    "done": true
  },
  "dnl:entity/guardian_ghast/hurt": {
    "criteria": {
      "not_projectile": "2024-08-31 11:36:56 +0000",
      "by_arrow": "2024-08-31 11:40:07 +0000"
    },
    "done": false
  },
  "aquaculture:recipes/decorations/spruce_fish_mount": {
    "criteria": {
      "has_items": "2024-08-31 11:35:06 +0000"
    },
    "done": true
  },
  "pfm:recipes/pfm.furniture/mahogany_biomesoplenty_white_classic_bed": {
    "criteria": {
      "has_bed": "2024-08-31 11:42:47 +0000"
    },
    "done": true
  },
  "minecraft:recipes/decorations/magenta_bed_from_white_bed": {
    "criteria": {
      "has_bed": "2024-08-31 11:42:47 +0000"
    },
    "done": true
  },
  "pfm:recipes/pfm.furniture/dark_oak_white_simple_bed": {
    "criteria": {
      "has_bed": "2024-08-31 11:42:47 +0000"
    },
    "done": true
  },
  "aquaculture:recipes/misc/neptunium_ingot_from_neptunium_block": {
    "criteria": {
      "has_items": "2024-08-31 11:35:06 +0000"
    },
    "done": true
  },
  "pfm:recipes/pfm.furniture/dark_oak_white_classic_bed": {
    "criteria": {
      "has_bed": "2024-08-31 11:42:47 +0000"
    },
    "done": true
  },
  "dnl:util/entity_hit_matching/on_hurt": {
    "criteria": {
      "not_projectile": "2024-08-31 11:41:05 +0000",
      "blocked_false": "2024-08-31 11:41:05 +0000"
    },
    "done": false
  },
  "minecraft:recipes/decorations/orange_bed_from_white_bed": {
    "criteria": {
      "has_bed": "2024-08-31 11:42:47 +0000"
    },
    "done": true
  },
  "aquaculture:recipes/aquaculture/light_hook": {
    "criteria": {
      "has_items": "2024-08-31 11:35:06 +0000"
    },
    "done": true
  },
  "aquaculture:recipes/misc/iron_nugget_from_smelting": {
    "criteria": {
      "has_fishing_rod": "2024-08-31 11:35:06 +0000",
      "has_fillet_knife": "2024-08-31 11:35:06 +0000"
    },
    "done": true
  },
  "pfm:recipes/pfm.furniture/crimson_white_simple_bed": {
    "criteria": {
      "has_bed": "2024-08-31 11:42:47 +0000"
    },
    "done": true
  },
  "pfm:recipes/pfm.furniture/palm_biomesoplenty_white_classic_bed": {
    "criteria": {
      "has_bed": "2024-08-31 11:42:47 +0000"
    },
    "done": true
  },
  "minecraft:adventure/ol_betsy": {
    "criteria": {
      "shot_crossbow": "2024-08-31 11:40:07 +0000"
    },
    "done": true
  },
  "aquaculture:recipes/decorations/oak_fish_mount": {
    "criteria": {
      "has_items": "2024-08-31 11:35:06 +0000"
    },
    "done": true
  },
  "biomesoplenty:recipes/transportation/hellbark_boat": {
    "criteria": {
      "in_water": "2024-08-31 11:36:20 +0000"
    },
    "done": true
  },
  "aquaculture:recipes/decorations/dark_oak_fish_mount": {
    "criteria": {
      "has_items": "2024-08-31 11:35:06 +0000"
    },
    "done": true
  },
  "minecraft:adventure/adventuring_time": {
    "criteria": {
      "minecraft:sparse_jungle": "2024-08-31 11:43:48 +0000",
      "minecraft:river": "2024-08-31 11:36:21 +0000",
      "minecraft:forest": "2024-08-31 11:36:05 +0000",
      "minecraft:jungle": "2024-08-31 11:35:07 +0000",
      "minecraft:plains": "2024-08-31 11:36:31 +0000"
    },
    "done": false
  },
  "minecraft:adventure/sleep_in_bed": {
    "criteria": {
      "slept_in_bed": "2024-08-31 11:36:46 +0000"
    },
    "done": true
  },
  "pfm:recipes/pfm.furniture/jacaranda_biomesoplenty_white_simple_bed": {
    "criteria": {
      "has_bed": "2024-08-31 11:42:47 +0000"
    },
    "done": true
  },
  "minecraft:recipes/decorations/purple_bed_from_white_bed": {
    "criteria": {
      "has_bed": "2024-08-31 11:42:47 +0000"
    },
    "done": true
  },
  "aquaculture:recipes/misc/jellyfish_to_slimeball": {
    "criteria": {
      "has_items": "2024-08-31 11:35:06 +0000"
    },
    "done": true
  },
  "minecraft:husbandry/root": {
    "criteria": {
      "consumed_item": "2024-08-31 11:38:16 +0000"
    },
    "done": true
  },
  "pfm:recipes/pfm.furniture/undead_evilcraft_white_classic_bed": {
    "criteria": {
      "has_bed": "2024-08-31 11:42:47 +0000"
    },
    "done": true
  },
  "pfm:recipes/pfm.furniture/magic_biomesoplenty_white_classic_bed": {
    "criteria": {
      "has_bed": "2024-08-31 11:42:47 +0000"
    },
    "done": true
  },
  "minecraft:recipes/transportation/birch_boat": {
    "criteria": {
      "in_water": "2024-08-31 11:36:20 +0000"
    },
    "done": true
  },
  "pfm:recipes/pfm.furniture/cherry_biomesoplenty_white_classic_bed": {
    "criteria": {
      "has_bed": "2024-08-31 11:42:47 +0000"
    },
    "done": true
  },
  "minecraft:recipes/transportation/acacia_boat": {
    "criteria": {
      "in_water": "2024-08-31 11:36:20 +0000"
    },
    "done": true
  },
  "pfm:recipes/pfm.furniture/birch_white_simple_bed": {
    "criteria": {
      "has_bed": "2024-08-31 11:42:47 +0000"
    },
    "done": true
  },
  "aquaculture:recipes/misc/red_mushroom_from_fish": {
    "criteria": {
      "has_items": "2024-08-31 11:35:06 +0000"
    },
    "done": true
  },
  "aquaculture:recipes/tools/diamond_fishing_rod": {
    "criteria": {
      "has_vanilla_rod": "2024-08-31 11:35:06 +0000"
    },
    "done": true
  },
  "aquaculture:recipes/tools/iron_fishing_rod": {
    "criteria": {
      "has_vanilla_rod": "2024-08-31 11:35:06 +0000"
    },
    "done": true
  },
  "pfm:recipes/pfm.furniture/warped_white_classic_bed": {
    "criteria": {
      "has_bed": "2024-08-31 11:42:47 +0000"
    },
    "done": true
  },
  "pfm:recipes/pfm.furniture/umbran_biomesoplenty_white_simple_bed": {
    "criteria": {
      "has_bed": "2024-08-31 11:42:47 +0000"
    },
    "done": true
  },
  "minecraft:recipes/decorations/cyan_bed_from_white_bed": {
    "criteria": {
      "has_bed": "2024-08-31 11:42:47 +0000"
    },
    "done": true
  },
  "minecraft:adventure/root": {
    "criteria": {
      "killed_something": "2024-08-31 11:40:48 +0000"
    },
    "done": true
  },
  "aquaculture:recipes/misc/bonemeal_from_fish_bones": {
    "criteria": {
      "has_items": "2024-08-31 11:35:06 +0000"
    },
    "done": true
  },
  "minecraft:recipes/transportation/jungle_boat": {
    "criteria": {
      "in_water": "2024-08-31 11:36:20 +0000"
    },
    "done": true
  },
  "aquaculture:recipes/decorations/acacia_fish_mount": {
    "criteria": {
      "has_items": "2024-08-31 11:35:06 +0000"
    },
    "done": true
  },
  "minecraft:adventure/shoot_arrow": {
    "criteria": {
      "shot_arrow": "2024-08-31 11:40:07 +0000"
    },
    "done": true
  },
  "pfm:recipes/pfm.furniture/oak_white_classic_bed": {
    "criteria": {
      "has_bed": "2024-08-31 11:42:47 +0000"
    },
    "done": true
  },
  "aquaculture:recipes/misc/gold_nugget_from_blasting": {
    "criteria": {
      "has_fishing_rod": "2024-08-31 11:35:06 +0000",
      "has_fillet_knife": "2024-08-31 11:35:06 +0000"
    },
    "done": true
  },
  "aquaculture:recipes/misc/brown_mushroom_from_fish": {
    "criteria": {
      "has_items": "2024-08-31 11:35:06 +0000"
    },
    "done": true
  },
  "pfm:recipes/pfm.furniture/redwood_biomesoplenty_white_classic_bed": {
    "criteria": {
      "has_bed": "2024-08-31 11:42:47 +0000"
    },
    "done": true
  },
  "minecraft:recipes/decorations/gray_bed_from_white_bed": {
    "criteria": {
      "has_bed": "2024-08-31 11:42:47 +0000"
    },
    "done": true
  },
  "aquaculture:recipes/aquaculture/heavy_hook": {
    "criteria": {
      "has_items": "2024-08-31 11:35:06 +0000"
    },
    "done": true
  },
  "minecraft:recipes/decorations/lime_bed_from_white_bed": {
    "criteria": {
      "has_bed": "2024-08-31 11:42:47 +0000"
    },
    "done": true
  },
  "aquaculture:recipes/aquaculture/iron_hook": {
    "criteria": {
      "has_items": "2024-08-31 11:35:06 +0000"
    },
    "done": true
  },
  "minecraft:recipes/decorations/glow_item_frame": {
    "criteria": {
      "has_item_frame": "2024-08-31 11:39:35 +0000"
    },
    "done": true
  },
  "minecraft:recipes/transportation/dark_oak_boat": {
    "criteria": {
      "in_water": "2024-08-31 11:36:20 +0000"
    },
    "done": true
  },
  "aquaculture:recipes/misc/iron_nugget_from_blasting": {
    "criteria": {
      "has_fishing_rod": "2024-08-31 11:35:06 +0000",
      "has_fillet_knife": "2024-08-31 11:35:06 +0000"
    },
    "done": true
  },
  "aquaculture:recipes/building_blocks/planks_from_driftwood": {
    "criteria": {
      "has_items": "2024-08-31 11:35:06 +0000"
    },
    "done": true
  },
  "aquaculture:recipes/aquaculture/double_hook": {
    "criteria": {
      "has_items": "2024-08-31 11:35:06 +0000"
    },
    "done": true
  },
  "minecraft:recipes/decorations/brown_bed_from_white_bed": {
    "criteria": {
      "has_bed": "2024-08-31 11:42:47 +0000"
    },
    "done": true
  },
  "minecraft:recipes/decorations/green_bed_from_white_bed": {
    "criteria": {
      "has_bed": "2024-08-31 11:42:47 +0000"
    },
    "done": true
  },
  "aquaculture:recipes/decorations/jungle_fish_mount": {
    "criteria": {
      "has_items": "2024-08-31 11:35:06 +0000"
    },
    "done": true
  },
  "pfm:recipes/pfm.furniture/dead_biomesoplenty_white_classic_bed": {
    "criteria": {
      "has_bed": "2024-08-31 11:42:47 +0000"
    },
    "done": true
  },
  "pfm:recipes/pfm.furniture/fir_biomesoplenty_white_simple_bed": {
    "criteria": {
      "has_bed": "2024-08-31 11:42:47 +0000"
    },
    "done": true
  },
  "minecraft:recipes/decorations/pink_bed_from_white_bed": {
    "criteria": {
      "has_bed": "2024-08-31 11:42:47 +0000"
    },
    "done": true
  },
  "pfm:recipes/pfm.furniture/undead_evilcraft_white_simple_bed": {
    "criteria": {
      "has_bed": "2024-08-31 11:42:47 +0000"
    },
    "done": true
  },
  "minecraft:recipes/misc/iron_nugget_from_smelting": {
    "criteria": {
      "has_chainmail_leggings": "2024-08-31 11:36:40 +0000"
    },
    "done": true
  },
  "biomesoplenty:recipes/transportation/jacaranda_boat": {
    "criteria": {
      "in_water": "2024-08-31 11:36:20 +0000"
    },
    "done": true
  },
  "dnl:story/themes/illager/locate": {
    "criteria": {
      "locate_plains_pillager_camp": "2024-08-31 11:36:35 +0000"
    },
    "done": true
  },
  "minecraft:recipes/food/cooked_mutton_from_smoking": {
    "criteria": {
      "has_mutton": "2024-08-31 11:36:59 +0000"
    },
    "done": true
  },
  "aquaculture:recipes/decorations/birch_fish_mount": {
    "criteria": {
      "has_items": "2024-08-31 11:35:06 +0000"
    },
    "done": true
  },
  "pfm:recipes/pfm.furniture/runic_solarcraft_white_simple_bed": {
    "criteria": {
      "has_bed": "2024-08-31 11:42:47 +0000"
    },
    "done": true
  },
  "pfm:recipes/pfm.furniture/crimson_white_classic_bed": {
    "criteria": {
      "has_bed": "2024-08-31 11:42:47 +0000"
    },
    "done": true
  },
  "aquaculture:recipes/aquaculture/bobber": {
    "criteria": {
      "has_items": "2024-08-31 11:35:06 +0000"
    },
    "done": true
  },
  "minecraft:story/upgrade_tools": {
    "criteria": {
      "stone_pickaxe": "2024-08-31 11:39:57 +0000"
    },
    "done": true
  },
  "pfm:recipes/pfm.furniture/radiant_solarcraft_white_classic_bed": {
    "criteria": {
      "has_bed": "2024-08-31 11:42:47 +0000"
    },
    "done": true
  },
  "minecraft:recipes/decorations/red_bed_from_white_bed": {
    "criteria": {
      "has_bed": "2024-08-31 11:42:47 +0000"
    },
    "done": true
  },
  "pfm:recipes/pfm.furniture/magic_biomesoplenty_white_simple_bed": {
    "criteria": {
      "has_bed": "2024-08-31 11:42:47 +0000"
    },
    "done": true
  },
  "aquaculture:recipes/aquaculture/fishing_line": {
    "criteria": {
      "has_items": "2024-08-31 11:35:06 +0000"
    },
    "done": true
  },
  "minecraft:recipes/transportation/oak_boat": {
    "criteria": {
      "in_water": "2024-08-31 11:36:20 +0000"
    },
    "done": true
  },
  "aquaculture:recipes/misc/neptinium_ingot_from_blasting": {
    "criteria": {
      "has_leggings": "2024-08-31 11:35:06 +0000",
      "has_axe": "2024-08-31 11:35:06 +0000",
      "has_helmet": "2024-08-31 11:35:06 +0000",
      "has_fishing_rod": "2024-08-31 11:35:06 +0000",
      "has_bow": "2024-08-31 11:35:06 +0000",
      "has_chestplate": "2024-08-31 11:35:06 +0000",
      "has_sword": "2024-08-31 11:35:06 +0000",
      "has_fillet_knife": "2024-08-31 11:35:06 +0000",
      "has_shovel": "2024-08-31 11:35:06 +0000",
      "has_hoe": "2024-08-31 11:35:06 +0000",
      "has_boots": "2024-08-31 11:35:06 +0000",
      "has_pickaxe": "2024-08-31 11:35:06 +0000"
    },
    "done": true
  },
  "pfm:recipes/pfm.furniture/fir_biomesoplenty_white_classic_bed": {
    "criteria": {
      "has_bed": "2024-08-31 11:42:47 +0000"
    },
    "done": true
  },
  "minecraft:recipes/food/cooked_mutton": {
    "criteria": {
      "has_mutton": "2024-08-31 11:36:59 +0000"
    },
    "done": true
  },
  "pfm:recipes/pfm.furniture/mangrove_white_simple_bed": {
    "criteria": {
      "has_bed": "2024-08-31 11:42:47 +0000"
    },
    "done": true
  },
  "minecraft:recipes/decorations/blue_bed_from_white_bed": {
    "criteria": {
      "has_bed": "2024-08-31 11:42:47 +0000"
    },
    "done": true
  },
  "minecraft:recipes/food/cooked_porkchop": {
    "criteria": {
      "has_porkchop": "2024-08-31 11:40:49 +0000"
    },
    "done": true
  },
  "minecraft:recipes/decorations/light_gray_bed_from_white_bed": {
    "criteria": {
      "has_bed": "2024-08-31 11:42:47 +0000"
    },
    "done": true
  },
  "pfm:recipes/pfm.furniture/hellbark_biomesoplenty_white_classic_bed": {
    "criteria": {
      "has_bed": "2024-08-31 11:42:47 +0000"
    },
    "done": true
  },
  "minecraft:recipes/building_blocks/bone_block": {
    "criteria": {
      "has_bone_meal": "2024-08-31 11:37:35 +0000"
    },
    "done": true
  },
  "DataVersion": 3120
}