{
  "securitycraft:recipes/securitycraft/universal_block_remover": {
    "criteria": {
      "has_iron": "2024-08-31 11:35:33 +0000"
    },
    "done": true
  },
  "minecraft:recipes/tools/fishing_rod": {
    "criteria": {
      "has_string": "2024-08-31 11:55:08 +0000"
    },
    "done": true
  },
  "minecraft:recipes/food/cooked_mutton_from_campfire_cooking": {
    "criteria": {
      "has_mutton": "2024-08-31 11:54:36 +0000"
    },
    "done": true
  },
  "minecraft:recipes/decorations/smoker": {
    "criteria": {
      "has_furnace": "2024-08-31 12:27:05 +0000"
    },
    "done": true
  },
  "scalinghealth:recipes/scalinghealth/power_crystal": {
    "criteria": {
      "cobblestone": "2024-08-31 12:21:05 +0000"
    },
    "done": true
  },
  "pfm:recipes/pfm.furniture/jungle_white_classic_bed": {
    "criteria": {
      "has_bed": "2024-08-31 11:49:59 +0000"
    },
    "done": true
  },
  "minecraft:recipes/redstone/lever": {
    "criteria": {
      "has_cobblestone": "2024-08-31 12:21:05 +0000"
    },
    "done": true
  },
  "minecraft:recipes/combat/iron_sword": {
    "criteria": {
      "has_iron_ingot": "2024-08-31 11:35:33 +0000"
    },
    "done": true
  },
  "minecraft:recipes/building_blocks/stone_bricks": {
    "criteria": {
      "has_stone": "2024-08-31 13:13:11 +0000"
    },
    "done": true
  },
  "pfm:recipes/pfm.furniture/birch_kitchen_cabinet": {
    "criteria": {
      "has_planks": "2024-08-31 12:04:44 +0000"
    },
    "done": true
  },
  "mcwbridges:recipes/andesite_bridge_stair": {
    "criteria": {
      "has_planks": "2024-08-31 13:07:16 +0000"
    },
    "done": true
  },
  "securitycraft:recipes/securitycraft/sentry": {
    "criteria": {
      "has_iron": "2024-08-31 11:35:33 +0000"
    },
    "done": true
  },
  "minecraft:recipes/building_blocks/lime_concrete_powder": {
    "criteria": {
      "has_gravel": "2024-08-31 13:08:34 +0000"
    },
    "done": true
  },
  "pfm:recipes/pfm.furniture/mangrove_white_classic_bed": {
    "criteria": {
      "has_bed": "2024-08-31 11:49:59 +0000"
    },
    "done": true
  },
  "pfm:recipes/pfm.furniture/spruce_white_simple_bed": {
    "criteria": {
      "has_bed": "2024-08-31 11:49:59 +0000"
    },
    "done": true
  },
  "pfm:recipes/pfm.furniture/cherry_biomesoplenty_kitchen_wall_counter": {
    "criteria": {
      "has_planks": "2024-08-31 12:11:59 +0000"
    },
    "done": true
  },
  "minecraft:recipes/tools/iron_pickaxe": {
    "criteria": {
      "has_iron_ingot": "2024-08-31 11:35:33 +0000"
    },
    "done": true
  },
  "pfm:recipes/pfm.furniture/cherry_biomesoplenty_simple_bunk_ladder": {
    "criteria": {
      "has_planks": "2024-08-31 12:12:04 +0000"
    },
    "done": true
  },
  "minecraft:recipes/building_blocks/yellow_concrete_powder": {
    "criteria": {
      "has_gravel": "2024-08-31 13:08:34 +0000"
    },
    "done": true
  },
  "pfm:recipes/pfm.furniture/mahogany_biomesoplenty_white_simple_bed": {
    "criteria": {
      "has_bed": "2024-08-31 11:49:59 +0000"
    },
    "done": true
  },
  "minecraft:recipes/building_blocks/magenta_wool": {
    "criteria": {
      "has_white_wool": "2024-08-31 11:54:36 +0000"
    },
    "done": true
  },
  "minecraft:recipes/decorations/crafting_table": {
    "criteria": {
      "has_planks": "2024-08-31 11:56:39 +0000"
    },
    "done": true
  },
  "minecraft:recipes/decorations/ladder": {
    "criteria": {
      "has_stick": "2024-08-31 11:59:42 +0000"
    },
    "done": true
  },
  "minecraft:recipes/decorations/chest": {
    "criteria": {
      "has_lots_of_items": "2024-08-31 11:29:30 +0000"
    },
    "done": true
  },
  "minecraft:story/shiny_gear": {
    "criteria": {
      "diamond_boots": "2024-08-31 11:38:39 +0000"
    },
    "done": true
  },
  "pfm:recipes/pfm.furniture/jacaranda_biomesoplenty_kitchen_wall_counter": {
    "criteria": {
      "has_planks": "2024-08-31 11:56:23 +0000"
    },
    "done": true
  },
  "biomesoplenty:recipes/redstone/jacaranda_trapdoor": {
    "criteria": {
      "has_planks": "2024-08-31 11:56:39 +0000"
    },
    "done": true
  },
  "minecraft:recipes/building_blocks/chiseled_stone_bricks_stone_from_stonecutting": {
    "criteria": {
      "has_stone": "2024-08-31 13:13:11 +0000"
    },
    "done": true
  },
  "minecraft:recipes/transportation/mangrove_boat": {
    "criteria": {
      "in_water": "2024-08-31 11:28:44 +0000"
    },
    "done": true
  },
  "minecraft:recipes/tools/wooden_shovel": {
    "criteria": {
      "has_stick": "2024-08-31 11:59:42 +0000"
    },
    "done": true
  },
  "aquaculture:recipes/tools/golden_fishing_rod": {
    "criteria": {
      "has_vanilla_rod": "2024-08-31 11:25:32 +0000"
    },
    "done": true
  },
  "minecraft:recipes/decorations/torch": {
    "criteria": {
      "has_stone_pickaxe": "2024-08-31 11:38:27 +0000"
    },
    "done": true
  },
  "pfm:recipes/pfm.furniture/stone_table_natural": {
    "criteria": {
      "stone_table_natural": "2024-08-31 13:13:11 +0000"
    },
    "done": true
  },
  "minecraft:recipes/decorations/black_carpet_from_white_carpet": {
    "criteria": {
      "has_white_carpet": "2024-08-31 11:39:27 +0000"
    },
    "done": true
  },
  "pfm:recipes/pfm.furniture/jacaranda_biomesoplenty_chair_dinner": {
    "criteria": {
      "has_planks": "2024-08-31 11:56:39 +0000"
    },
    "done": true
  },
  "minecraft:recipes/tools/shears": {
    "criteria": {
      "has_iron_ingot": "2024-08-31 11:35:33 +0000"
    },
    "done": true
  },
  "minecraft:recipes/misc/stick": {
    "criteria": {
      "has_planks": "2024-08-31 11:56:39 +0000"
    },
    "done": true
  },
  "minecraft:recipes/building_blocks/stone_brick_slab_from_stone_stonecutting": {
    "criteria": {
      "has_stone": "2024-08-31 13:13:11 +0000"
    },
    "done": true
  },
  "biomesoplenty:recipes/redstone/cherry_button": {
    "criteria": {
      "has_planks": "2024-08-31 12:12:04 +0000"
    },
    "done": true
  },
  "pfm:recipes/pfm.furniture/iron_freezer": {
    "criteria": {
      "has_iron_ingot": "2024-08-31 11:35:33 +0000"
    },
    "done": true
  },
  "pfm:recipes/pfm.furniture/stripped_birch_kitchen_wall_drawer": {
    "criteria": {
      "has_planks": "2024-08-31 12:23:27 +0000"
    },
    "done": true
  },
  "minecraft:recipes/redstone/dispenser": {
    "criteria": {
      "has_bow": "2024-08-31 11:38:39 +0000"
    },
    "done": true
  },
  "pfm:recipes/pfm.furniture/warped_white_simple_bed": {
    "criteria": {
      "has_bed": "2024-08-31 11:49:59 +0000"
    },
    "done": true
  },
  "securitycraft:recipes/securitycraft/electrified_iron_fence": {
    "criteria": {
      "has_iron": "2024-08-31 11:35:33 +0000"
    },
    "done": true
  },
  "minecraft:recipes/combat/iron_leggings": {
    "criteria": {
      "has_iron_ingot": "2024-08-31 11:35:33 +0000"
    },
    "done": true
  },
  "securitycraft:recipes/securitycraft/display_case": {
    "criteria": {
      "has_item_frame": "2024-08-31 11:38:08 +0000"
    },
    "done": true
  },
  "pfm:recipes/pfm.furniture/birch_table_basic": {
    "criteria": {
      "has_planks": "2024-08-31 12:04:50 +0000"
    },
    "done": true
  },
  "pfm:recipes/pfm.furniture/jungle_white_simple_bed": {
    "criteria": {
      "has_bed": "2024-08-31 11:49:59 +0000"
    },
    "done": true
  },
  "mcwbridges:recipes/cobblestone_bridge": {
    "criteria": {
      "has_planks": "2024-08-31 12:21:05 +0000"
    },
    "done": true
  },
  "minecraft:recipes/combat/shield": {
    "criteria": {
      "has_iron_ingot": "2024-08-31 11:35:33 +0000"
    },
    "done": true
  },
  "minecraft:recipes/building_blocks/cobblestone_slab": {
    "criteria": {
      "has_cobblestone": "2024-08-31 12:21:05 +0000"
    },
    "done": true
  },
  "pfm:recipes/pfm.furniture/cherry_biomesoplenty_table_basic": {
    "criteria": {
      "has_planks": "2024-08-31 12:12:04 +0000"
    },
    "done": true
  },
  "minecraft:recipes/redstone/hopper": {
    "criteria": {
      "has_iron_ingot": "2024-08-31 11:35:33 +0000"
    },
    "done": true
  },
  "pfm:recipes/pfm.furniture/palm_biomesoplenty_white_simple_bed": {
    "criteria": {
      "has_bed": "2024-08-31 11:49:59 +0000"
    },
    "done": true
  },
  "mcwbridges:recipes/iron_bridge": {
    "criteria": {
      "has_planks": "2024-08-31 11:35:33 +0000"
    },
    "done": true
  },
  "pfm:recipes/pfm.furniture/jacaranda_biomesoplenty_kitchen_counter_oven": {
    "criteria": {
      "has_planks": "2024-08-31 11:56:23 +0000"
    },
    "done": true
  },
  "minecraft:recipes/building_blocks/coarse_dirt": {
    "criteria": {
      "has_gravel": "2024-08-31 13:08:34 +0000"
    },
    "done": true
  },
  "pfm:recipes/building_blocks/spruce_herringbone_planks": {
    "criteria": {
      "has_wood_slabs": "2024-08-31 11:39:30 +0000"
    },
    "done": true
  },
  "pfm:recipes/pfm.furniture/stripped_birch_chair_modern": {
    "criteria": {
      "has_planks": "2024-08-31 12:23:26 +0000"
    },
    "done": true
  },
  "pfm:recipes/pfm.furniture/jacaranda_biomesoplenty_white_classic_bed": {
    "criteria": {
      "has_bed": "2024-08-31 11:49:59 +0000"
    },
    "done": true
  },
  "aquaculture:recipes/misc/gold_nugget_from_smelting": {
    "criteria": {
      "has_fishing_rod": "2024-08-31 11:25:32 +0000",
      "has_fillet_knife": "2024-08-31 11:25:32 +0000"
    },
    "done": true
  },
  "minecraft:recipes/building_blocks/light_gray_concrete_powder": {
    "criteria": {
      "has_gravel": "2024-08-31 13:08:34 +0000"
    },
    "done": true
  },
  "pfm:recipes/pfm.furniture/jacaranda_biomesoplenty_modern_stool": {
    "criteria": {
      "has_planks": "2024-08-31 11:56:39 +0000"
    },
    "done": true
  },
  "aquaculture:recipes/aquaculture/worm_farm": {
    "criteria": {
      "has_items": "2024-08-31 11:25:32 +0000"
    },
    "done": true
  },
  "biomesoplenty:recipes/transportation/cherry_boat": {
    "criteria": {
      "in_water": "2024-08-31 11:28:44 +0000"
    },
    "done": true
  },
  "pfm:recipes/pfm.furniture/cherry_biomesoplenty_chair_modern": {
    "criteria": {
      "has_planks": "2024-08-31 12:12:04 +0000"
    },
    "done": true
  },
  "pfm:recipes/pfm.furniture/dead_biomesoplenty_white_simple_bed": {
    "criteria": {
      "has_bed": "2024-08-31 11:49:59 +0000"
    },
    "done": true
  },
  "minecraft:recipes/building_blocks/stripped_birch_wood": {
    "criteria": {
      "has_log": "2024-08-31 12:23:26 +0000"
    },
    "done": true
  },
  "biomesoplenty:recipes/transportation/fir_boat": {
    "criteria": {
      "in_water": "2024-08-31 11:28:44 +0000"
    },
    "done": true
  },
  "pfm:recipes/pfm.furniture/stone_table_classic": {
    "criteria": {
      "stone_table_classic": "2024-08-31 13:13:11 +0000"
    },
    "done": true
  },
  "minecraft:recipes/building_blocks/pink_concrete_powder": {
    "criteria": {
      "has_gravel": "2024-08-31 13:08:34 +0000"
    },
    "done": true
  },
  "securitycraft:recipes/securitycraft/security_camera": {
    "criteria": {
      "has_iron": "2024-08-31 11:35:33 +0000"
    },
    "done": true
  },
  "pfm:recipes/pfm.furniture/cherry_biomesoplenty_white_simple_bed": {
    "criteria": {
      "has_bed": "2024-08-31 11:49:59 +0000"
    },
    "done": true
  },
  "pfm:recipes/pfm.furniture/stripped_birch_classic_stool": {
    "criteria": {
      "has_planks": "2024-08-31 12:23:26 +0000"
    },
    "done": true
  },
  "minecraft:recipes/redstone/lectern": {
    "criteria": {
      "has_book": "2024-08-31 11:39:28 +0000"
    },
    "done": true
  },
  "securitycraft:recipes/securitycraft/door_indestructible_iron_item": {
    "criteria": {
      "has_iron": "2024-08-31 11:35:33 +0000"
    },
    "done": true
  },
  "pfm:recipes/pfm.furniture/stripped_birch_table_log": {
    "criteria": {
      "has_log": "2024-08-31 12:23:26 +0000"
    },
    "done": true
  },
  "pfm:recipes/pfm.furniture/stone_chair_classic": {
    "criteria": {
      "stone_chair_classic": "2024-08-31 13:13:11 +0000"
    },
    "done": true
  },
  "aquaculture:recipes/decorations/spruce_fish_mount": {
    "criteria": {
      "has_items": "2024-08-31 11:25:32 +0000"
    },
    "done": true
  },
  "pfm:recipes/pfm.furniture/iron_stove": {
    "criteria": {
      "has_iron_ingot": "2024-08-31 11:35:33 +0000"
    },
    "done": true
  },
  "minecraft:recipes/building_blocks/stone_stairs_from_stone_stonecutting": {
    "criteria": {
      "has_stone": "2024-08-31 13:13:11 +0000"
    },
    "done": true
  },
  "minecraft:recipes/decorations/magenta_bed_from_white_bed": {
    "criteria": {
      "has_bed": "2024-08-31 11:49:59 +0000"
    },
    "done": true
  },
  "minecraft:recipes/decorations/iron_bars": {
    "criteria": {
      "has_iron_ingot": "2024-08-31 11:35:33 +0000"
    },
    "done": true
  },
  "minecraft:recipes/building_blocks/andesite_stairs_from_andesite_stonecutting": {
    "criteria": {
      "has_andesite": "2024-08-31 13:07:16 +0000"
    },
    "done": true
  },
  "minecraft:recipes/building_blocks/blue_wool": {
    "criteria": {
      "has_white_wool": "2024-08-31 11:54:36 +0000"
    },
    "done": true
  },
  "minecraft:story/obtain_armor": {
    "criteria": {
      "iron_boots": "2024-08-31 11:29:30 +0000"
    },
    "done": true
  },
  "pfm:recipes/pfm.furniture/stripped_birch_table_basic": {
    "criteria": {
      "has_planks": "2024-08-31 12:23:27 +0000"
    },
    "done": true
  },
  "pfm:recipes/pfm.furniture/palm_biomesoplenty_white_classic_bed": {
    "criteria": {
      "has_bed": "2024-08-31 11:49:59 +0000"
    },
    "done": true
  },
  "biomesoplenty:biomesoplenty/all_biomes": {
    "criteria": {
      "old_growth_woodland": "2024-08-31 11:54:06 +0000",
      "orchard": "2024-08-31 11:55:16 +0000",
      "lavender_forest": "2024-08-31 11:55:53 +0000",
      "redwood_forest": "2024-08-31 12:02:04 +0000",
      "cherry_blossom_grove": "2024-08-31 12:03:09 +0000",
      "grassland": "2024-08-31 12:04:03 +0000"
    },
    "done": false
  },
  "pfm:recipes/pfm.furniture/birch_table_modern_dinner": {
    "criteria": {
      "has_planks": "2024-08-31 12:04:50 +0000"
    },
    "done": true
  },
  "pfm:recipes/pfm.furniture/stripped_birch_kitchen_cabinet": {
    "criteria": {
      "has_planks": "2024-08-31 12:23:26 +0000"
    },
    "done": true
  },
  "minecraft:recipes/brewing/cauldron": {
    "criteria": {
      "has_water_bucket": "2024-08-31 13:17:28 +0000"
    },
    "done": true
  },
  "pfm:recipes/pfm.furniture/cherry_biomesoplenty_modern_stool": {
    "criteria": {
      "has_planks": "2024-08-31 12:12:04 +0000"
    },
    "done": true
  },
  "minecraft:adventure/sleep_in_bed": {
    "criteria": {
      "slept_in_bed": "2024-08-31 11:30:48 +0000"
    },
    "done": true
  },
  "minecraft:recipes/building_blocks/cobblestone_slab_from_cobblestone_stonecutting": {
    "criteria": {
      "has_cobblestone": "2024-08-31 12:21:05 +0000"
    },
    "done": true
  },
  "aquaculture:recipes/misc/jellyfish_to_slimeball": {
    "criteria": {
      "has_items": "2024-08-31 11:25:32 +0000"
    },
    "done": true
  },
  "minecraft:recipes/building_blocks/polished_andesite_slab_from_andesite_stonecutting": {
    "criteria": {
      "has_andesite": "2024-08-31 13:07:16 +0000"
    },
    "done": true
  },
  "ironchest:recipes/ironchest/chests/copper_iron_chest": {
    "criteria": {
      "has_item": "2024-08-31 11:35:33 +0000"
    },
    "done": true
  },
  "minecraft:recipes/transportation/acacia_boat": {
    "criteria": {
      "in_water": "2024-08-31 11:28:44 +0000"
    },
    "done": true
  },
  "pfm:recipes/pfm.furniture/cherry_biomesoplenty_kitchen_counter_oven": {
    "criteria": {
      "has_planks": "2024-08-31 12:11:59 +0000"
    },
    "done": true
  },
  "minecraft:recipes/misc/copper_ingot_from_blasting_raw_copper": {
    "criteria": {
      "has_raw_copper": "2024-08-31 13:07:21 +0000"
    },
    "done": true
  },
  "minecraft:recipes/redstone/iron_trapdoor": {
    "criteria": {
      "has_iron_ingot": "2024-08-31 11:35:33 +0000"
    },
    "done": true
  },
  "aquaculture:recipes/tools/iron_fillet_knife": {
    "criteria": {
      "has_items": "2024-08-31 11:35:33 +0000"
    },
    "done": true
  },
  "aquaculture:recipes/tools/iron_fishing_rod": {
    "criteria": {
      "has_vanilla_rod": "2024-08-31 11:25:32 +0000"
    },
    "done": true
  },
  "minecraft:recipes/decorations/light_blue_carpet_from_white_carpet": {
    "criteria": {
      "has_white_carpet": "2024-08-31 11:39:27 +0000"
    },
    "done": true
  },
  "minecraft:recipes/decorations/birch_sign": {
    "criteria": {
      "has_planks": "2024-08-31 12:04:50 +0000"
    },
    "done": true
  },
  "pfm:recipes/pfm.furniture/stripped_birch_table_modern_dinner": {
    "criteria": {
      "has_planks": "2024-08-31 12:23:26 +0000"
    },
    "done": true
  },
  "biomesoplenty:recipes/building_blocks/jacaranda_slab": {
    "criteria": {
      "has_planks": "2024-08-31 11:56:39 +0000"
    },
    "done": true
  },
  "minecraft:adventure/root": {
    "criteria": {
      "killed_something": "2024-08-31 11:29:11 +0000"
    },
    "done": true
  },
  "aquaculture:recipes/decorations/acacia_fish_mount": {
    "criteria": {
      "has_items": "2024-08-31 11:25:32 +0000"
    },
    "done": true
  },
  "pfm:recipes/pfm.furniture/stone_classic_nightstand": {
    "criteria": {
      "stone_classic_nightstand": "2024-08-31 13:13:11 +0000"
    },
    "done": true
  },
  "pfm:recipes/pfm.furniture/oak_white_classic_bed": {
    "criteria": {
      "has_bed": "2024-08-31 11:49:59 +0000"
    },
    "done": true
  },
  "pfm:recipes/pfm.furniture/birch_table_classic": {
    "criteria": {
      "has_planks": "2024-08-31 12:04:50 +0000"
    },
    "done": true
  },
  "securitycraft:recipes/securitycraft/storage_module": {
    "criteria": {
      "has_iron": "2024-08-31 11:35:33 +0000"
    },
    "done": true
  },
  "aquaculture:recipes/misc/brown_mushroom_from_fish": {
    "criteria": {
      "has_items": "2024-08-31 11:25:32 +0000"
    },
    "done": true
  },
  "minecraft:recipes/decorations/gray_bed_from_white_bed": {
    "criteria": {
      "has_bed": "2024-08-31 11:49:59 +0000"
    },
    "done": true
  },
  "minecraft:recipes/building_blocks/white_concrete_powder": {
    "criteria": {
      "has_gravel": "2024-08-31 13:08:34 +0000"
    },
    "done": true
  },
  "minecraft:recipes/building_blocks/stone_brick_stairs_from_stone_stonecutting": {
    "criteria": {
      "has_stone": "2024-08-31 13:13:11 +0000"
    },
    "done": true
  },
  "minecraft:recipes/building_blocks/white_wool_from_string": {
    "criteria": {
      "has_string": "2024-08-31 11:55:08 +0000"
    },
    "done": true
  },
  "pfm:recipes/pfm.furniture/stripped_birch_kitchen_drawer": {
    "criteria": {
      "has_planks": "2024-08-31 12:23:26 +0000"
    },
    "done": true
  },
  "minecraft:adventure/kill_all_mobs": {
    "criteria": {
      "minecraft:skeleton": "2024-08-31 11:55:42 +0000",
      "minecraft:spider": "2024-08-31 11:55:03 +0000",
      "minecraft:creeper": "2024-08-31 22:37:05 +0000",
      "minecraft:enderman": "2024-08-31 21:46:24 +0000",
      "minecraft:zombie": "2024-08-31 11:38:21 +0000",
      "minecraft:zombie_villager": "2024-08-31 11:58:41 +0000"
    },
    "done": false
  },
  "minecraft:recipes/building_blocks/birch_wood": {
    "criteria": {
      "has_log": "2024-08-31 12:04:44 +0000"
    },
    "done": true
  },
  "mcwbridges:recipes/granite_bridge": {
    "criteria": {
      "has_planks": "2024-08-31 13:08:20 +0000"
    },
    "done": true
  },
  "pfm:recipes/pfm.furniture/birch_classic_stool": {
    "criteria": {
      "has_planks": "2024-08-31 12:04:50 +0000"
    },
    "done": true
  },
  "pfm:recipes/pfm.furniture/iron_oven_range_hood": {
    "criteria": {
      "has_iron_ingot": "2024-08-31 11:35:33 +0000"
    },
    "done": true
  },
  "pfm:recipes/pfm.furniture/fir_biomesoplenty_white_simple_bed": {
    "criteria": {
      "has_bed": "2024-08-31 11:49:59 +0000"
    },
    "done": true
  },
  "mcwbridges:recipes/cobblestone_bridge_stair": {
    "criteria": {
      "has_planks": "2024-08-31 12:21:05 +0000"
    },
    "done": true
  },
  "pfm:recipes/pfm.furniture/cherry_biomesoplenty_chair": {
    "criteria": {
      "has_planks": "2024-08-31 12:12:04 +0000"
    },
    "done": true
  },
  "minecraft:recipes/decorations/fletching_table": {
    "criteria": {
      "has_flint": "2024-08-31 13:08:44 +0000"
    },
    "done": true
  },
  "minecraft:recipes/decorations/pink_bed_from_white_bed": {
    "criteria": {
      "has_bed": "2024-08-31 11:49:59 +0000"
    },
    "done": true
  },
  "minecraft:recipes/decorations/lime_carpet_from_white_carpet": {
    "criteria": {
      "has_white_carpet": "2024-08-31 11:39:27 +0000"
    },
    "done": true
  },
  "pfm:recipes/pfm.furniture/jacaranda_biomesoplenty_kitchen_wall_small_drawer": {
    "criteria": {
      "has_planks": "2024-08-31 11:56:23 +0000"
    },
    "done": true
  },
  "mcwbridges:recipes/granite_bridge_pier": {
    "criteria": {
      "has_planks": "2024-08-31 13:08:20 +0000"
    },
    "done": true
  },
  "pfm:recipes/pfm.furniture/undead_evilcraft_white_simple_bed": {
    "criteria": {
      "has_bed": "2024-08-31 11:49:59 +0000"
    },
    "done": true
  },
  "dnl:story/themes/illager/locate": {
    "criteria": {
      "locate_plains_pillager_camp": "2024-08-31 11:28:05 +0000"
    },
    "done": true
  },
  "minecraft:recipes/misc/iron_nugget_from_smelting": {
    "criteria": {
      "has_iron_boots": "2024-08-31 11:29:30 +0000"
    },
    "done": true
  },
  "minecraft:recipes/food/cooked_mutton_from_smoking": {
    "criteria": {
      "has_mutton": "2024-08-31 11:54:36 +0000"
    },
    "done": true
  },
  "pfm:recipes/pfm.furniture/white_shower_towel": {
    "criteria": {
      "has_white_wool": "2024-08-31 11:54:36 +0000"
    },
    "done": true
  },
  "mcwbridges:recipes/balustrade_cobblestone_bridge": {
    "criteria": {
      "has_planks": "2024-08-31 12:21:05 +0000"
    },
    "done": true
  },
  "biomesoplenty:recipes/building_blocks/jacaranda_planks": {
    "criteria": {
      "has_logs": "2024-08-31 11:56:23 +0000"
    },
    "done": true
  },
  "pfm:recipes/pfm.furniture/jacaranda_biomesoplenty_raw_table_log": {
    "criteria": {
      "has_log": "2024-08-31 11:56:23 +0000"
    },
    "done": true
  },
  "minecraft:recipes/decorations/granite_wall_from_granite_stonecutting": {
    "criteria": {
      "has_granite": "2024-08-31 13:08:20 +0000"
    },
    "done": true
  },
  "minecraft:recipes/decorations/chain": {
    "criteria": {
      "has_iron_ingot": "2024-08-31 11:35:33 +0000"
    },
    "done": true
  },
  "pfm:recipes/pfm.furniture/radiant_solarcraft_white_classic_bed": {
    "criteria": {
      "has_bed": "2024-08-31 11:49:59 +0000"
    },
    "done": true
  },
  "pfm:recipes/pfm.furniture/jacaranda_biomesoplenty_classic_stool": {
    "criteria": {
      "has_planks": "2024-08-31 11:56:39 +0000"
    },
    "done": true
  },
  "upgradednetherite:recipes/essences/poison_essence": {
    "criteria": {
      "has_spider_eye": "2024-08-31 22:38:16 +0000"
    },
    "done": true
  },
  "pfm:recipes/pfm.furniture/stone_simple_stool": {
    "criteria": {
      "has_planks": "2024-08-31 13:13:11 +0000"
    },
    "done": true
  },
  "minecraft:recipes/food/baked_potato_from_campfire_cooking": {
    "criteria": {
      "has_potato": "2024-08-31 11:41:13 +0000"
    },
    "done": true
  },
  "minecraft:recipes/building_blocks/orange_concrete_powder": {
    "criteria": {
      "has_gravel": "2024-08-31 13:08:34 +0000"
    },
    "done": true
  },
  "minecraft:recipes/decorations/light_gray_carpet_from_white_carpet": {
    "criteria": {
      "has_white_carpet": "2024-08-31 11:39:27 +0000"
    },
    "done": true
  },
  "pfm:recipes/pfm.furniture/hellbark_biomesoplenty_white_classic_bed": {
    "criteria": {
      "has_bed": "2024-08-31 11:49:59 +0000"
    },
    "done": true
  },
  "pfm:recipes/pfm.furniture/stone_chair_dinner": {
    "criteria": {
      "stone_chair_dinner": "2024-08-31 13:13:11 +0000"
    },
    "done": true
  },
  "pfm:recipes/pfm.furniture/stone_table_dinner": {
    "criteria": {
      "stone_table_dinner": "2024-08-31 13:13:11 +0000"
    },
    "done": true
  },
  "minecraft:recipes/building_blocks/raw_copper_block": {
    "criteria": {
      "has_raw_copper": "2024-08-31 13:07:21 +0000"
    },
    "done": true
  },
  "pfm:recipes/pfm.furniture/jacaranda_biomesoplenty_kitchen_cabinet": {
    "criteria": {
      "has_planks": "2024-08-31 11:56:23 +0000"
    },
    "done": true
  },
  "minecraft:recipes/building_blocks/granite_stairs": {
    "criteria": {
      "has_granite": "2024-08-31 13:08:20 +0000"
    },
    "done": true
  },
  "pfm:recipes/pfm.furniture/birch_chair_modern": {
    "criteria": {
      "has_planks": "2024-08-31 12:04:50 +0000"
    },
    "done": true
  },
  "minecraft:recipes/building_blocks/black_wool": {
    "criteria": {
      "has_white_wool": "2024-08-31 11:54:36 +0000"
    },
    "done": true
  },
  "biomesoplenty:recipes/transportation/umbran_boat": {
    "criteria": {
      "in_water": "2024-08-31 11:28:44 +0000"
    },
    "done": true
  },
  "pfm:recipes/pfm.furniture/jacaranda_biomesoplenty_chair_modern": {
    "criteria": {
      "has_planks": "2024-08-31 11:56:39 +0000"
    },
    "done": true
  },
  "minecraft:recipes/misc/iron_ingot_from_blasting_raw_iron": {
    "criteria": {
      "has_raw_iron": "2024-08-31 13:09:25 +0000"
    },
    "done": true
  },
  "pfm:recipes/pfm.furniture/spruce_white_classic_bed": {
    "criteria": {
      "has_bed": "2024-08-31 11:49:59 +0000"
    },
    "done": true
  },
  "aquaculture:recipes/aquaculture/redstone_hook": {
    "criteria": {
      "has_items": "2024-08-31 11:25:32 +0000"
    },
    "done": true
  },
  "pfm:recipes/pfm.furniture/umbran_biomesoplenty_white_classic_bed": {
    "criteria": {
      "has_bed": "2024-08-31 11:49:59 +0000"
    },
    "done": true
  },
  "pfm:recipes/pfm.furniture/redwood_biomesoplenty_white_simple_bed": {
    "criteria": {
      "has_bed": "2024-08-31 11:49:59 +0000"
    },
    "done": true
  },
  "pfm:recipes/pfm.furniture/stripped_birch_kitchen_sink": {
    "criteria": {
      "has_planks": "2024-08-31 12:23:27 +0000"
    },
    "done": true
  },
  "minecraft:recipes/building_blocks/iron_block": {
    "criteria": {
      "has_iron_ingot": "2024-08-31 11:35:33 +0000"
    },
    "done": true
  },
  "minecraft:recipes/decorations/light_gray_bed": {
    "criteria": {
      "has_light_gray_wool": "2024-08-31 11:59:42 +0000"
    },
    "done": true
  },
  "minecraft:recipes/redstone/birch_button": {
    "criteria": {
      "has_planks": "2024-08-31 12:04:50 +0000"
    },
    "done": true
  },
  "pfm:recipes/pfm.furniture/cherry_biomesoplenty_table_log": {
    "criteria": {
      "has_log": "2024-08-31 12:12:04 +0000"
    },
    "done": true
  },
  "pfm:recipes/pfm.furniture/cherry_biomesoplenty_classic_nightstand": {
    "criteria": {
      "has_planks": "2024-08-31 12:12:04 +0000"
    },
    "done": true
  },
  "minecraft:recipes/building_blocks/light_blue_wool": {
    "criteria": {
      "has_white_wool": "2024-08-31 11:54:36 +0000"
    },
    "done": true
  },
  "minecraft:recipes/combat/wooden_sword": {
    "criteria": {
      "has_stick": "2024-08-31 11:59:42 +0000"
    },
    "done": true
  },
  "pfm:recipes/pfm.furniture/iron_fridge": {
    "criteria": {
      "has_iron_ingot": "2024-08-31 11:35:33 +0000"
    },
    "done": true
  },
  "biomesoplenty:recipes/decorations/jacaranda_sign": {
    "criteria": {
      "has_jacaranda_planks": "2024-08-31 11:56:39 +0000"
    },
    "done": true
  },
  "minecraft:recipes/decorations/light_gray_banner": {
    "criteria": {
      "has_light_gray_wool": "2024-08-31 11:59:42 +0000"
    },
    "done": true
  },
  "scalinghealth:recipes/scalinghealth/bandages": {
    "criteria": {
      "cobblestone": "2024-08-31 12:21:05 +0000"
    },
    "done": true
  },
  "minecraft:recipes/building_blocks/gray_concrete_powder": {
    "criteria": {
      "has_gravel": "2024-08-31 13:08:34 +0000"
    },
    "done": true
  },
  "securitycraft:recipes/securitycraft/smart_module": {
    "criteria": {
      "has_iron": "2024-08-31 11:35:33 +0000"
    },
    "done": true
  },
  "minecraft:recipes/building_blocks/bookshelf": {
    "criteria": {
      "has_book": "2024-08-31 11:39:28 +0000"
    },
    "done": true
  },
  "pfm:recipes/pfm.furniture/acacia_white_simple_bed": {
    "criteria": {
      "has_bed": "2024-08-31 11:49:59 +0000"
    },
    "done": true
  },
  "securitycraft:recipes/securitycraft/block_change_detector": {
    "criteria": {
      "has_iron": "2024-08-31 11:35:33 +0000"
    },
    "done": true
  },
  "minecraft:recipes/tools/iron_axe": {
    "criteria": {
      "has_iron_ingot": "2024-08-31 11:35:33 +0000"
    },
    "done": true
  },
  "biomesoplenty:recipes/redstone/jacaranda_pressure_plate": {
    "criteria": {
      "has_planks": "2024-08-31 11:56:39 +0000"
    },
    "done": true
  },
  "minecraft:recipes/redstone/tripwire_hook": {
    "criteria": {
      "has_string": "2024-08-31 11:55:08 +0000"
    },
    "done": true
  },
  "aquaculture:recipes/aquaculture/diamond_hook": {
    "criteria": {
      "has_items": "2024-08-31 11:25:32 +0000"
    },
    "done": true
  },
  "minecraft:recipes/combat/iron_boots": {
    "criteria": {
      "has_iron_ingot": "2024-08-31 11:35:33 +0000"
    },
    "done": true
  },
  "mcwbridges:recipes/birch_log_bridge_middle": {
    "criteria": {
      "has_planks": "2024-08-31 12:04:50 +0000"
    },
    "done": true
  },
  "minecraft:recipes/misc/bone_meal": {
    "criteria": {
      "has_bone": "2024-08-31 11:59:44 +0000"
    },
    "done": true
  },
  "pfm:recipes/pfm.furniture/stone_kitchen_counter_oven": {
    "criteria": {
      "has_planks": "2024-08-31 12:21:05 +0000"
    },
    "done": true
  },
  "minecraft:recipes/building_blocks/birch_planks": {
    "criteria": {
      "has_logs": "2024-08-31 12:04:44 +0000"
    },
    "done": true
  },
  "minecraft:recipes/building_blocks/black_concrete_powder": {
    "criteria": {
      "has_gravel": "2024-08-31 13:08:34 +0000"
    },
    "done": true
  },
  "pfm:recipes/pfm.furniture/stripped_birch_kitchen_wall_small_drawer": {
    "criteria": {
      "has_planks": "2024-08-31 12:23:26 +0000"
    },
    "done": true
  },
  "minecraft:story/iron_tools": {
    "criteria": {
      "iron_pickaxe": "2024-08-31 22:17:47 +0000"
    },
    "done": true
  },
  "minecraft:recipes/decorations/cartography_table": {
    "criteria": {
      "has_paper": "2024-08-31 11:39:23 +0000"
    },
    "done": true
  },
  "minecraft:recipes/decorations/orange_carpet_from_white_carpet": {
    "criteria": {
      "has_white_carpet": "2024-08-31 11:39:27 +0000"
    },
    "done": true
  },
  "pfm:recipes/pfm.furniture/willow_biomesoplenty_white_simple_bed": {
    "criteria": {
      "has_bed": "2024-08-31 11:49:59 +0000"
    },
    "done": true
  },
  "minecraft:recipes/redstone/birch_fence_gate": {
    "criteria": {
      "has_planks": "2024-08-31 12:04:50 +0000"
    },
    "done": true
  },
  "minecraft:recipes/redstone/stone_button": {
    "criteria": {
      "has_stone": "2024-08-31 13:13:11 +0000"
    },
    "done": true
  },
  "minecraft:recipes/combat/crossbow": {
    "criteria": {
      "has_iron_ingot": "2024-08-31 11:35:33 +0000"
    },
    "done": true
  },
  "minecraft:recipes/combat/iron_chestplate": {
    "criteria": {
      "has_iron_ingot": "2024-08-31 11:35:33 +0000"
    },
    "done": true
  },
  "minecraft:recipes/building_blocks/yellow_wool": {
    "criteria": {
      "has_white_wool": "2024-08-31 11:54:36 +0000"
    },
    "done": true
  },
  "pfm:recipes/pfm.furniture/jacaranda_biomesoplenty_table_modern_dinner": {
    "criteria": {
      "has_planks": "2024-08-31 11:56:39 +0000"
    },
    "done": true
  },
  "minecraft:recipes/building_blocks/granite_stairs_from_granite_stonecutting": {
    "criteria": {
      "has_granite": "2024-08-31 13:08:20 +0000"
    },
    "done": true
  },
  "mcwbridges:recipes/birch_rail_bridge": {
    "criteria": {
      "has_planks": "2024-08-31 12:04:50 +0000"
    },
    "done": true
  },
  "scalinghealth:recipes/scalinghealth/heart_dust": {
    "criteria": {
      "cobblestone": "2024-08-31 12:21:05 +0000"
    },
    "done": true
  },
  "minecraft:recipes/decorations/light_blue_bed_from_white_bed": {
    "criteria": {
      "has_bed": "2024-08-31 11:49:59 +0000"
    },
    "done": true
  },
  "minecraft:recipes/building_blocks/red_concrete_powder": {
    "criteria": {
      "has_gravel": "2024-08-31 13:08:34 +0000"
    },
    "done": true
  },
  "minecraft:recipes/misc/iron_nugget_from_blasting": {
    "criteria": {
      "has_iron_boots": "2024-08-31 11:29:30 +0000"
    },
    "done": true
  },
  "aquaculture:recipes/food/sushi": {
    "criteria": {
      "has_alt_items": "2024-08-31 11:25:32 +0000",
      "has_items": "2024-08-31 11:25:32 +0000"
    },
    "done": true
  },
  "securitycraft:recipes/securitycraft/reinforced_diorite": {
    "criteria": {
      "has_cobblestone": "2024-08-31 12:21:05 +0000"
    },
    "done": true
  },
  "securitycraft:recipes/securitycraft/trophy_system": {
    "criteria": {
      "has_iron": "2024-08-31 11:35:33 +0000"
    },
    "done": true
  },
  "minecraft:adventure/kill_a_mob": {
    "criteria": {
      "minecraft:zombie": "2024-08-31 11:38:21 +0000"
    },
    "done": true
  },
  "pfm:recipes/pfm.furniture/mahogany_biomesoplenty_white_classic_bed": {
    "criteria": {
      "has_bed": "2024-08-31 11:49:59 +0000"
    },
    "done": true
  },
  "securitycraft:recipes/securitycraft/camera_monitor": {
    "criteria": {
      "has_iron": "2024-08-31 11:35:33 +0000"
    },
    "done": true
  },
  "pfm:recipes/pfm.furniture/birch_kitchen_drawer": {
    "criteria": {
      "has_planks": "2024-08-31 12:04:44 +0000"
    },
    "done": true
  },
  "securitycraft:recipes/securitycraft/limited_use_keycard": {
    "criteria": {
      "has_iron": "2024-08-31 11:35:33 +0000"
    },
    "done": true
  },
  "minecraft:recipes/building_blocks/stone": {
    "criteria": {
      "has_cobblestone": "2024-08-31 12:21:05 +0000"
    },
    "done": true
  },
  "biomesoplenty:recipes/transportation/hellbark_boat": {
    "criteria": {
      "in_water": "2024-08-31 11:28:44 +0000"
    },
    "done": true
  },
  "minecraft:recipes/decorations/stonecutter": {
    "criteria": {
      "has_stone": "2024-08-31 13:13:11 +0000"
    },
    "done": true
  },
  "minecraft:adventure/adventuring_time": {
    "criteria": {
      "minecraft:sparse_jungle": "2024-08-31 11:42:22 +0000",
      "minecraft:river": "2024-08-31 11:27:56 +0000",
      "minecraft:forest": "2024-08-31 11:26:05 +0000",
      "minecraft:jungle": "2024-08-31 11:25:33 +0000",
      "minecraft:ocean": "2024-08-31 12:18:03 +0000",
      "minecraft:old_growth_birch_forest": "2024-08-31 12:04:37 +0000",
      "minecraft:plains": "2024-08-31 11:28:13 +0000"
    },
    "done": false
  },
  "ironchest:recipes/ironchest/chests/vanilla_iron_chest": {
    "criteria": {
      "has_iron_ingot": "2024-08-31 11:35:33 +0000"
    },
    "done": true
  },
  "minecraft:recipes/misc/book": {
    "criteria": {
      "has_paper": "2024-08-31 11:39:23 +0000"
    },
    "done": true
  },
  "pfm:recipes/pfm.furniture/jacaranda_biomesoplenty_white_simple_bed": {
    "criteria": {
      "has_bed": "2024-08-31 11:49:59 +0000"
    },
    "done": true
  },
  "minecraft:recipes/decorations/purple_bed_from_white_bed": {
    "criteria": {
      "has_bed": "2024-08-31 11:49:59 +0000"
    },
    "done": true
  },
  "securitycraft:recipes/securitycraft/whitelist_module": {
    "criteria": {
      "has_iron": "2024-08-31 11:35:33 +0000"
    },
    "done": true
  },
  "pfm:recipes/pfm.furniture/undead_evilcraft_white_classic_bed": {
    "criteria": {
      "has_bed": "2024-08-31 11:49:59 +0000"
    },
    "done": true
  },
  "biomesoplenty:recipes/redstone/cherry_trapdoor": {
    "criteria": {
      "has_planks": "2024-08-31 12:12:04 +0000"
    },
    "done": true
  },
  "biomesoplenty:recipes/decorations/jacaranda_fence": {
    "criteria": {
      "has_planks": "2024-08-31 11:56:39 +0000"
    },
    "done": true
  },
  "minecraft:recipes/decorations/light_gray_carpet": {
    "criteria": {
      "has_light_gray_wool": "2024-08-31 11:59:42 +0000"
    },
    "done": true
  },
  "minecraft:recipes/combat/stone_sword": {
    "criteria": {
      "has_cobblestone": "2024-08-31 12:21:05 +0000"
    },
    "done": true
  },
  "minecraft:recipes/decorations/barrel": {
    "criteria": {
      "has_wood_slab": "2024-08-31 11:39:30 +0000"
    },
    "done": true
  },
  "minecraft:recipes/decorations/cobblestone_wall": {
    "criteria": {
      "has_cobblestone": "2024-08-31 12:21:05 +0000"
    },
    "done": true
  },
  "pfm:recipes/pfm.furniture/cherry_biomesoplenty_white_classic_bed": {
    "criteria": {
      "has_bed": "2024-08-31 11:49:59 +0000"
    },
    "done": true
  },
  "pfm:recipes/pfm.furniture/jacaranda_biomesoplenty_kitchen_drawer": {
    "criteria": {
      "has_planks": "2024-08-31 11:56:23 +0000"
    },
    "done": true
  },
  "minecraft:recipes/misc/iron_ingot_from_smelting_raw_iron": {
    "criteria": {
      "has_raw_iron": "2024-08-31 13:09:25 +0000"
    },
    "done": true
  },
  "minecraft:recipes/brewing/fermented_spider_eye": {
    "criteria": {
      "has_spider_eye": "2024-08-31 22:38:16 +0000"
    },
    "done": true
  },
  "minecraft:recipes/tools/stone_pickaxe": {
    "criteria": {
      "has_cobblestone": "2024-08-31 12:21:05 +0000"
    },
    "done": true
  },
  "mcwbridges:recipes/bridge_torch": {
    "criteria": {
      "has_planks": "2024-08-31 12:31:04 +0000"
    },
    "done": true
  },
  "minecraft:recipes/decorations/smithing_table": {
    "criteria": {
      "has_iron_ingot": "2024-08-31 11:35:33 +0000"
    },
    "done": true
  },
  "pfm:recipes/pfm.furniture/jacaranda_biomesoplenty_table_dinner": {
    "criteria": {
      "has_planks": "2024-08-31 11:56:39 +0000"
    },
    "done": true
  },
  "pfm:recipes/pfm.furniture/stripped_birch_kitchen_counter_oven": {
    "criteria": {
      "has_planks": "2024-08-31 12:23:26 +0000"
    },
    "done": true
  },
  "minecraft:recipes/redstone/stone_pressure_plate": {
    "criteria": {
      "has_stone": "2024-08-31 13:13:11 +0000"
    },
    "done": true
  },
  "minecraft:husbandry/plant_seed": {
    "criteria": {
      "wheat": "2024-08-31 21:46:47 +0000"
    },
    "done": true
  },
  "aquaculture:recipes/misc/bonemeal_from_fish_bones": {
    "criteria": {
      "has_items": "2024-08-31 11:25:32 +0000"
    },
    "done": true
  },
  "minecraft:recipes/decorations/cobblestone_wall_from_cobblestone_stonecutting": {
    "criteria": {
      "has_cobblestone": "2024-08-31 12:21:05 +0000"
    },
    "done": true
  },
  "aquaculture:recipes/misc/gold_nugget_from_blasting": {
    "criteria": {
      "has_fishing_rod": "2024-08-31 11:25:32 +0000",
      "has_fillet_knife": "2024-08-31 11:25:32 +0000"
    },
    "done": true
  },
  "pfm:recipes/pfm.furniture/redwood_biomesoplenty_white_classic_bed": {
    "criteria": {
      "has_bed": "2024-08-31 11:49:59 +0000"
    },
    "done": true
  },
  "aquaculture:recipes/aquaculture/heavy_hook": {
    "criteria": {
      "has_items": "2024-08-31 11:25:32 +0000"
    },
    "done": true
  },
  "pfm:recipes/pfm.furniture/oak_chair_classic_white": {
    "criteria": {
      "oak_chair_classic_white": "2024-08-31 11:54:36 +0000"
    },
    "done": true
  },
  "pfm:recipes/pfm.furniture/jacaranda_biomesoplenty_table_basic": {
    "criteria": {
      "has_planks": "2024-08-31 11:56:39 +0000"
    },
    "done": true
  },
  "pfm:recipes/pfm.furniture/birch_log_stool": {
    "criteria": {
      "has_log": "2024-08-31 12:04:44 +0000"
    },
    "done": true
  },
  "biomesoplenty:recipes/redstone/cherry_fence_gate": {
    "criteria": {
      "has_planks": "2024-08-31 12:12:04 +0000"
    },
    "done": true
  },
  "evilcraft:root": {
    "criteria": {
      "criteria_0": "2024-08-31 21:59:40 +0000"
    },
    "done": true
  },
  "aquaculture:recipes/aquaculture/double_hook": {
    "criteria": {
      "has_items": "2024-08-31 11:25:32 +0000"
    },
    "done": true
  },
  "pfm:recipes/root": {
    "criteria": {
      "has_planks": "2024-08-31 11:56:39 +0000"
    },
    "done": true
  },
  "pfm:recipes/pfm.furniture/birch_chair_classic": {
    "criteria": {
      "has_planks": "2024-08-31 12:04:50 +0000"
    },
    "done": true
  },
  "pfm:recipes/pfm.furniture/dead_biomesoplenty_white_classic_bed": {
    "criteria": {
      "has_bed": "2024-08-31 11:49:59 +0000"
    },
    "done": true
  },
  "minecraft:recipes/decorations/lantern": {
    "criteria": {
      "has_iron_ingot": "2024-08-31 11:35:33 +0000"
    },
    "done": true
  },
  "biomesoplenty:recipes/transportation/jacaranda_boat": {
    "criteria": {
      "in_water": "2024-08-31 11:28:44 +0000"
    },
    "done": true
  },
  "pfm:recipes/pfm.furniture/cherry_biomesoplenty_chair_dinner": {
    "criteria": {
      "has_planks": "2024-08-31 12:12:04 +0000"
    },
    "done": true
  },
  "securitycraft:recipes/securitycraft/reinforced_packed_mud": {
    "criteria": {
      "has_wheat": "2024-08-31 11:35:01 +0000"
    },
    "done": true
  },
  "pfm:recipes/pfm.furniture/stripped_birch_modern_stool": {
    "criteria": {
      "has_planks": "2024-08-31 12:23:26 +0000"
    },
    "done": true
  },
  "biomesoplenty:recipes/redstone/cherry_pressure_plate": {
    "criteria": {
      "has_planks": "2024-08-31 12:12:04 +0000"
    },
    "done": true
  },
  "aquaculture:recipes/decorations/birch_fish_mount": {
    "criteria": {
      "has_items": "2024-08-31 11:25:32 +0000"
    },
    "done": true
  },
  "pfm:recipes/pfm.furniture/runic_solarcraft_white_simple_bed": {
    "criteria": {
      "has_bed": "2024-08-31 11:49:59 +0000"
    },
    "done": true
  },
  "aquaculture:recipes/aquaculture/bobber": {
    "criteria": {
      "has_items": "2024-08-31 11:25:32 +0000"
    },
    "done": true
  },
  "mcwdoors:recipes/birch": {
    "criteria": {
      "has_wood": "2024-08-31 12:04:44 +0000"
    },
    "done": true
  },
  "minecraft:recipes/building_blocks/light_gray_wool": {
    "criteria": {
      "has_white_wool": "2024-08-31 11:54:36 +0000"
    },
    "done": true
  },
  "ironchest:recipes/ironchest/upgrades/wood_to_copper_chest_upgrade": {
    "criteria": {
      "has_item": "2024-08-31 11:56:39 +0000"
    },
    "done": true
  },
  "minecraft:recipes/decorations/andesite_wall": {
    "criteria": {
      "has_andesite": "2024-08-31 13:07:16 +0000"
    },
    "done": true
  },
  "minecraft:recipes/decorations/red_bed_from_white_bed": {
    "criteria": {
      "has_bed": "2024-08-31 11:49:59 +0000"
    },
    "done": true
  },
  "minecraft:recipes/building_blocks/andesite_slab": {
    "criteria": {
      "has_andesite": "2024-08-31 13:07:16 +0000"
    },
    "done": true
  },
  "minecraft:recipes/building_blocks/red_wool": {
    "criteria": {
      "has_white_wool": "2024-08-31 11:54:36 +0000"
    },
    "done": true
  },
  "biomesoplenty:recipes/building_blocks/cherry_wood": {
    "criteria": {
      "has_log": "2024-08-31 12:11:59 +0000"
    },
    "done": true
  },
  "pfm:recipes/pfm.furniture/jacaranda_biomesoplenty_chair_classic": {
    "criteria": {
      "has_planks": "2024-08-31 11:56:39 +0000"
    },
    "done": true
  },
  "pfm:recipes/pfm.furniture/jacaranda_biomesoplenty_simple_bunk_ladder": {
    "criteria": {
      "has_planks": "2024-08-31 11:56:39 +0000"
    },
    "done": true
  },
  "minecraft:recipes/tools/stone_axe": {
    "criteria": {
      "has_cobblestone": "2024-08-31 12:21:05 +0000"
    },
    "done": true
  },
  "minecraft:recipes/food/cooked_mutton": {
    "criteria": {
      "has_mutton": "2024-08-31 11:54:36 +0000"
    },
    "done": true
  },
  "minecraft:recipes/building_blocks/raw_iron_block": {
    "criteria": {
      "has_raw_iron": "2024-08-31 13:09:25 +0000"
    },
    "done": true
  },
  "securitycraft:recipes/securitycraft/disguise_module": {
    "criteria": {
      "has_iron": "2024-08-31 11:35:33 +0000"
    },
    "done": true
  },
  "pfm:recipes/pfm.furniture/jacaranda_biomesoplenty_chair": {
    "criteria": {
      "has_planks": "2024-08-31 11:56:39 +0000"
    },
    "done": true
  },
  "minecraft:recipes/building_blocks/purple_wool": {
    "criteria": {
      "has_white_wool": "2024-08-31 11:54:36 +0000"
    },
    "done": true
  },
  "biomesoplenty:recipes/decorations/cherry_fence": {
    "criteria": {
      "has_planks": "2024-08-31 12:12:04 +0000"
    },
    "done": true
  },
  "minecraft:recipes/building_blocks/cobblestone_stairs_from_cobblestone_stonecutting": {
    "criteria": {
      "has_cobblestone": "2024-08-31 12:21:05 +0000"
    },
    "done": true
  },
  "minecraft:recipes/building_blocks/magenta_concrete_powder": {
    "criteria": {
      "has_gravel": "2024-08-31 13:08:34 +0000"
    },
    "done": true
  },
  "aquaculture:recipes/aquaculture/note_hook": {
    "criteria": {
      "has_items": "2024-08-31 11:25:32 +0000"
    },
    "done": true
  },
  "pfm:recipes/pfm.furniture/stone_table_basic": {
    "criteria": {
      "stone_table_basic": "2024-08-31 13:13:11 +0000"
    },
    "done": true
  },
  "minecraft:recipes/misc/writable_book": {
    "criteria": {
      "has_book": "2024-08-31 11:39:28 +0000"
    },
    "done": true
  },
  "minecraft:recipes/misc/wheat": {
    "criteria": {
      "has_hay_block": "2024-08-31 11:34:52 +0000"
    },
    "done": true
  },
  "biomesoplenty:recipes/transportation/willow_boat": {
    "criteria": {
      "in_water": "2024-08-31 11:28:44 +0000"
    },
    "done": true
  },
  "minecraft:recipes/decorations/white_bed": {
    "criteria": {
      "has_white_wool": "2024-08-31 11:54:36 +0000"
    },
    "done": true
  },
  "minecraft:recipes/building_blocks/polished_andesite_stairs_from_andesite_stonecutting": {
    "criteria": {
      "has_andesite": "2024-08-31 13:07:16 +0000"
    },
    "done": true
  },
  "pfm:recipes/pfm.furniture/cherry_biomesoplenty_simple_stool": {
    "criteria": {
      "has_planks": "2024-08-31 12:12:04 +0000"
    },
    "done": true
  },
  "scalinghealth:recipes/scalinghealth/medkit": {
    "criteria": {
      "cobblestone": "2024-08-31 12:21:05 +0000"
    },
    "done": true
  },
  "mcwbridges:recipes/granite_bridge_stair": {
    "criteria": {
      "has_planks": "2024-08-31 13:08:20 +0000"
    },
    "done": true
  },
  "pfm:recipes/pfm.furniture/jacaranda_biomesoplenty_table_classic": {
    "criteria": {
      "has_planks": "2024-08-31 11:56:39 +0000"
    },
    "done": true
  },
  "minecraft:recipes/redstone/birch_pressure_plate": {
    "criteria": {
      "has_planks": "2024-08-31 12:04:50 +0000"
    },
    "done": true
  },
  "minecraft:recipes/decorations/candle": {
    "criteria": {
      "has_string": "2024-08-31 11:55:08 +0000"
    },
    "done": true
  },
  "minecraft:recipes/decorations/campfire": {
    "criteria": {
      "has_stick": "2024-08-31 11:59:42 +0000"
    },
    "done": true
  },
  "minecraft:recipes/food/bread": {
    "criteria": {
      "has_wheat": "2024-08-31 11:35:01 +0000"
    },
    "done": true
  },
  "biomesoplenty:recipes/building_blocks/jacaranda_wood": {
    "criteria": {
      "has_log": "2024-08-31 11:56:23 +0000"
    },
    "done": true
  },
  "minecraft:recipes/building_blocks/smooth_stone": {
    "criteria": {
      "has_stone": "2024-08-31 13:13:11 +0000"
    },
    "done": true
  },
  "biomesoplenty:recipes/transportation/mahogany_boat": {
    "criteria": {
      "in_water": "2024-08-31 11:28:44 +0000"
    },
    "done": true
  },
  "pfm:recipes/pfm.furniture/cherry_biomesoplenty_kitchen_wall_drawer": {
    "criteria": {
      "has_planks": "2024-08-31 12:11:59 +0000"
    },
    "done": true
  },
  "minecraft:recipes/misc/iron_nugget": {
    "criteria": {
      "has_iron_ingot": "2024-08-31 11:35:33 +0000"
    },
    "done": true
  },
  "pfm:recipes/pfm.furniture/birch_kitchen_counter_oven": {
    "criteria": {
      "has_planks": "2024-08-31 12:04:44 +0000"
    },
    "done": true
  },
  "minecraft:recipes/building_blocks/brown_concrete_powder": {
    "criteria": {
      "has_gravel": "2024-08-31 13:08:34 +0000"
    },
    "done": true
  },
  "minecraft:recipes/building_blocks/stone_slab_from_stone_stonecutting": {
    "criteria": {
      "has_stone": "2024-08-31 13:13:11 +0000"
    },
    "done": true
  },
  "minecraft:recipes/decorations/black_bed_from_white_bed": {
    "criteria": {
      "has_bed": "2024-08-31 11:49:59 +0000"
    },
    "done": true
  },
  "ironchest:recipes/ironchest/chests/vanilla_dirt_chest": {
    "criteria": {
      "has_iron_ingot": "2024-08-31 11:25:47 +0000"
    },
    "done": true
  },
  "pfm:recipes/pfm.furniture/radiant_solarcraft_white_simple_bed": {
    "criteria": {
      "has_bed": "2024-08-31 11:49:59 +0000"
    },
    "done": true
  },
  "securitycraft:recipes/securitycraft/track_mine": {
    "criteria": {
      "has_iron": "2024-08-31 11:35:33 +0000"
    },
    "done": true
  },
  "minecraft:recipes/decorations/purple_carpet_from_white_carpet": {
    "criteria": {
      "has_white_carpet": "2024-08-31 11:39:27 +0000"
    },
    "done": true
  },
  "aquaculture:recipes/food/cooked_fish_fillet_from_campfire": {
    "criteria": {
      "has_items": "2024-08-31 11:25:32 +0000"
    },
    "done": true
  },
  "minecraft:recipes/building_blocks/cyan_wool": {
    "criteria": {
      "has_white_wool": "2024-08-31 11:54:36 +0000"
    },
    "done": true
  },
  "biomesoplenty:recipes/transportation/dead_boat": {
    "criteria": {
      "in_water": "2024-08-31 11:28:44 +0000"
    },
    "done": true
  },
  "minecraft:recipes/decorations/red_carpet_from_white_carpet": {
    "criteria": {
      "has_white_carpet": "2024-08-31 11:39:27 +0000"
    },
    "done": true
  },
  "pfm:recipes/pfm.furniture/birch_table_log": {
    "criteria": {
      "has_log": "2024-08-31 12:04:50 +0000"
    },
    "done": true
  },
  "pfm:recipes/pfm.furniture/stripped_birch_kitchen_counter": {
    "criteria": {
      "has_planks": "2024-08-31 12:23:27 +0000"
    },
    "done": true
  },
  "pfm:recipes/pfm.furniture/wall_toilet_paper": {
    "criteria": {
      "has_paper": "2024-08-31 11:39:23 +0000"
    },
    "done": true
  },
  "pfm:recipes/pfm.furniture/birch_modern_stool": {
    "criteria": {
      "has_planks": "2024-08-31 12:04:50 +0000"
    },
    "done": true
  },
  "pfm:recipes/pfm.furniture/iron_microwave": {
    "criteria": {
      "has_iron_ingot": "2024-08-31 11:35:33 +0000"
    },
    "done": true
  },
  "pfm:recipes/pfm.furniture/light_gray_shower_towel": {
    "criteria": {
      "has_light_gray_wool": "2024-08-31 11:59:42 +0000"
    },
    "done": true
  },
  "minecraft:recipes/transportation/spruce_boat": {
    "criteria": {
      "in_water": "2024-08-31 11:28:44 +0000"
    },
    "done": true
  },
  "aquaculture:recipes/tools/wooden_fillet_knife": {
    "criteria": {
      "has_items": "2024-08-31 11:59:42 +0000"
    },
    "done": true
  },
  "securitycraft:recipes/securitycraft/blacklist_module": {
    "criteria": {
      "has_iron": "2024-08-31 11:35:33 +0000"
    },
    "done": true
  },
  "securitycraft:recipes/securitycraft/speed_module": {
    "criteria": {
      "has_iron": "2024-08-31 11:35:33 +0000"
    },
    "done": true
  },
  "minecraft:recipes/tools/flint_and_steel": {
    "criteria": {
      "has_flint": "2024-08-31 13:08:44 +0000"
    },
    "done": true
  },
  "minecraft:recipes/misc/red_dye_from_beetroot": {
    "criteria": {
      "has_beetroot": "2024-08-31 11:41:56 +0000"
    },
    "done": true
  },
  "minecraft:recipes/misc/firework_rocket_simple": {
    "criteria": {
      "has_gunpowder": "2024-08-31 22:37:07 +0000"
    },
    "done": true
  },
  "biomesoplenty:recipes/redstone/jacaranda_door": {
    "criteria": {
      "has_planks": "2024-08-31 11:56:39 +0000"
    },
    "done": true
  },
  "biomesoplenty:recipes/building_blocks/cherry_stairs": {
    "criteria": {
      "has_planks": "2024-08-31 12:12:04 +0000"
    },
    "done": true
  },
  "pfm:recipes/pfm.furniture/cherry_biomesoplenty_classic_stool": {
    "criteria": {
      "has_planks": "2024-08-31 12:12:04 +0000"
    },
    "done": true
  },
  "pfm:recipes/pfm.furniture/jacaranda_biomesoplenty_kitchen_sink": {
    "criteria": {
      "has_planks": "2024-08-31 11:56:23 +0000"
    },
    "done": true
  },
  "pfm:recipes/pfm.furniture/runic_solarcraft_white_classic_bed": {
    "criteria": {
      "has_bed": "2024-08-31 11:49:59 +0000"
    },
    "done": true
  },
  "securitycraft:recipes/securitycraft/harming_module": {
    "criteria": {
      "has_iron": "2024-08-31 11:35:33 +0000"
    },
    "done": true
  },
  "minecraft:recipes/building_blocks/gray_wool": {
    "criteria": {
      "has_white_wool": "2024-08-31 11:54:36 +0000"
    },
    "done": true
  },
  "minecraft:recipes/building_blocks/polished_granite_from_granite_stonecutting": {
    "criteria": {
      "has_granite": "2024-08-31 13:08:20 +0000"
    },
    "done": true
  },
  "minecraft:husbandry/balanced_diet": {
    "criteria": {
      "apple": "2024-08-31 21:51:32 +0000",
      "bread": "2024-08-31 11:37:18 +0000"
    },
    "done": false
  },
  "minecraft:recipes/tools/wooden_hoe": {
    "criteria": {
      "has_stick": "2024-08-31 11:59:42 +0000"
    },
    "done": true
  },
  "aquaculture:recipes/misc/neptunium_ingot_from_nuggets": {
    "criteria": {
      "has_items": "2024-08-31 11:25:32 +0000"
    },
    "done": true
  },
  "minecraft:recipes/misc/bucket": {
    "criteria": {
      "has_iron_ingot": "2024-08-31 11:35:33 +0000"
    },
    "done": true
  },
  "pfm:recipes/pfm.furniture/acacia_white_classic_bed": {
    "criteria": {
      "has_bed": "2024-08-31 11:49:59 +0000"
    },
    "done": true
  },
  "minecraft:recipes/building_blocks/cobblestone_stairs": {
    "criteria": {
      "has_cobblestone": "2024-08-31 12:21:05 +0000"
    },
    "done": true
  },
  "biomesoplenty:recipes/building_blocks/cherry_slab": {
    "criteria": {
      "has_planks": "2024-08-31 12:12:04 +0000"
    },
    "done": true
  },
  "biomesoplenty:recipes/transportation/magic_boat": {
    "criteria": {
      "in_water": "2024-08-31 11:28:44 +0000"
    },
    "done": true
  },
  "securitycraft:recipes/securitycraft/reinforced_bookshelf": {
    "criteria": {
      "has_book": "2024-08-31 11:39:28 +0000"
    },
    "done": true
  },
  "minecraft:recipes/building_blocks/birch_slab": {
    "criteria": {
      "has_planks": "2024-08-31 12:04:50 +0000"
    },
    "done": true
  },
  "pfm:recipes/pfm.furniture/jacaranda_biomesoplenty_classic_nightstand": {
    "criteria": {
      "has_planks": "2024-08-31 11:56:39 +0000"
    },
    "done": true
  },
  "minecraft:recipes/decorations/yellow_bed_from_white_bed": {
    "criteria": {
      "has_bed": "2024-08-31 11:49:59 +0000"
    },
    "done": true
  },
  "mcwbridges:recipes/cobblestone_bridge_pier": {
    "criteria": {
      "has_planks": "2024-08-31 12:21:05 +0000"
    },
    "done": true
  },
  "minecraft:recipes/decorations/granite_wall": {
    "criteria": {
      "has_granite": "2024-08-31 13:08:20 +0000"
    },
    "done": true
  },
  "aquaculture:recipes/misc/gold_nugget_from_gold_fish": {
    "criteria": {
      "has_items": "2024-08-31 11:25:32 +0000"
    },
    "done": true
  },
  "pfm:recipes/pfm.furniture/birch_white_classic_bed": {
    "criteria": {
      "has_bed": "2024-08-31 11:49:59 +0000"
    },
    "done": true
  },
  "pfm:recipes/pfm.furniture/cherry_biomesoplenty_log_stool": {
    "criteria": {
      "has_log": "2024-08-31 12:11:59 +0000"
    },
    "done": true
  },
  "securitycraft:recipes/securitycraft/redstone_module": {
    "criteria": {
      "has_iron": "2024-08-31 11:35:33 +0000"
    },
    "done": true
  },
  "pfm:recipes/pfm.furniture/birch_kitchen_wall_counter": {
    "criteria": {
      "has_planks": "2024-08-31 12:04:44 +0000"
    },
    "done": true
  },
  "minecraft:recipes/decorations/white_banner": {
    "criteria": {
      "has_white_wool": "2024-08-31 11:54:36 +0000"
    },
    "done": true
  },
  "pfm:recipes/pfm.furniture/stone_chair": {
    "criteria": {
      "stone_chair": "2024-08-31 13:13:11 +0000"
    },
    "done": true
  },
  "biomesoplenty:recipes/building_blocks/jacaranda_stairs": {
    "criteria": {
      "has_planks": "2024-08-31 11:56:39 +0000"
    },
    "done": true
  },
  "pfm:recipes/pfm.furniture/birch_table_dinner": {
    "criteria": {
      "has_planks": "2024-08-31 12:04:50 +0000"
    },
    "done": true
  },
  "minecraft:recipes/building_blocks/light_blue_concrete_powder": {
    "criteria": {
      "has_gravel": "2024-08-31 13:08:34 +0000"
    },
    "done": true
  },
  "pfm:recipes/pfm.furniture/birch_chair_dinner": {
    "criteria": {
      "has_planks": "2024-08-31 12:04:50 +0000"
    },
    "done": true
  },
  "aquaculture:recipes/food/cooked_fish_fillet_from_smoking": {
    "criteria": {
      "has_items": "2024-08-31 11:25:32 +0000"
    },
    "done": true
  },
  "pfm:recipes/pfm.furniture/willow_biomesoplenty_white_classic_bed": {
    "criteria": {
      "has_bed": "2024-08-31 11:49:59 +0000"
    },
    "done": true
  },
  "securitycraft:recipes/securitycraft/keypad_item": {
    "criteria": {
      "has_stone_button": "2024-08-31 11:28:57 +0000"
    },
    "done": true
  },
  "minecraft:recipes/building_blocks/hay_block": {
    "criteria": {
      "has_wheat": "2024-08-31 11:35:01 +0000"
    },
    "done": true
  },
  "minecraft:recipes/combat/iron_helmet": {
    "criteria": {
      "has_iron_ingot": "2024-08-31 11:35:33 +0000"
    },
    "done": true
  },
  "pfm:recipes/pfm.furniture/jacaranda_biomesoplenty_kitchen_counter": {
    "criteria": {
      "has_planks": "2024-08-31 11:56:23 +0000"
    },
    "done": true
  },
  "pfm:recipes/pfm.furniture/stone_kitchen_wall_small_drawer": {
    "criteria": {
      "has_planks": "2024-08-31 12:21:05 +0000"
    },
    "done": true
  },
  "pfm:recipes/pfm.furniture/stripped_birch_simple_stool": {
    "criteria": {
      "has_planks": "2024-08-31 12:23:26 +0000"
    },
    "done": true
  },
  "minecraft:recipes/combat/bow": {
    "criteria": {
      "has_string": "2024-08-31 11:55:08 +0000"
    },
    "done": true
  },
  "pfm:recipes/pfm.furniture/hellbark_biomesoplenty_white_simple_bed": {
    "criteria": {
      "has_bed": "2024-08-31 11:49:59 +0000"
    },
    "done": true
  },
  "biomesoplenty:recipes/redstone/jacaranda_fence_gate": {
    "criteria": {
      "has_planks": "2024-08-31 11:56:39 +0000"
    },
    "done": true
  },
  "minecraft:recipes/redstone/tnt": {
    "criteria": {
      "has_gunpowder": "2024-08-31 22:37:07 +0000"
    },
    "done": true
  },
  "pfm:recipes/pfm.furniture/stone_kitchen_wall_counter": {
    "criteria": {
      "has_planks": "2024-08-31 12:21:05 +0000"
    },
    "done": true
  },
  "minecraft:recipes/building_blocks/purple_concrete_powder": {
    "criteria": {
      "has_gravel": "2024-08-31 13:08:34 +0000"
    },
    "done": true
  },
  "mcwbridges:recipes/andesite_bridge": {
    "criteria": {
      "has_planks": "2024-08-31 13:07:16 +0000"
    },
    "done": true
  },
  "aquaculture:recipes/misc/neptunium_ingot_from_neptunium_block": {
    "criteria": {
      "has_items": "2024-08-31 11:25:32 +0000"
    },
    "done": true
  },
  "pfm:recipes/pfm.furniture/birch_raw_table_log": {
    "criteria": {
      "has_log": "2024-08-31 12:04:44 +0000"
    },
    "done": true
  },
  "pfm:recipes/pfm.furniture/cherry_biomesoplenty_kitchen_sink": {
    "criteria": {
      "has_planks": "2024-08-31 12:11:59 +0000"
    },
    "done": true
  },
  "minecraft:recipes/decorations/orange_bed_from_white_bed": {
    "criteria": {
      "has_bed": "2024-08-31 11:49:59 +0000"
    },
    "done": true
  },
  "aquaculture:recipes/aquaculture/light_hook": {
    "criteria": {
      "has_items": "2024-08-31 11:25:32 +0000"
    },
    "done": true
  },
  "pfm:recipes/pfm.furniture/crimson_white_simple_bed": {
    "criteria": {
      "has_bed": "2024-08-31 11:49:59 +0000"
    },
    "done": true
  },
  "minecraft:story/mine_stone": {
    "criteria": {
      "get_stone": "2024-08-31 12:21:05 +0000"
    },
    "done": true
  },
  "minecraft:recipes/decorations/cyan_carpet_from_white_carpet": {
    "criteria": {
      "has_white_carpet": "2024-08-31 11:39:27 +0000"
    },
    "done": true
  },
  "minecraft:recipes/redstone/target": {
    "criteria": {
      "has_hay_block": "2024-08-31 11:34:52 +0000"
    },
    "done": true
  },
  "biomesoplenty:recipes/redstone/cherry_door": {
    "criteria": {
      "has_planks": "2024-08-31 12:12:04 +0000"
    },
    "done": true
  },
  "minecraft:recipes/transportation/minecart": {
    "criteria": {
      "has_iron_ingot": "2024-08-31 11:35:33 +0000"
    },
    "done": true
  },
  "minecraft:recipes/decorations/furnace": {
    "criteria": {
      "has_cobblestone": "2024-08-31 12:21:05 +0000"
    },
    "done": true
  },
  "minecraft:recipes/food/beetroot_soup": {
    "criteria": {
      "has_beetroot": "2024-08-31 11:41:56 +0000"
    },
    "done": true
  },
  "minecraft:recipes/misc/charcoal": {
    "criteria": {
      "has_log": "2024-08-31 11:56:23 +0000"
    },
    "done": true
  },
  "minecraft:recipes/building_blocks/andesite_stairs": {
    "criteria": {
      "has_andesite": "2024-08-31 13:07:16 +0000"
    },
    "done": true
  },
  "minecraft:recipes/building_blocks/orange_wool": {
    "criteria": {
      "has_white_wool": "2024-08-31 11:54:36 +0000"
    },
    "done": true
  },
  "minecraft:recipes/tools/iron_hoe": {
    "criteria": {
      "has_iron_ingot": "2024-08-31 11:35:33 +0000"
    },
    "done": true
  },
  "minecraft:recipes/tools/wooden_pickaxe": {
    "criteria": {
      "has_stick": "2024-08-31 11:59:42 +0000"
    },
    "done": true
  },
  "pfm:recipes/pfm.furniture/stone_chair_modern": {
    "criteria": {
      "stone_chair_modern": "2024-08-31 13:13:11 +0000"
    },
    "done": true
  },
  "pfm:recipes/pfm.furniture/stripped_birch_chair_dinner": {
    "criteria": {
      "has_planks": "2024-08-31 12:23:26 +0000"
    },
    "done": true
  },
  "minecraft:husbandry/root": {
    "criteria": {
      "consumed_item": "2024-08-31 11:26:24 +0000"
    },
    "done": true
  },
  "minecraft:recipes/transportation/birch_boat": {
    "criteria": {
      "in_water": "2024-08-31 11:28:44 +0000"
    },
    "done": true
  },
  "pfm:recipes/pfm.furniture/magic_biomesoplenty_white_classic_bed": {
    "criteria": {
      "has_bed": "2024-08-31 11:49:59 +0000"
    },
    "done": true
  },
  "upgradednetherite:recipes/essences/ender_essence": {
    "criteria": {
      "has_ender_pearl": "2024-08-31 21:46:25 +0000"
    },
    "done": true
  },
  "securitycraft:recipes/securitycraft/sonic_security_system": {
    "criteria": {
      "has_stick": "2024-08-31 11:59:42 +0000"
    },
    "done": true
  },
  "minecraft:recipes/building_blocks/polished_granite_slab_from_granite_stonecutting": {
    "criteria": {
      "has_granite": "2024-08-31 13:08:20 +0000"
    },
    "done": true
  },
  "minecraft:recipes/building_blocks/green_concrete_powder": {
    "criteria": {
      "has_gravel": "2024-08-31 13:08:34 +0000"
    },
    "done": true
  },
  "minecraft:recipes/building_blocks/polished_andesite_from_andesite_stonecutting": {
    "criteria": {
      "has_andesite": "2024-08-31 13:07:16 +0000"
    },
    "done": true
  },
  "trashcans:recipes/decorations/liquid_trash_can": {
    "criteria": {
      "recipe_condition": "2024-08-31 13:13:41 +0000"
    },
    "done": true
  },
  "minecraft:recipes/tools/iron_shovel": {
    "criteria": {
      "has_iron_ingot": "2024-08-31 11:35:33 +0000"
    },
    "done": true
  },
  "pfm:recipes/pfm.furniture/birch_white_simple_bed": {
    "criteria": {
      "has_bed": "2024-08-31 11:49:59 +0000"
    },
    "done": true
  },
  "aquaculture:recipes/misc/red_mushroom_from_fish": {
    "criteria": {
      "has_items": "2024-08-31 11:25:32 +0000"
    },
    "done": true
  },
  "aquaculture:recipes/tools/diamond_fishing_rod": {
    "criteria": {
      "has_vanilla_rod": "2024-08-31 11:25:32 +0000"
    },
    "done": true
  },
  "pfm:recipes/pfm.furniture/warped_white_classic_bed": {
    "criteria": {
      "has_bed": "2024-08-31 11:49:59 +0000"
    },
    "done": true
  },
  "pfm:recipes/pfm.furniture/umbran_biomesoplenty_white_simple_bed": {
    "criteria": {
      "has_bed": "2024-08-31 11:49:59 +0000"
    },
    "done": true
  },
  "minecraft:recipes/decorations/cyan_bed_from_white_bed": {
    "criteria": {
      "has_bed": "2024-08-31 11:49:59 +0000"
    },
    "done": true
  },
  "aquaculture:recipes/tools/stone_fillet_knife": {
    "criteria": {
      "has_items": "2024-08-31 12:21:05 +0000"
    },
    "done": true
  },
  "pfm:recipes/pfm.furniture/jacaranda_biomesoplenty_table_log": {
    "criteria": {
      "has_log": "2024-08-31 11:56:39 +0000"
    },
    "done": true
  },
  "pfm:recipes/pfm.furniture/cherry_biomesoplenty_table_modern_dinner": {
    "criteria": {
      "has_planks": "2024-08-31 12:12:04 +0000"
    },
    "done": true
  },
  "pfm:recipes/pfm.furniture/birch_kitchen_counter": {
    "criteria": {
      "has_planks": "2024-08-31 12:04:44 +0000"
    },
    "done": true
  },
  "minecraft:recipes/decorations/lime_bed_from_white_bed": {
    "criteria": {
      "has_bed": "2024-08-31 11:49:59 +0000"
    },
    "done": true
  },
  "pfm:recipes/pfm.furniture/birch_chair": {
    "criteria": {
      "has_planks": "2024-08-31 12:04:50 +0000"
    },
    "done": true
  },
  "minecraft:recipes/tools/stone_hoe": {
    "criteria": {
      "has_cobblestone": "2024-08-31 12:21:05 +0000"
    },
    "done": true
  },
  "minecraft:recipes/food/baked_potato_from_smoking": {
    "criteria": {
      "has_potato": "2024-08-31 11:41:13 +0000"
    },
    "done": true
  },
  "pfm:recipes/pfm.furniture/jacaranda_biomesoplenty_kitchen_wall_drawer": {
    "criteria": {
      "has_planks": "2024-08-31 11:56:23 +0000"
    },
    "done": true
  },
  "aquaculture:recipes/misc/iron_nugget_from_blasting": {
    "criteria": {
      "has_fishing_rod": "2024-08-31 11:25:32 +0000",
      "has_fillet_knife": "2024-08-31 11:25:32 +0000"
    },
    "done": true
  },
  "aquaculture:recipes/building_blocks/planks_from_driftwood": {
    "criteria": {
      "has_items": "2024-08-31 11:25:32 +0000"
    },
    "done": true
  },
  "minecraft:recipes/decorations/green_bed_from_white_bed": {
    "criteria": {
      "has_bed": "2024-08-31 11:49:59 +0000"
    },
    "done": true
  },
  "mcwdoors:recipes/metal": {
    "criteria": {
      "has_wood": "2024-08-31 11:35:33 +0000"
    },
    "done": true
  },
  "minecraft:recipes/building_blocks/granite_slab": {
    "criteria": {
      "has_granite": "2024-08-31 13:08:20 +0000"
    },
    "done": true
  },
  "minecraft:recipes/food/baked_potato": {
    "criteria": {
      "has_potato": "2024-08-31 11:41:13 +0000"
    },
    "done": true
  },
  "minecraft:recipes/decorations/white_carpet": {
    "criteria": {
      "has_white_wool": "2024-08-31 11:54:36 +0000"
    },
    "done": true
  },
  "minecraft:recipes/decorations/magenta_carpet_from_white_carpet": {
    "criteria": {
      "has_white_carpet": "2024-08-31 11:39:27 +0000"
    },
    "done": true
  },
  "biomesoplenty:recipes/decorations/cherry_sign": {
    "criteria": {
      "has_cherry_planks": "2024-08-31 12:12:04 +0000"
    },
    "done": true
  },
  "minecraft:recipes/redstone/birch_door": {
    "criteria": {
      "has_planks": "2024-08-31 12:04:50 +0000"
    },
    "done": true
  },
  "minecraft:story/upgrade_tools": {
    "criteria": {
      "stone_pickaxe": "2024-08-31 11:38:27 +0000"
    },
    "done": true
  },
  "alexsmobs:alexsmobs/root": {
    "criteria": {
      "useitem": "2024-08-31 11:26:24 +0000"
    },
    "done": true
  },
  "minecraft:recipes/decorations/green_carpet_from_white_carpet": {
    "criteria": {
      "has_white_carpet": "2024-08-31 11:39:27 +0000"
    },
    "done": true
  },
  "minecraft:recipes/building_blocks/polished_granite_stairs_from_granite_stonecutting": {
    "criteria": {
      "has_granite": "2024-08-31 13:08:20 +0000"
    },
    "done": true
  },
  "aquaculture:recipes/aquaculture/fishing_line": {
    "criteria": {
      "has_items": "2024-08-31 11:25:32 +0000"
    },
    "done": true
  },
  "minecraft:recipes/transportation/oak_boat": {
    "criteria": {
      "in_water": "2024-08-31 11:28:44 +0000"
    },
    "done": true
  },
  "aquaculture:recipes/misc/neptinium_ingot_from_blasting": {
    "criteria": {
      "has_leggings": "2024-08-31 11:25:32 +0000",
      "has_axe": "2024-08-31 11:25:32 +0000",
      "has_helmet": "2024-08-31 11:25:32 +0000",
      "has_fishing_rod": "2024-08-31 11:25:32 +0000",
      "has_bow": "2024-08-31 11:25:32 +0000",
      "has_chestplate": "2024-08-31 11:25:32 +0000",
      "has_sword": "2024-08-31 11:25:32 +0000",
      "has_fillet_knife": "2024-08-31 11:25:32 +0000",
      "has_shovel": "2024-08-31 11:25:32 +0000",
      "has_hoe": "2024-08-31 11:25:32 +0000",
      "has_boots": "2024-08-31 11:25:32 +0000",
      "has_pickaxe": "2024-08-31 11:25:32 +0000"
    },
    "done": true
  },
  "biomesoplenty:recipes/redstone/jacaranda_button": {
    "criteria": {
      "has_planks": "2024-08-31 11:56:39 +0000"
    },
    "done": true
  },
  "minecraft:recipes/decorations/blue_bed_from_white_bed": {
    "criteria": {
      "has_bed": "2024-08-31 11:49:59 +0000"
    },
    "done": true
  },
  "pfm:recipes/pfm.furniture/jacaranda_biomesoplenty_log_stool": {
    "criteria": {
      "has_log": "2024-08-31 11:56:23 +0000"
    },
    "done": true
  },
  "minecraft:recipes/decorations/birch_fence": {
    "criteria": {
      "has_planks": "2024-08-31 12:04:50 +0000"
    },
    "done": true
  },
  "minecraft:recipes/building_blocks/cyan_concrete_powder": {
    "criteria": {
      "has_gravel": "2024-08-31 13:08:34 +0000"
    },
    "done": true
  },
  "pfm:recipes/pfm.furniture/birch_kitchen_wall_small_drawer": {
    "criteria": {
      "has_planks": "2024-08-31 12:04:44 +0000"
    },
    "done": true
  },
  "minecraft:recipes/tools/wooden_axe": {
    "criteria": {
      "has_stick": "2024-08-31 11:59:42 +0000"
    },
    "done": true
  },
  "minecraft:recipes/building_blocks/lime_wool": {
    "criteria": {
      "has_white_wool": "2024-08-31 11:54:36 +0000"
    },
    "done": true
  },
  "securitycraft:recipes/securitycraft/keycard_lv2": {
    "criteria": {
      "has_iron": "2024-08-31 11:35:33 +0000"
    },
    "done": true
  },
  "pfm:recipes/pfm.furniture/cherry_biomesoplenty_raw_table_log": {
    "criteria": {
      "has_log": "2024-08-31 12:11:59 +0000"
    },
    "done": true
  },
  "securitycraft:recipes/securitycraft/keycard_lv1": {
    "criteria": {
      "has_iron": "2024-08-31 11:35:33 +0000"
    },
    "done": true
  },
  "aquaculture:recipes/misc/tin_can_to_iron_nugget_from_blasting": {
    "criteria": {
      "has_items": "2024-08-31 11:25:32 +0000"
    },
    "done": true
  },
  "minecraft:recipes/building_blocks/stone_bricks_from_stone_stonecutting": {
    "criteria": {
      "has_stone": "2024-08-31 13:13:11 +0000"
    },
    "done": true
  },
  "pfm:recipes/pfm.furniture/oak_white_simple_bed": {
    "criteria": {
      "has_bed": "2024-08-31 11:49:59 +0000"
    },
    "done": true
  },
  "minecraft:recipes/decorations/loom": {
    "criteria": {
      "has_string": "2024-08-31 11:55:08 +0000"
    },
    "done": true
  },
  "pfm:recipes/pfm.furniture/stone_kitchen_counter": {
    "criteria": {
      "has_planks": "2024-08-31 12:21:05 +0000"
    },
    "done": true
  },
  "biomesoplenty:recipes/transportation/palm_boat": {
    "criteria": {
      "in_water": "2024-08-31 11:28:44 +0000"
    },
    "done": true
  },
  "securitycraft:recipes/securitycraft/bouncing_betty": {
    "criteria": {
      "has_iron": "2024-08-31 11:35:33 +0000"
    },
    "done": true
  },
  "minecraft:recipes/building_blocks/green_wool": {
    "criteria": {
      "has_white_wool": "2024-08-31 11:54:36 +0000"
    },
    "done": true
  },
  "mcwbridges:recipes/rope_birch_bridge": {
    "criteria": {
      "has_planks": "2024-08-31 12:04:50 +0000"
    },
    "done": true
  },
  "minecraft:recipes/building_blocks/brown_wool": {
    "criteria": {
      "has_white_wool": "2024-08-31 11:54:36 +0000"
    },
    "done": true
  },
  "alexsmobs:alexsmobs/banana_slug": {
    "criteria": {
      "killed": "2024-08-31 12:02:52 +0000"
    },
    "done": true
  },
  "biomesoplenty:recipes/transportation/redwood_boat": {
    "criteria": {
      "in_water": "2024-08-31 11:28:44 +0000"
    },
    "done": true
  },
  "colossalchests:root": {
    "criteria": {
      "criteria_0": "2024-08-31 12:10:37 +0000"
    },
    "done": true
  },
  "pfm:recipes/pfm.furniture/cherry_biomesoplenty_kitchen_drawer": {
    "criteria": {
      "has_planks": "2024-08-31 12:11:59 +0000"
    },
    "done": true
  },
  "mcwbridges:recipes/iron_bridge_pier": {
    "criteria": {
      "has_planks": "2024-08-31 11:35:33 +0000"
    },
    "done": true
  },
  "aquaculture:recipes/food/cooked_fish_fillet": {
    "criteria": {
      "has_items": "2024-08-31 11:25:32 +0000"
    },
    "done": true
  },
  "dnl:story/structures/pillager_camp/locate": {
    "criteria": {
      "locate_pillager_camp": "2024-08-31 11:28:05 +0000"
    },
    "done": true
  },
  "mcwbridges:recipes/pliers": {
    "criteria": {
      "has_planks": "2024-08-31 11:35:33 +0000"
    },
    "done": true
  },
  "minecraft:recipes/decorations/painting": {
    "criteria": {
      "has_wool": "2024-08-31 11:54:36 +0000"
    },
    "done": true
  },
  "evilcraft:first_age": {
    "criteria": {
      "criteria_0": "2024-08-31 21:59:40 +0000"
    },
    "done": true
  },
  "securitycraft:recipes/securitycraft/keycard_lv4": {
    "criteria": {
      "has_iron": "2024-08-31 11:35:33 +0000"
    },
    "done": true
  },
  "securitycraft:recipes/securitycraft/sc_manual": {
    "criteria": {
      "has_wood": "2024-08-31 11:56:23 +0000"
    },
    "done": true
  },
  "securitycraft:recipes/securitycraft/keycard_lv3": {
    "criteria": {
      "has_iron": "2024-08-31 11:35:33 +0000"
    },
    "done": true
  },
  "securitycraft:recipes/securitycraft/keycard_lv5": {
    "criteria": {
      "has_iron": "2024-08-31 11:35:33 +0000"
    },
    "done": true
  },
  "minecraft:recipes/building_blocks/andesite_slab_from_andesite_stonecutting": {
    "criteria": {
      "has_andesite": "2024-08-31 13:07:16 +0000"
    },
    "done": true
  },
  "minecraft:recipes/combat/arrow": {
    "criteria": {
      "has_flint": "2024-08-31 13:08:44 +0000"
    },
    "done": true
  },
  "minecraft:recipes/building_blocks/stone_slab": {
    "criteria": {
      "has_stone": "2024-08-31 13:13:11 +0000"
    },
    "done": true
  },
  "minecraft:recipes/building_blocks/coal_block": {
    "criteria": {
      "has_coal": "2024-08-31 13:09:56 +0000"
    },
    "done": true
  },
  "pfm:recipes/pfm.furniture/stone_table_modern_dinner": {
    "criteria": {
      "stone_table_modern_dinner": "2024-08-31 13:13:11 +0000"
    },
    "done": true
  },
  "pfm:recipes/pfm.furniture/jacaranda_biomesoplenty_simple_stool": {
    "criteria": {
      "has_planks": "2024-08-31 11:56:39 +0000"
    },
    "done": true
  },
  "pfm:recipes/pfm.furniture/stripped_birch_table_dinner": {
    "criteria": {
      "has_planks": "2024-08-31 12:23:27 +0000"
    },
    "done": true
  },
  "aquaculture:recipes/aquaculture/gold_hook": {
    "criteria": {
      "has_items": "2024-08-31 11:25:32 +0000"
    },
    "done": true
  },
  "pfm:recipes/pfm.furniture/stone_modern_stool": {
    "criteria": {
      "has_planks": "2024-08-31 13:13:11 +0000"
    },
    "done": true
  },
  "pfm:recipes/pfm.furniture/stripped_birch_classic_nightstand": {
    "criteria": {
      "has_planks": "2024-08-31 12:23:26 +0000"
    },
    "done": true
  },
  "minecraft:recipes/tools/stone_shovel": {
    "criteria": {
      "has_cobblestone": "2024-08-31 12:21:05 +0000"
    },
    "done": true
  },
  "minecraft:recipes/building_blocks/blue_concrete_powder": {
    "criteria": {
      "has_gravel": "2024-08-31 13:08:34 +0000"
    },
    "done": true
  },
  "minecraft:recipes/building_blocks/granite_slab_from_granite_stonecutting": {
    "criteria": {
      "has_granite": "2024-08-31 13:08:20 +0000"
    },
    "done": true
  },
  "runecraft:grant_book_on_first_join": {
    "criteria": {
      "tick": "2024-08-31 11:25:32 +0000"
    },
    "done": true
  },
  "securitycraft:recipes/securitycraft/reinforced_andesite": {
    "criteria": {
      "has_cobblestone": "2024-08-31 12:21:05 +0000"
    },
    "done": true
  },
  "pfm:recipes/pfm.furniture/stone_kitchen_drawer": {
    "criteria": {
      "has_planks": "2024-08-31 12:21:05 +0000"
    },
    "done": true
  },
  "pfm:recipes/pfm.furniture/cherry_biomesoplenty_table_classic": {
    "criteria": {
      "has_planks": "2024-08-31 12:12:04 +0000"
    },
    "done": true
  },
  "scalinghealth:recipes/scalinghealth/heart_crystal": {
    "criteria": {
      "cobblestone": "2024-08-31 12:21:05 +0000"
    },
    "done": true
  },
  "pfm:recipes/pfm.furniture/stripped_birch_raw_table_log": {
    "criteria": {
      "has_log": "2024-08-31 12:23:26 +0000"
    },
    "done": true
  },
  "minecraft:recipes/decorations/brown_carpet_from_white_carpet": {
    "criteria": {
      "has_white_carpet": "2024-08-31 11:39:27 +0000"
    },
    "done": true
  },
  "biomesoplenty:biomesoplenty/root": {
    "criteria": {
      "old_growth_woodland": "2024-08-31 11:54:06 +0000"
    },
    "done": true
  },
  "securitycraft:recipes/securitycraft/laser_block": {
    "criteria": {
      "has_stone": "2024-08-31 13:07:16 +0000"
    },
    "done": true
  },
  "aquaculture:recipes/misc/tin_can_to_iron_nugget": {
    "criteria": {
      "has_items": "2024-08-31 11:25:32 +0000"
    },
    "done": true
  },
  "minecraft:story/root": {
    "criteria": {
      "crafting_table": "2024-08-31 12:00:16 +0000"
    },
    "done": true
  },
  "pfm:recipes/pfm.furniture/stone_kitchen_sink": {
    "criteria": {
      "has_planks": "2024-08-31 12:21:05 +0000"
    },
    "done": true
  },
  "pfm:recipes/pfm.furniture/stripped_birch_table_classic": {
    "criteria": {
      "has_planks": "2024-08-31 12:23:26 +0000"
    },
    "done": true
  },
  "pfm:recipes/pfm.furniture/birch_simple_stool": {
    "criteria": {
      "has_planks": "2024-08-31 12:04:50 +0000"
    },
    "done": true
  },
  "trashcans:recipes/decorations/item_trash_can": {
    "criteria": {
      "recipe_condition": "2024-08-31 12:10:37 +0000"
    },
    "done": true
  },
  "pfm:recipes/pfm.furniture/stripped_birch_chair_classic": {
    "criteria": {
      "has_planks": "2024-08-31 12:23:27 +0000"
    },
    "done": true
  },
  "pfm:recipes/pfm.furniture/cherry_biomesoplenty_kitchen_wall_small_drawer": {
    "criteria": {
      "has_planks": "2024-08-31 12:11:59 +0000"
    },
    "done": true
  },
  "mcwbridges:recipes/balustrade_andesite_bridge": {
    "criteria": {
      "has_planks": "2024-08-31 13:07:16 +0000"
    },
    "done": true
  },
  "pfm:grant_book_on_first_join": {
    "criteria": {
      "tick": "2024-08-31 11:25:32 +0000"
    },
    "done": true
  },
  "ironchest:recipes/ironchest/upgrades/iron_to_gold_chest_upgrade": {
    "criteria": {
      "has_iron_ingot": "2024-08-31 11:35:33 +0000"
    },
    "done": true
  },
  "dnl:entity/guardian_ghast/hurt": {
    "criteria": {
      "not_projectile": "2024-08-31 11:29:07 +0000",
      "by_arrow": "2024-08-31 22:36:44 +0000"
    },
    "done": false
  },
  "pfm:recipes/pfm.furniture/stripped_birch_chair": {
    "criteria": {
      "has_planks": "2024-08-31 12:23:27 +0000"
    },
    "done": true
  },
  "pfm:recipes/pfm.furniture/dark_oak_white_simple_bed": {
    "criteria": {
      "has_bed": "2024-08-31 11:49:59 +0000"
    },
    "done": true
  },
  "biomesoplenty:recipes/misc/purple_dye_from_lavender": {
    "criteria": {
      "has_flower": "2024-08-31 11:56:19 +0000"
    },
    "done": true
  },
  "pfm:recipes/pfm.furniture/dark_oak_white_classic_bed": {
    "criteria": {
      "has_bed": "2024-08-31 11:49:59 +0000"
    },
    "done": true
  },
  "mcwbridges:recipes/andesite_bridge_pier": {
    "criteria": {
      "has_planks": "2024-08-31 13:07:16 +0000"
    },
    "done": true
  },
  "pfm:recipes/pfm.furniture/cherry_biomesoplenty_table_dinner": {
    "criteria": {
      "has_planks": "2024-08-31 12:12:04 +0000"
    },
    "done": true
  },
  "aquaculture:recipes/misc/iron_nugget_from_smelting": {
    "criteria": {
      "has_fishing_rod": "2024-08-31 11:25:32 +0000",
      "has_fillet_knife": "2024-08-31 11:25:32 +0000"
    },
    "done": true
  },
  "minecraft:recipes/decorations/blue_carpet_from_white_carpet": {
    "criteria": {
      "has_white_carpet": "2024-08-31 11:39:27 +0000"
    },
    "done": true
  },
  "aquaculture:recipes/decorations/oak_fish_mount": {
    "criteria": {
      "has_items": "2024-08-31 11:25:32 +0000"
    },
    "done": true
  },
  "minecraft:recipes/building_blocks/polished_andesite": {
    "criteria": {
      "has_andesite": "2024-08-31 13:07:16 +0000"
    },
    "done": true
  },
  "aquaculture:recipes/decorations/dark_oak_fish_mount": {
    "criteria": {
      "has_items": "2024-08-31 11:25:32 +0000"
    },
    "done": true
  },
  "pfm:recipes/pfm.furniture/kitchen_stovetop": {
    "criteria": {
      "has_iron_ingot": "2024-08-31 11:35:33 +0000"
    },
    "done": true
  },
  "pfm:recipes/pfm.furniture/birch_simple_bunk_ladder": {
    "criteria": {
      "has_planks": "2024-08-31 12:04:50 +0000"
    },
    "done": true
  },
  "pfm:recipes/pfm.furniture/stone_classic_stool": {
    "criteria": {
      "has_planks": "2024-08-31 13:13:11 +0000"
    },
    "done": true
  },
  "minecraft:recipes/redstone/iron_door": {
    "criteria": {
      "has_iron_ingot": "2024-08-31 11:35:33 +0000"
    },
    "done": true
  },
  "pfm:recipes/pfm.furniture/oak_chair_classic_light_gray": {
    "criteria": {
      "oak_chair_classic_light_gray": "2024-08-31 11:59:42 +0000"
    },
    "done": true
  },
  "mcwbridges:recipes/birch_bridge_pier": {
    "criteria": {
      "has_planks": "2024-08-31 12:04:44 +0000"
    },
    "done": true
  },
  "pfm:recipes/pfm.furniture/stone_kitchen_cabinet": {
    "criteria": {
      "has_planks": "2024-08-31 12:21:05 +0000"
    },
    "done": true
  },
  "minecraft:recipes/decorations/composter": {
    "criteria": {
      "has_wood_slab": "2024-08-31 11:39:30 +0000"
    },
    "done": true
  },
  "minecraft:recipes/misc/copper_ingot_from_smelting_raw_copper": {
    "criteria": {
      "has_raw_copper": "2024-08-31 13:07:21 +0000"
    },
    "done": true
  },
  "pfm:recipes/pfm.furniture/cherry_biomesoplenty_kitchen_cabinet": {
    "criteria": {
      "has_planks": "2024-08-31 12:11:59 +0000"
    },
    "done": true
  },
  "biomesoplenty:recipes/building_blocks/cherry_planks": {
    "criteria": {
      "has_logs": "2024-08-31 12:11:59 +0000"
    },
    "done": true
  },
  "pfm:recipes/pfm.furniture/stone_kitchen_wall_drawer": {
    "criteria": {
      "has_planks": "2024-08-31 12:21:05 +0000"
    },
    "done": true
  },
  "securitycraft:recipes/securitycraft/motion_activated_light": {
    "criteria": {
      "has_stick": "2024-08-31 11:59:42 +0000"
    },
    "done": true
  },
  "pfm:recipes/pfm.furniture/birch_classic_nightstand": {
    "criteria": {
      "has_planks": "2024-08-31 12:04:50 +0000"
    },
    "done": true
  },
  "minecraft:recipes/transportation/jungle_boat": {
    "criteria": {
      "in_water": "2024-08-31 11:28:44 +0000"
    },
    "done": true
  },
  "minecraft:adventure/shoot_arrow": {
    "criteria": {
      "shot_arrow": "2024-08-31 22:36:44 +0000"
    },
    "done": true
  },
  "pfm:recipes/pfm.furniture/cherry_biomesoplenty_kitchen_counter": {
    "criteria": {
      "has_planks": "2024-08-31 12:11:59 +0000"
    },
    "done": true
  },
  "pfm:recipes/pfm.furniture/cherry_biomesoplenty_chair_classic": {
    "criteria": {
      "has_planks": "2024-08-31 12:12:04 +0000"
    },
    "done": true
  },
  "securitycraft:recipes/securitycraft/mine": {
    "criteria": {
      "has_iron": "2024-08-31 11:35:33 +0000"
    },
    "done": true
  },
  "minecraft:recipes/building_blocks/birch_stairs": {
    "criteria": {
      "has_planks": "2024-08-31 12:04:50 +0000"
    },
    "done": true
  },
  "minecraft:recipes/decorations/stone_brick_walls_from_stone_stonecutting": {
    "criteria": {
      "has_stone": "2024-08-31 13:13:11 +0000"
    },
    "done": true
  },
  "ironchest:recipes/ironchest/upgrades/wood_to_iron_chest_upgrade": {
    "criteria": {
      "has_iron_ingot": "2024-08-31 11:35:33 +0000"
    },
    "done": true
  },
  "aquaculture:recipes/aquaculture/iron_hook": {
    "criteria": {
      "has_items": "2024-08-31 11:25:32 +0000"
    },
    "done": true
  },
  "minecraft:recipes/redstone/heavy_weighted_pressure_plate": {
    "criteria": {
      "has_iron_ingot": "2024-08-31 11:35:33 +0000"
    },
    "done": true
  },
  "pfm:recipes/pfm.furniture/birch_kitchen_sink": {
    "criteria": {
      "has_planks": "2024-08-31 12:04:44 +0000"
    },
    "done": true
  },
  "minecraft:recipes/transportation/dark_oak_boat": {
    "criteria": {
      "in_water": "2024-08-31 11:28:44 +0000"
    },
    "done": true
  },
  "minecraft:recipes/transportation/carrot_on_a_stick": {
    "criteria": {
      "has_carrot": "2024-08-31 11:37:27 +0000"
    },
    "done": true
  },
  "minecraft:recipes/decorations/glow_item_frame": {
    "criteria": {
      "has_item_frame": "2024-08-31 11:38:08 +0000"
    },
    "done": true
  },
  "minecraft:recipes/building_blocks/pink_wool": {
    "criteria": {
      "has_white_wool": "2024-08-31 11:54:36 +0000"
    },
    "done": true
  },
  "minecraft:recipes/decorations/andesite_wall_from_andesite_stonecutting": {
    "criteria": {
      "has_andesite": "2024-08-31 13:07:16 +0000"
    },
    "done": true
  },
  "minecraft:recipes/decorations/brown_bed_from_white_bed": {
    "criteria": {
      "has_bed": "2024-08-31 11:49:59 +0000"
    },
    "done": true
  },
  "aquaculture:recipes/decorations/jungle_fish_mount": {
    "criteria": {
      "has_items": "2024-08-31 11:25:32 +0000"
    },
    "done": true
  },
  "minecraft:recipes/building_blocks/polished_granite": {
    "criteria": {
      "has_granite": "2024-08-31 13:08:20 +0000"
    },
    "done": true
  },
  "minecraft:recipes/redstone/birch_trapdoor": {
    "criteria": {
      "has_planks": "2024-08-31 12:04:50 +0000"
    },
    "done": true
  },
  "securitycraft:recipes/securitycraft/briefcase": {
    "criteria": {
      "has_iron": "2024-08-31 11:35:33 +0000"
    },
    "done": true
  },
  "minecraft:recipes/building_blocks/stone_stairs": {
    "criteria": {
      "has_stone": "2024-08-31 13:13:11 +0000"
    },
    "done": true
  },
  "pfm:recipes/pfm.furniture/stripped_birch_kitchen_wall_counter": {
    "criteria": {
      "has_planks": "2024-08-31 12:23:27 +0000"
    },
    "done": true
  },
  "pfm:recipes/pfm.furniture/birch_kitchen_wall_drawer": {
    "criteria": {
      "has_planks": "2024-08-31 12:04:44 +0000"
    },
    "done": true
  },
  "minecraft:recipes/decorations/yellow_carpet_from_white_carpet": {
    "criteria": {
      "has_white_carpet": "2024-08-31 11:39:27 +0000"
    },
    "done": true
  },
  "pfm:recipes/pfm.furniture/crimson_white_classic_bed": {
    "criteria": {
      "has_bed": "2024-08-31 11:49:59 +0000"
    },
    "done": true
  },
  "securitycraft:recipes/securitycraft/reinforced_fence_gate": {
    "criteria": {
      "has_iron": "2024-08-31 11:35:33 +0000"
    },
    "done": true
  },
  "minecraft:recipes/decorations/gray_carpet_from_white_carpet": {
    "criteria": {
      "has_white_carpet": "2024-08-31 11:39:27 +0000"
    },
    "done": true
  },
  "pfm:recipes/pfm.furniture/magic_biomesoplenty_white_simple_bed": {
    "criteria": {
      "has_bed": "2024-08-31 11:49:59 +0000"
    },
    "done": true
  },
  "minecraft:recipes/decorations/soul_campfire": {
    "criteria": {
      "has_stick": "2024-08-31 11:59:42 +0000"
    },
    "done": true
  },
  "minecraft:story/smelt_iron": {
    "criteria": {
      "iron": "2024-08-31 11:35:33 +0000"
    },
    "done": true
  },
  "minecraft:recipes/decorations/pink_carpet_from_white_carpet": {
    "criteria": {
      "has_white_carpet": "2024-08-31 11:39:27 +0000"
    },
    "done": true
  },
  "pfm:recipes/pfm.furniture/fir_biomesoplenty_white_classic_bed": {
    "criteria": {
      "has_bed": "2024-08-31 11:49:59 +0000"
    },
    "done": true
  },
  "pfm:recipes/pfm.furniture/mangrove_white_simple_bed": {
    "criteria": {
      "has_bed": "2024-08-31 11:49:59 +0000"
    },
    "done": true
  },
  "minecraft:recipes/decorations/light_gray_bed_from_white_bed": {
    "criteria": {
      "has_bed": "2024-08-31 11:49:59 +0000"
    },
    "done": true
  },
  "mcwbridges:recipes/bridge_lantern": {
    "criteria": {
      "has_planks": "2024-08-31 13:09:56 +0000"
    },
    "done": true
  },
  "mcwbridges:recipes/balustrade_granite_bridge": {
    "criteria": {
      "has_planks": "2024-08-31 13:08:20 +0000"
    },
    "done": true
  },
  "DataVersion": 3120
}